ISO-10303-21;
HEADER;
/* Generated by software containing ST-Developer
 * from STEP Tools, Inc. (www.steptools.com) 
 */

FILE_DESCRIPTION(
/* description */ (''),
/* implementation_level */ '2;1');

FILE_NAME(
/* name */ 'EduBot_Ensamble.step',
/* time_stamp */ '2026-09-18T19:20:03-05:00',
/* author */ (''),
/* organization */ (''),
/* preprocessor_version */ 'ST-DEVELOPER v20.2',
/* originating_system */ 'Autodesk Translation Framework v15.15.0.0',
/* authorisation */ '');

FILE_SCHEMA (('AUTOMOTIVE_DESIGN { 1 0 10303 214 3 1 1 }'));
ENDSEC;

DATA;
#10=MECHANICAL_DESIGN_GEOMETRIC_PRESENTATION_REPRESENTATION('',(#164,#165,
#166,#167,#168,#169,#170,#171,#172,#173,#174,#175,#176,#177,#178,#179,#180,
#181,#182,#183,#184,#185,#186,#187,#188,#189,#190,#191,#192,#193,#194,#195,
#196,#197,#198,#199),#9776);
#11=CONTEXT_DEPENDENT_OVER_RIDING_STYLED_ITEM('',(#9904),#9838,#199,(#54));
#12=CONTEXT_DEPENDENT_OVER_RIDING_STYLED_ITEM('',(#9905),#9844,#199,(#64));
#13=MAPPED_ITEM('',#14,#6429);
#14=REPRESENTATION_MAP(#6429,#9833);
#15=ITEM_DEFINED_TRANSFORMATION($,$,#5846,#6403);
#16=ITEM_DEFINED_TRANSFORMATION($,$,#5919,#6404);
#17=ITEM_DEFINED_TRANSFORMATION($,$,#5919,#6405);
#18=ITEM_DEFINED_TRANSFORMATION($,$,#5955,#6406);
#19=ITEM_DEFINED_TRANSFORMATION($,$,#5955,#6407);
#20=ITEM_DEFINED_TRANSFORMATION($,$,#6186,#6408);
#21=ITEM_DEFINED_TRANSFORMATION($,$,#6186,#6409);
#22=ITEM_DEFINED_TRANSFORMATION($,$,#6186,#6410);
#23=ITEM_DEFINED_TRANSFORMATION($,$,#6186,#6411);
#24=ITEM_DEFINED_TRANSFORMATION($,$,#6186,#6412);
#25=ITEM_DEFINED_TRANSFORMATION($,$,#6186,#6413);
#26=ITEM_DEFINED_TRANSFORMATION($,$,#6186,#6414);
#27=ITEM_DEFINED_TRANSFORMATION($,$,#6186,#6415);
#28=ITEM_DEFINED_TRANSFORMATION($,$,#6209,#6416);
#29=ITEM_DEFINED_TRANSFORMATION($,$,#6251,#6417);
#30=ITEM_DEFINED_TRANSFORMATION($,$,#6216,#6418);
#31=ITEM_DEFINED_TRANSFORMATION($,$,#6223,#6419);
#32=ITEM_DEFINED_TRANSFORMATION($,$,#6229,#6420);
#33=ITEM_DEFINED_TRANSFORMATION($,$,#6236,#6421);
#34=ITEM_DEFINED_TRANSFORMATION($,$,#6236,#6422);
#35=ITEM_DEFINED_TRANSFORMATION($,$,#6236,#6423);
#36=ITEM_DEFINED_TRANSFORMATION($,$,#6236,#6424);
#37=ITEM_DEFINED_TRANSFORMATION($,$,#6251,#6425);
#38=ITEM_DEFINED_TRANSFORMATION($,$,#6282,#6426);
#39=ITEM_DEFINED_TRANSFORMATION($,$,#6370,#6427);
#40=ITEM_DEFINED_TRANSFORMATION($,$,#6370,#6428);
#41=(
REPRESENTATION_RELATIONSHIP($,$,#9834,#9833)
REPRESENTATION_RELATIONSHIP_WITH_TRANSFORMATION(#15)
SHAPE_REPRESENTATION_RELATIONSHIP()
);
#42=(
REPRESENTATION_RELATIONSHIP($,$,#9835,#9833)
REPRESENTATION_RELATIONSHIP_WITH_TRANSFORMATION(#16)
SHAPE_REPRESENTATION_RELATIONSHIP()
);
#43=(
REPRESENTATION_RELATIONSHIP($,$,#9835,#9833)
REPRESENTATION_RELATIONSHIP_WITH_TRANSFORMATION(#17)
SHAPE_REPRESENTATION_RELATIONSHIP()
);
#44=(
REPRESENTATION_RELATIONSHIP($,$,#9836,#9833)
REPRESENTATION_RELATIONSHIP_WITH_TRANSFORMATION(#18)
SHAPE_REPRESENTATION_RELATIONSHIP()
);
#45=(
REPRESENTATION_RELATIONSHIP($,$,#9836,#9833)
REPRESENTATION_RELATIONSHIP_WITH_TRANSFORMATION(#19)
SHAPE_REPRESENTATION_RELATIONSHIP()
);
#46=(
REPRESENTATION_RELATIONSHIP($,$,#9837,#9833)
REPRESENTATION_RELATIONSHIP_WITH_TRANSFORMATION(#20)
SHAPE_REPRESENTATION_RELATIONSHIP()
);
#47=(
REPRESENTATION_RELATIONSHIP($,$,#9837,#9833)
REPRESENTATION_RELATIONSHIP_WITH_TRANSFORMATION(#21)
SHAPE_REPRESENTATION_RELATIONSHIP()
);
#48=(
REPRESENTATION_RELATIONSHIP($,$,#9837,#9833)
REPRESENTATION_RELATIONSHIP_WITH_TRANSFORMATION(#22)
SHAPE_REPRESENTATION_RELATIONSHIP()
);
#49=(
REPRESENTATION_RELATIONSHIP($,$,#9837,#9833)
REPRESENTATION_RELATIONSHIP_WITH_TRANSFORMATION(#23)
SHAPE_REPRESENTATION_RELATIONSHIP()
);
#50=(
REPRESENTATION_RELATIONSHIP($,$,#9837,#9833)
REPRESENTATION_RELATIONSHIP_WITH_TRANSFORMATION(#24)
SHAPE_REPRESENTATION_RELATIONSHIP()
);
#51=(
REPRESENTATION_RELATIONSHIP($,$,#9837,#9833)
REPRESENTATION_RELATIONSHIP_WITH_TRANSFORMATION(#25)
SHAPE_REPRESENTATION_RELATIONSHIP()
);
#52=(
REPRESENTATION_RELATIONSHIP($,$,#9837,#9833)
REPRESENTATION_RELATIONSHIP_WITH_TRANSFORMATION(#26)
SHAPE_REPRESENTATION_RELATIONSHIP()
);
#53=(
REPRESENTATION_RELATIONSHIP($,$,#9837,#9833)
REPRESENTATION_RELATIONSHIP_WITH_TRANSFORMATION(#27)
SHAPE_REPRESENTATION_RELATIONSHIP()
);
#54=(
REPRESENTATION_RELATIONSHIP($,$,#9838,#9833)
REPRESENTATION_RELATIONSHIP_WITH_TRANSFORMATION(#28)
SHAPE_REPRESENTATION_RELATIONSHIP()
);
#55=(
REPRESENTATION_RELATIONSHIP($,$,#9843,#9833)
REPRESENTATION_RELATIONSHIP_WITH_TRANSFORMATION(#29)
SHAPE_REPRESENTATION_RELATIONSHIP()
);
#56=(
REPRESENTATION_RELATIONSHIP($,$,#9839,#9833)
REPRESENTATION_RELATIONSHIP_WITH_TRANSFORMATION(#30)
SHAPE_REPRESENTATION_RELATIONSHIP()
);
#57=(
REPRESENTATION_RELATIONSHIP($,$,#9840,#9833)
REPRESENTATION_RELATIONSHIP_WITH_TRANSFORMATION(#31)
SHAPE_REPRESENTATION_RELATIONSHIP()
);
#58=(
REPRESENTATION_RELATIONSHIP($,$,#9841,#9833)
REPRESENTATION_RELATIONSHIP_WITH_TRANSFORMATION(#32)
SHAPE_REPRESENTATION_RELATIONSHIP()
);
#59=(
REPRESENTATION_RELATIONSHIP($,$,#9842,#9833)
REPRESENTATION_RELATIONSHIP_WITH_TRANSFORMATION(#33)
SHAPE_REPRESENTATION_RELATIONSHIP()
);
#60=(
REPRESENTATION_RELATIONSHIP($,$,#9842,#9833)
REPRESENTATION_RELATIONSHIP_WITH_TRANSFORMATION(#34)
SHAPE_REPRESENTATION_RELATIONSHIP()
);
#61=(
REPRESENTATION_RELATIONSHIP($,$,#9842,#9833)
REPRESENTATION_RELATIONSHIP_WITH_TRANSFORMATION(#35)
SHAPE_REPRESENTATION_RELATIONSHIP()
);
#62=(
REPRESENTATION_RELATIONSHIP($,$,#9842,#9833)
REPRESENTATION_RELATIONSHIP_WITH_TRANSFORMATION(#36)
SHAPE_REPRESENTATION_RELATIONSHIP()
);
#63=(
REPRESENTATION_RELATIONSHIP($,$,#9843,#9833)
REPRESENTATION_RELATIONSHIP_WITH_TRANSFORMATION(#37)
SHAPE_REPRESENTATION_RELATIONSHIP()
);
#64=(
REPRESENTATION_RELATIONSHIP($,$,#9844,#9833)
REPRESENTATION_RELATIONSHIP_WITH_TRANSFORMATION(#38)
SHAPE_REPRESENTATION_RELATIONSHIP()
);
#65=(
REPRESENTATION_RELATIONSHIP($,$,#9845,#9833)
REPRESENTATION_RELATIONSHIP_WITH_TRANSFORMATION(#39)
SHAPE_REPRESENTATION_RELATIONSHIP()
);
#66=(
REPRESENTATION_RELATIONSHIP($,$,#9845,#9833)
REPRESENTATION_RELATIONSHIP_WITH_TRANSFORMATION(#40)
SHAPE_REPRESENTATION_RELATIONSHIP()
);
#67=CONTEXT_DEPENDENT_SHAPE_REPRESENTATION(#41,#9807);
#68=CONTEXT_DEPENDENT_SHAPE_REPRESENTATION(#42,#9808);
#69=CONTEXT_DEPENDENT_SHAPE_REPRESENTATION(#43,#9809);
#70=CONTEXT_DEPENDENT_SHAPE_REPRESENTATION(#44,#9810);
#71=CONTEXT_DEPENDENT_SHAPE_REPRESENTATION(#45,#9811);
#72=CONTEXT_DEPENDENT_SHAPE_REPRESENTATION(#46,#9812);
#73=CONTEXT_DEPENDENT_SHAPE_REPRESENTATION(#47,#9813);
#74=CONTEXT_DEPENDENT_SHAPE_REPRESENTATION(#48,#9814);
#75=CONTEXT_DEPENDENT_SHAPE_REPRESENTATION(#49,#9815);
#76=CONTEXT_DEPENDENT_SHAPE_REPRESENTATION(#50,#9816);
#77=CONTEXT_DEPENDENT_SHAPE_REPRESENTATION(#51,#9817);
#78=CONTEXT_DEPENDENT_SHAPE_REPRESENTATION(#52,#9818);
#79=CONTEXT_DEPENDENT_SHAPE_REPRESENTATION(#53,#9819);
#80=CONTEXT_DEPENDENT_SHAPE_REPRESENTATION(#54,#9820);
#81=CONTEXT_DEPENDENT_SHAPE_REPRESENTATION(#55,#9821);
#82=CONTEXT_DEPENDENT_SHAPE_REPRESENTATION(#56,#9822);
#83=CONTEXT_DEPENDENT_SHAPE_REPRESENTATION(#57,#9823);
#84=CONTEXT_DEPENDENT_SHAPE_REPRESENTATION(#58,#9824);
#85=CONTEXT_DEPENDENT_SHAPE_REPRESENTATION(#59,#9825);
#86=CONTEXT_DEPENDENT_SHAPE_REPRESENTATION(#60,#9826);
#87=CONTEXT_DEPENDENT_SHAPE_REPRESENTATION(#61,#9827);
#88=CONTEXT_DEPENDENT_SHAPE_REPRESENTATION(#62,#9828);
#89=CONTEXT_DEPENDENT_SHAPE_REPRESENTATION(#63,#9829);
#90=CONTEXT_DEPENDENT_SHAPE_REPRESENTATION(#64,#9830);
#91=CONTEXT_DEPENDENT_SHAPE_REPRESENTATION(#65,#9831);
#92=CONTEXT_DEPENDENT_SHAPE_REPRESENTATION(#66,#9832);
#93=NEXT_ASSEMBLY_USAGE_OCCURRENCE('Base:1','Base:1','Base:1',#9847,#9848,
'Base:1');
#94=NEXT_ASSEMBLY_USAGE_OCCURRENCE('Motor:1','Motor:1','Motor:1',#9847,
#9849,'Motor:1');
#95=NEXT_ASSEMBLY_USAGE_OCCURRENCE('Motor:2','Motor:2','Motor:2',#9847,
#9849,'Motor:2');
#96=NEXT_ASSEMBLY_USAGE_OCCURRENCE('Dentada:1','Dentada:1','Dentada:1',
#9847,#9850,'Dentada:1');
#97=NEXT_ASSEMBLY_USAGE_OCCURRENCE('Dentada:2','Dentada:2','Dentada:2',
#9847,#9850,'Dentada:2');
#98=NEXT_ASSEMBLY_USAGE_OCCURRENCE('Rueda:1','Rueda:1','Rueda:1',#9847,
#9851,'Rueda:1');
#99=NEXT_ASSEMBLY_USAGE_OCCURRENCE('Rueda:2','Rueda:2','Rueda:2',#9847,
#9851,'Rueda:2');
#100=NEXT_ASSEMBLY_USAGE_OCCURRENCE('Rueda:3','Rueda:3','Rueda:3',#9847,
#9851,'Rueda:3');
#101=NEXT_ASSEMBLY_USAGE_OCCURRENCE('Rueda:4','Rueda:4','Rueda:4',#9847,
#9851,'Rueda:4');
#102=NEXT_ASSEMBLY_USAGE_OCCURRENCE('Rueda:5','Rueda:5','Rueda:5',#9847,
#9851,'Rueda:5');
#103=NEXT_ASSEMBLY_USAGE_OCCURRENCE('Rueda:6','Rueda:6','Rueda:6',#9847,
#9851,'Rueda:6');
#104=NEXT_ASSEMBLY_USAGE_OCCURRENCE('Rueda:7','Rueda:7','Rueda:7',#9847,
#9851,'Rueda:7');
#105=NEXT_ASSEMBLY_USAGE_OCCURRENCE('Rueda:8','Rueda:8','Rueda:8',#9847,
#9851,'Rueda:8');
#106=NEXT_ASSEMBLY_USAGE_OCCURRENCE('Bloques:1','Bloques:1','Bloques:1',
#9847,#9852,'Bloques:1');
#107=NEXT_ASSEMBLY_USAGE_OCCURRENCE('Lamina:1','Lamina:1','Lamina:1',#9847,
#9857,'Lamina:1');
#108=NEXT_ASSEMBLY_USAGE_OCCURRENCE('Bateria1:1','Bateria1:1',
'Bateria1:1',#9847,#9853,'Bateria1:1');
#109=NEXT_ASSEMBLY_USAGE_OCCURRENCE('Inversor:1','Inversor:1',
'Inversor:1',#9847,#9854,'Inversor:1');
#110=NEXT_ASSEMBLY_USAGE_OCCURRENCE('Raspberry:1','Raspberry:1',
'Raspberry:1',#9847,#9855,'Raspberry:1');
#111=NEXT_ASSEMBLY_USAGE_OCCURRENCE('Columna:1','Columna:1','Columna:1',
#9847,#9856,'Columna:1');
#112=NEXT_ASSEMBLY_USAGE_OCCURRENCE('Columna:2','Columna:2','Columna:2',
#9847,#9856,'Columna:2');
#113=NEXT_ASSEMBLY_USAGE_OCCURRENCE('Columna:3','Columna:3','Columna:3',
#9847,#9856,'Columna:3');
#114=NEXT_ASSEMBLY_USAGE_OCCURRENCE('Columna:4','Columna:4','Columna:4',
#9847,#9856,'Columna:4');
#115=NEXT_ASSEMBLY_USAGE_OCCURRENCE('Lamina:2','Lamina:2','Lamina:2',#9847,
#9857,'Lamina:2');
#116=NEXT_ASSEMBLY_USAGE_OCCURRENCE('YLIDAR:1','YLIDAR:1','YLIDAR:1',#9847,
#9858,'YLIDAR:1');
#117=NEXT_ASSEMBLY_USAGE_OCCURRENCE('oruga:1','oruga:1','oruga:1',#9847,
#9859,'oruga:1');
#118=NEXT_ASSEMBLY_USAGE_OCCURRENCE('oruga:2','oruga:2','oruga:2',#9847,
#9859,'oruga:2');
#119=SHAPE_REPRESENTATION_RELATIONSHIP('SRR','None',#9834,#131);
#120=SHAPE_REPRESENTATION_RELATIONSHIP('SRR','None',#9835,#132);
#121=SHAPE_REPRESENTATION_RELATIONSHIP('SRR','None',#9836,#133);
#122=SHAPE_REPRESENTATION_RELATIONSHIP('SRR','None',#9837,#134);
#123=SHAPE_REPRESENTATION_RELATIONSHIP('SRR','None',#9838,#135);
#124=SHAPE_REPRESENTATION_RELATIONSHIP('SRR','None',#9839,#136);
#125=SHAPE_REPRESENTATION_RELATIONSHIP('SRR','None',#9840,#137);
#126=SHAPE_REPRESENTATION_RELATIONSHIP('SRR','None',#9841,#138);
#127=SHAPE_REPRESENTATION_RELATIONSHIP('SRR','None',#9842,#139);
#128=SHAPE_REPRESENTATION_RELATIONSHIP('SRR','None',#9843,#140);
#129=SHAPE_REPRESENTATION_RELATIONSHIP('SRR','None',#9844,#141);
#130=SHAPE_REPRESENTATION_RELATIONSHIP('SRR','None',#9845,#142);
#131=ADVANCED_BREP_SHAPE_REPRESENTATION('',(#143),#9764);
#132=ADVANCED_BREP_SHAPE_REPRESENTATION('',(#144,#145),#9765);
#133=ADVANCED_BREP_SHAPE_REPRESENTATION('',(#146),#9766);
#134=ADVANCED_BREP_SHAPE_REPRESENTATION('',(#147,#148,#149),#9767);
#135=ADVANCED_BREP_SHAPE_REPRESENTATION('',(#150),#9768);
#136=ADVANCED_BREP_SHAPE_REPRESENTATION('',(#151),#9769);
#137=ADVANCED_BREP_SHAPE_REPRESENTATION('',(#152),#9770);
#138=ADVANCED_BREP_SHAPE_REPRESENTATION('',(#153),#9771);
#139=ADVANCED_BREP_SHAPE_REPRESENTATION('',(#154,#155),#9772);
#140=ADVANCED_BREP_SHAPE_REPRESENTATION('',(#156),#9773);
#141=ADVANCED_BREP_SHAPE_REPRESENTATION('',(#157,#158,#159,#160,#161,#162),
#9774);
#142=ADVANCED_BREP_SHAPE_REPRESENTATION('',(#163),#9775);
#143=MANIFOLD_SOLID_BREP('Cuerpo1',#5691);
#144=MANIFOLD_SOLID_BREP('Cuerpo1',#5692);
#145=MANIFOLD_SOLID_BREP('Cuerpo2',#5693);
#146=MANIFOLD_SOLID_BREP('Cuerpo1',#5694);
#147=MANIFOLD_SOLID_BREP('Cuerpo1',#5695);
#148=MANIFOLD_SOLID_BREP('Cuerpo2',#5696);
#149=MANIFOLD_SOLID_BREP('Cuerpo2',#5697);
#150=MANIFOLD_SOLID_BREP('Cuerpo1',#5698);
#151=MANIFOLD_SOLID_BREP('Cuerpo1',#5699);
#152=MANIFOLD_SOLID_BREP('Cuerpo1',#5700);
#153=MANIFOLD_SOLID_BREP('Cuerpo1',#5701);
#154=MANIFOLD_SOLID_BREP('Cuerpo1',#5702);
#155=MANIFOLD_SOLID_BREP('Cuerpo2',#5703);
#156=MANIFOLD_SOLID_BREP('Cuerpo1',#5704);
#157=MANIFOLD_SOLID_BREP('Cuerpo1',#5705);
#158=MANIFOLD_SOLID_BREP('Cuerpo2',#5706);
#159=MANIFOLD_SOLID_BREP('Cuerpo3',#5707);
#160=MANIFOLD_SOLID_BREP('Cuerpo4',#5708);
#161=MANIFOLD_SOLID_BREP('Cuerpo5',#5709);
#162=MANIFOLD_SOLID_BREP('Cuerpo6',#5710);
#163=MANIFOLD_SOLID_BREP('Cuerpo2',#5711);
#164=STYLED_ITEM('',(#9907),#5397);
#165=STYLED_ITEM('',(#9907),#5399);
#166=STYLED_ITEM('',(#9907),#5401);
#167=STYLED_ITEM('',(#9907),#5403);
#168=STYLED_ITEM('',(#9906),#143);
#169=STYLED_ITEM('',(#9903),#144);
#170=STYLED_ITEM('',(#9903),#145);
#171=STYLED_ITEM('',(#9908),#146);
#172=STYLED_ITEM('',(#9905),#147);
#173=STYLED_ITEM('',(#9903),#148);
#174=STYLED_ITEM('',(#9903),#149);
#175=STYLED_ITEM('',(#9904),#150);
#176=STYLED_ITEM('',(#9909),#151);
#177=STYLED_ITEM('',(#9910),#152);
#178=STYLED_ITEM('',(#9911),#153);
#179=STYLED_ITEM('',(#9910),#5610);
#180=STYLED_ITEM('',(#9903),#154);
#181=STYLED_ITEM('',(#9903),#155);
#182=STYLED_ITEM('',(#9912),#5629);
#183=STYLED_ITEM('',(#9903),#156);
#184=STYLED_ITEM('',(#9913),#5630);
#185=STYLED_ITEM('',(#9913),#5631);
#186=STYLED_ITEM('',(#9914),#5634);
#187=STYLED_ITEM('',(#9905),#157);
#188=STYLED_ITEM('',(#9902),#158);
#189=STYLED_ITEM('',(#9914),#5663);
#190=STYLED_ITEM('',(#9905),#159);
#191=STYLED_ITEM('',(#9914),#5666);
#192=STYLED_ITEM('',(#9905),#160);
#193=STYLED_ITEM('',(#9914),#5669);
#194=STYLED_ITEM('',(#9905),#161);
#195=STYLED_ITEM('',(#9914),#5672);
#196=STYLED_ITEM('',(#9914),#5673);
#197=STYLED_ITEM('',(#9905),#162);
#198=STYLED_ITEM('',(#9915),#163);
#199=STYLED_ITEM('',(#9916),#13);
#200=FACE_BOUND('',#813,.T.);
#201=FACE_BOUND('',#814,.T.);
#202=FACE_BOUND('',#815,.T.);
#203=FACE_BOUND('',#816,.T.);
#204=FACE_BOUND('',#820,.T.);
#205=FACE_BOUND('',#821,.T.);
#206=FACE_BOUND('',#822,.T.);
#207=FACE_BOUND('',#823,.T.);
#208=FACE_BOUND('',#826,.T.);
#209=FACE_BOUND('',#829,.T.);
#210=FACE_BOUND('',#832,.T.);
#211=FACE_BOUND('',#835,.T.);
#212=FACE_BOUND('',#837,.T.);
#213=FACE_BOUND('',#838,.T.);
#214=FACE_BOUND('',#839,.T.);
#215=FACE_BOUND('',#840,.T.);
#216=FACE_BOUND('',#843,.T.);
#217=FACE_BOUND('',#844,.T.);
#218=FACE_BOUND('',#845,.T.);
#219=FACE_BOUND('',#846,.T.);
#220=FACE_BOUND('',#849,.T.);
#221=FACE_BOUND('',#850,.T.);
#222=FACE_BOUND('',#851,.T.);
#223=FACE_BOUND('',#852,.T.);
#224=FACE_BOUND('',#866,.T.);
#225=FACE_BOUND('',#869,.T.);
#226=FACE_BOUND('',#871,.T.);
#227=FACE_BOUND('',#872,.T.);
#228=FACE_BOUND('',#873,.T.);
#229=FACE_BOUND('',#882,.T.);
#230=FACE_BOUND('',#884,.T.);
#231=FACE_BOUND('',#1000,.T.);
#232=FACE_BOUND('',#1001,.T.);
#233=FACE_BOUND('',#1002,.T.);
#234=FACE_BOUND('',#1003,.T.);
#235=FACE_BOUND('',#1004,.T.);
#236=FACE_BOUND('',#1005,.T.);
#237=FACE_BOUND('',#1006,.T.);
#238=FACE_BOUND('',#1007,.T.);
#239=FACE_BOUND('',#1008,.T.);
#240=FACE_BOUND('',#1009,.T.);
#241=FACE_BOUND('',#1010,.T.);
#242=FACE_BOUND('',#1036,.T.);
#243=FACE_BOUND('',#1037,.T.);
#244=FACE_BOUND('',#1038,.T.);
#245=FACE_BOUND('',#1039,.T.);
#246=FACE_BOUND('',#1040,.T.);
#247=FACE_BOUND('',#1041,.T.);
#248=FACE_BOUND('',#1042,.T.);
#249=FACE_BOUND('',#1043,.T.);
#250=FACE_BOUND('',#1044,.T.);
#251=FACE_BOUND('',#1045,.T.);
#252=FACE_BOUND('',#1049,.T.);
#253=FACE_BOUND('',#1051,.T.);
#254=FACE_BOUND('',#1056,.T.);
#255=FACE_BOUND('',#1086,.T.);
#256=FACE_BOUND('',#1098,.T.);
#257=FACE_BOUND('',#1099,.T.);
#258=FACE_BOUND('',#1100,.T.);
#259=FACE_BOUND('',#1101,.T.);
#260=FACE_BOUND('',#1109,.T.);
#261=FACE_BOUND('',#1110,.T.);
#262=FACE_BOUND('',#1111,.T.);
#263=FACE_BOUND('',#1112,.T.);
#264=FACE_BOUND('',#1142,.T.);
#265=FACE_BOUND('',#1143,.T.);
#266=FACE_BOUND('',#1144,.T.);
#267=FACE_BOUND('',#1145,.T.);
#268=FACE_BOUND('',#1146,.T.);
#269=FACE_BOUND('',#1147,.T.);
#270=FACE_BOUND('',#1148,.T.);
#271=FACE_BOUND('',#1149,.T.);
#272=FACE_BOUND('',#1151,.T.);
#273=FACE_BOUND('',#1152,.T.);
#274=FACE_BOUND('',#1153,.T.);
#275=FACE_BOUND('',#1154,.T.);
#276=FACE_BOUND('',#1155,.T.);
#277=FACE_BOUND('',#1156,.T.);
#278=FACE_BOUND('',#1175,.T.);
#279=FACE_BOUND('',#1189,.T.);
#280=PLANE('',#5850);
#281=PLANE('',#5854);
#282=PLANE('',#5858);
#283=PLANE('',#5862);
#284=PLANE('',#5890);
#285=PLANE('',#5891);
#286=PLANE('',#5895);
#287=PLANE('',#5899);
#288=PLANE('',#5903);
#289=PLANE('',#5907);
#290=PLANE('',#5911);
#291=PLANE('',#5912);
#292=PLANE('',#5913);
#293=PLANE('',#5914);
#294=PLANE('',#5915);
#295=PLANE('',#5916);
#296=PLANE('',#5917);
#297=PLANE('',#5918);
#298=PLANE('',#5920);
#299=PLANE('',#5921);
#300=PLANE('',#5922);
#301=PLANE('',#5923);
#302=PLANE('',#5924);
#303=PLANE('',#5928);
#304=PLANE('',#5932);
#305=PLANE('',#5936);
#306=PLANE('',#5940);
#307=PLANE('',#5941);
#308=PLANE('',#5942);
#309=PLANE('',#5943);
#310=PLANE('',#5944);
#311=PLANE('',#5945);
#312=PLANE('',#5946);
#313=PLANE('',#5953);
#314=PLANE('',#5954);
#315=PLANE('',#5959);
#316=PLANE('',#5963);
#317=PLANE('',#5967);
#318=PLANE('',#5971);
#319=PLANE('',#5975);
#320=PLANE('',#5979);
#321=PLANE('',#5983);
#322=PLANE('',#5987);
#323=PLANE('',#5991);
#324=PLANE('',#5995);
#325=PLANE('',#5999);
#326=PLANE('',#6003);
#327=PLANE('',#6007);
#328=PLANE('',#6008);
#329=PLANE('',#6012);
#330=PLANE('',#6019);
#331=PLANE('',#6023);
#332=PLANE('',#6027);
#333=PLANE('',#6031);
#334=PLANE('',#6035);
#335=PLANE('',#6039);
#336=PLANE('',#6040);
#337=PLANE('',#6041);
#338=PLANE('',#6042);
#339=PLANE('',#6043);
#340=PLANE('',#6044);
#341=PLANE('',#6045);
#342=PLANE('',#6046);
#343=PLANE('',#6047);
#344=PLANE('',#6048);
#345=PLANE('',#6049);
#346=PLANE('',#6050);
#347=PLANE('',#6051);
#348=PLANE('',#6052);
#349=PLANE('',#6053);
#350=PLANE('',#6054);
#351=PLANE('',#6055);
#352=PLANE('',#6056);
#353=PLANE('',#6057);
#354=PLANE('',#6058);
#355=PLANE('',#6059);
#356=PLANE('',#6060);
#357=PLANE('',#6061);
#358=PLANE('',#6062);
#359=PLANE('',#6063);
#360=PLANE('',#6064);
#361=PLANE('',#6065);
#362=PLANE('',#6066);
#363=PLANE('',#6067);
#364=PLANE('',#6068);
#365=PLANE('',#6069);
#366=PLANE('',#6070);
#367=PLANE('',#6071);
#368=PLANE('',#6072);
#369=PLANE('',#6073);
#370=PLANE('',#6074);
#371=PLANE('',#6075);
#372=PLANE('',#6076);
#373=PLANE('',#6077);
#374=PLANE('',#6078);
#375=PLANE('',#6079);
#376=PLANE('',#6080);
#377=PLANE('',#6081);
#378=PLANE('',#6082);
#379=PLANE('',#6083);
#380=PLANE('',#6084);
#381=PLANE('',#6085);
#382=PLANE('',#6086);
#383=PLANE('',#6087);
#384=PLANE('',#6088);
#385=PLANE('',#6089);
#386=PLANE('',#6090);
#387=PLANE('',#6091);
#388=PLANE('',#6092);
#389=PLANE('',#6093);
#390=PLANE('',#6094);
#391=PLANE('',#6095);
#392=PLANE('',#6096);
#393=PLANE('',#6097);
#394=PLANE('',#6098);
#395=PLANE('',#6099);
#396=PLANE('',#6100);
#397=PLANE('',#6101);
#398=PLANE('',#6102);
#399=PLANE('',#6103);
#400=PLANE('',#6104);
#401=PLANE('',#6105);
#402=PLANE('',#6106);
#403=PLANE('',#6107);
#404=PLANE('',#6108);
#405=PLANE('',#6109);
#406=PLANE('',#6110);
#407=PLANE('',#6111);
#408=PLANE('',#6112);
#409=PLANE('',#6185);
#410=PLANE('',#6193);
#411=PLANE('',#6194);
#412=PLANE('',#6198);
#413=PLANE('',#6199);
#414=PLANE('',#6200);
#415=PLANE('',#6203);
#416=PLANE('',#6206);
#417=PLANE('',#6210);
#418=PLANE('',#6211);
#419=PLANE('',#6212);
#420=PLANE('',#6213);
#421=PLANE('',#6214);
#422=PLANE('',#6215);
#423=PLANE('',#6217);
#424=PLANE('',#6218);
#425=PLANE('',#6219);
#426=PLANE('',#6220);
#427=PLANE('',#6221);
#428=PLANE('',#6222);
#429=PLANE('',#6227);
#430=PLANE('',#6228);
#431=PLANE('',#6230);
#432=PLANE('',#6231);
#433=PLANE('',#6232);
#434=PLANE('',#6233);
#435=PLANE('',#6234);
#436=PLANE('',#6235);
#437=PLANE('',#6240);
#438=PLANE('',#6244);
#439=PLANE('',#6245);
#440=PLANE('',#6249);
#441=PLANE('',#6250);
#442=PLANE('',#6267);
#443=PLANE('',#6268);
#444=PLANE('',#6274);
#445=PLANE('',#6279);
#446=PLANE('',#6280);
#447=PLANE('',#6281);
#448=PLANE('',#6286);
#449=PLANE('',#6287);
#450=PLANE('',#6289);
#451=PLANE('',#6294);
#452=PLANE('',#6298);
#453=PLANE('',#6302);
#454=PLANE('',#6315);
#455=PLANE('',#6319);
#456=PLANE('',#6336);
#457=PLANE('',#6337);
#458=PLANE('',#6338);
#459=PLANE('',#6339);
#460=PLANE('',#6343);
#461=PLANE('',#6344);
#462=PLANE('',#6348);
#463=PLANE('',#6349);
#464=PLANE('',#6353);
#465=PLANE('',#6354);
#466=PLANE('',#6358);
#467=PLANE('',#6359);
#468=PLANE('',#6363);
#469=PLANE('',#6364);
#470=PLANE('',#6368);
#471=PLANE('',#6369);
#472=PLANE('',#6377);
#473=PLANE('',#6388);
#474=PLANE('',#6391);
#475=PLANE('',#6394);
#476=PLANE('',#6397);
#477=PLANE('',#6398);
#478=PLANE('',#6401);
#479=PLANE('',#6402);
#480=FACE_OUTER_BOUND('',#795,.T.);
#481=FACE_OUTER_BOUND('',#796,.T.);
#482=FACE_OUTER_BOUND('',#797,.T.);
#483=FACE_OUTER_BOUND('',#798,.T.);
#484=FACE_OUTER_BOUND('',#799,.T.);
#485=FACE_OUTER_BOUND('',#800,.T.);
#486=FACE_OUTER_BOUND('',#801,.T.);
#487=FACE_OUTER_BOUND('',#802,.T.);
#488=FACE_OUTER_BOUND('',#803,.T.);
#489=FACE_OUTER_BOUND('',#804,.T.);
#490=FACE_OUTER_BOUND('',#805,.T.);
#491=FACE_OUTER_BOUND('',#806,.T.);
#492=FACE_OUTER_BOUND('',#807,.T.);
#493=FACE_OUTER_BOUND('',#808,.T.);
#494=FACE_OUTER_BOUND('',#809,.T.);
#495=FACE_OUTER_BOUND('',#810,.T.);
#496=FACE_OUTER_BOUND('',#811,.T.);
#497=FACE_OUTER_BOUND('',#812,.T.);
#498=FACE_OUTER_BOUND('',#817,.T.);
#499=FACE_OUTER_BOUND('',#818,.T.);
#500=FACE_OUTER_BOUND('',#819,.T.);
#501=FACE_OUTER_BOUND('',#824,.T.);
#502=FACE_OUTER_BOUND('',#825,.T.);
#503=FACE_OUTER_BOUND('',#827,.T.);
#504=FACE_OUTER_BOUND('',#828,.T.);
#505=FACE_OUTER_BOUND('',#830,.T.);
#506=FACE_OUTER_BOUND('',#831,.T.);
#507=FACE_OUTER_BOUND('',#833,.T.);
#508=FACE_OUTER_BOUND('',#834,.T.);
#509=FACE_OUTER_BOUND('',#836,.T.);
#510=FACE_OUTER_BOUND('',#841,.T.);
#511=FACE_OUTER_BOUND('',#842,.T.);
#512=FACE_OUTER_BOUND('',#847,.T.);
#513=FACE_OUTER_BOUND('',#848,.T.);
#514=FACE_OUTER_BOUND('',#853,.T.);
#515=FACE_OUTER_BOUND('',#854,.T.);
#516=FACE_OUTER_BOUND('',#855,.T.);
#517=FACE_OUTER_BOUND('',#856,.T.);
#518=FACE_OUTER_BOUND('',#857,.T.);
#519=FACE_OUTER_BOUND('',#858,.T.);
#520=FACE_OUTER_BOUND('',#859,.T.);
#521=FACE_OUTER_BOUND('',#860,.T.);
#522=FACE_OUTER_BOUND('',#861,.T.);
#523=FACE_OUTER_BOUND('',#862,.T.);
#524=FACE_OUTER_BOUND('',#863,.T.);
#525=FACE_OUTER_BOUND('',#864,.T.);
#526=FACE_OUTER_BOUND('',#865,.T.);
#527=FACE_OUTER_BOUND('',#867,.T.);
#528=FACE_OUTER_BOUND('',#868,.T.);
#529=FACE_OUTER_BOUND('',#870,.T.);
#530=FACE_OUTER_BOUND('',#874,.T.);
#531=FACE_OUTER_BOUND('',#875,.T.);
#532=FACE_OUTER_BOUND('',#876,.T.);
#533=FACE_OUTER_BOUND('',#877,.T.);
#534=FACE_OUTER_BOUND('',#878,.T.);
#535=FACE_OUTER_BOUND('',#879,.T.);
#536=FACE_OUTER_BOUND('',#880,.T.);
#537=FACE_OUTER_BOUND('',#881,.T.);
#538=FACE_OUTER_BOUND('',#883,.T.);
#539=FACE_OUTER_BOUND('',#885,.T.);
#540=FACE_OUTER_BOUND('',#886,.T.);
#541=FACE_OUTER_BOUND('',#887,.T.);
#542=FACE_OUTER_BOUND('',#888,.T.);
#543=FACE_OUTER_BOUND('',#889,.T.);
#544=FACE_OUTER_BOUND('',#890,.T.);
#545=FACE_OUTER_BOUND('',#891,.T.);
#546=FACE_OUTER_BOUND('',#892,.T.);
#547=FACE_OUTER_BOUND('',#893,.T.);
#548=FACE_OUTER_BOUND('',#894,.T.);
#549=FACE_OUTER_BOUND('',#895,.T.);
#550=FACE_OUTER_BOUND('',#896,.T.);
#551=FACE_OUTER_BOUND('',#897,.T.);
#552=FACE_OUTER_BOUND('',#898,.T.);
#553=FACE_OUTER_BOUND('',#899,.T.);
#554=FACE_OUTER_BOUND('',#900,.T.);
#555=FACE_OUTER_BOUND('',#901,.T.);
#556=FACE_OUTER_BOUND('',#902,.T.);
#557=FACE_OUTER_BOUND('',#903,.T.);
#558=FACE_OUTER_BOUND('',#904,.T.);
#559=FACE_OUTER_BOUND('',#905,.T.);
#560=FACE_OUTER_BOUND('',#906,.T.);
#561=FACE_OUTER_BOUND('',#907,.T.);
#562=FACE_OUTER_BOUND('',#908,.T.);
#563=FACE_OUTER_BOUND('',#909,.T.);
#564=FACE_OUTER_BOUND('',#910,.T.);
#565=FACE_OUTER_BOUND('',#911,.T.);
#566=FACE_OUTER_BOUND('',#912,.T.);
#567=FACE_OUTER_BOUND('',#913,.T.);
#568=FACE_OUTER_BOUND('',#914,.T.);
#569=FACE_OUTER_BOUND('',#915,.T.);
#570=FACE_OUTER_BOUND('',#916,.T.);
#571=FACE_OUTER_BOUND('',#917,.T.);
#572=FACE_OUTER_BOUND('',#918,.T.);
#573=FACE_OUTER_BOUND('',#919,.T.);
#574=FACE_OUTER_BOUND('',#920,.T.);
#575=FACE_OUTER_BOUND('',#921,.T.);
#576=FACE_OUTER_BOUND('',#922,.T.);
#577=FACE_OUTER_BOUND('',#923,.T.);
#578=FACE_OUTER_BOUND('',#924,.T.);
#579=FACE_OUTER_BOUND('',#925,.T.);
#580=FACE_OUTER_BOUND('',#926,.T.);
#581=FACE_OUTER_BOUND('',#927,.T.);
#582=FACE_OUTER_BOUND('',#928,.T.);
#583=FACE_OUTER_BOUND('',#929,.T.);
#584=FACE_OUTER_BOUND('',#930,.T.);
#585=FACE_OUTER_BOUND('',#931,.T.);
#586=FACE_OUTER_BOUND('',#932,.T.);
#587=FACE_OUTER_BOUND('',#933,.T.);
#588=FACE_OUTER_BOUND('',#934,.T.);
#589=FACE_OUTER_BOUND('',#935,.T.);
#590=FACE_OUTER_BOUND('',#936,.T.);
#591=FACE_OUTER_BOUND('',#937,.T.);
#592=FACE_OUTER_BOUND('',#938,.T.);
#593=FACE_OUTER_BOUND('',#939,.T.);
#594=FACE_OUTER_BOUND('',#940,.T.);
#595=FACE_OUTER_BOUND('',#941,.T.);
#596=FACE_OUTER_BOUND('',#942,.T.);
#597=FACE_OUTER_BOUND('',#943,.T.);
#598=FACE_OUTER_BOUND('',#944,.T.);
#599=FACE_OUTER_BOUND('',#945,.T.);
#600=FACE_OUTER_BOUND('',#946,.T.);
#601=FACE_OUTER_BOUND('',#947,.T.);
#602=FACE_OUTER_BOUND('',#948,.T.);
#603=FACE_OUTER_BOUND('',#949,.T.);
#604=FACE_OUTER_BOUND('',#950,.T.);
#605=FACE_OUTER_BOUND('',#951,.T.);
#606=FACE_OUTER_BOUND('',#952,.T.);
#607=FACE_OUTER_BOUND('',#953,.T.);
#608=FACE_OUTER_BOUND('',#954,.T.);
#609=FACE_OUTER_BOUND('',#955,.T.);
#610=FACE_OUTER_BOUND('',#956,.T.);
#611=FACE_OUTER_BOUND('',#957,.T.);
#612=FACE_OUTER_BOUND('',#958,.T.);
#613=FACE_OUTER_BOUND('',#959,.T.);
#614=FACE_OUTER_BOUND('',#960,.T.);
#615=FACE_OUTER_BOUND('',#961,.T.);
#616=FACE_OUTER_BOUND('',#962,.T.);
#617=FACE_OUTER_BOUND('',#963,.T.);
#618=FACE_OUTER_BOUND('',#964,.T.);
#619=FACE_OUTER_BOUND('',#965,.T.);
#620=FACE_OUTER_BOUND('',#966,.T.);
#621=FACE_OUTER_BOUND('',#967,.T.);
#622=FACE_OUTER_BOUND('',#968,.T.);
#623=FACE_OUTER_BOUND('',#969,.T.);
#624=FACE_OUTER_BOUND('',#970,.T.);
#625=FACE_OUTER_BOUND('',#971,.T.);
#626=FACE_OUTER_BOUND('',#972,.T.);
#627=FACE_OUTER_BOUND('',#973,.T.);
#628=FACE_OUTER_BOUND('',#974,.T.);
#629=FACE_OUTER_BOUND('',#975,.T.);
#630=FACE_OUTER_BOUND('',#976,.T.);
#631=FACE_OUTER_BOUND('',#977,.T.);
#632=FACE_OUTER_BOUND('',#978,.T.);
#633=FACE_OUTER_BOUND('',#979,.T.);
#634=FACE_OUTER_BOUND('',#980,.T.);
#635=FACE_OUTER_BOUND('',#981,.T.);
#636=FACE_OUTER_BOUND('',#982,.T.);
#637=FACE_OUTER_BOUND('',#983,.T.);
#638=FACE_OUTER_BOUND('',#984,.T.);
#639=FACE_OUTER_BOUND('',#985,.T.);
#640=FACE_OUTER_BOUND('',#986,.T.);
#641=FACE_OUTER_BOUND('',#987,.T.);
#642=FACE_OUTER_BOUND('',#988,.T.);
#643=FACE_OUTER_BOUND('',#989,.T.);
#644=FACE_OUTER_BOUND('',#990,.T.);
#645=FACE_OUTER_BOUND('',#991,.T.);
#646=FACE_OUTER_BOUND('',#992,.T.);
#647=FACE_OUTER_BOUND('',#993,.T.);
#648=FACE_OUTER_BOUND('',#994,.T.);
#649=FACE_OUTER_BOUND('',#995,.T.);
#650=FACE_OUTER_BOUND('',#996,.T.);
#651=FACE_OUTER_BOUND('',#997,.T.);
#652=FACE_OUTER_BOUND('',#998,.T.);
#653=FACE_OUTER_BOUND('',#999,.T.);
#654=FACE_OUTER_BOUND('',#1011,.T.);
#655=FACE_OUTER_BOUND('',#1012,.T.);
#656=FACE_OUTER_BOUND('',#1013,.T.);
#657=FACE_OUTER_BOUND('',#1014,.T.);
#658=FACE_OUTER_BOUND('',#1015,.T.);
#659=FACE_OUTER_BOUND('',#1016,.T.);
#660=FACE_OUTER_BOUND('',#1017,.T.);
#661=FACE_OUTER_BOUND('',#1018,.T.);
#662=FACE_OUTER_BOUND('',#1019,.T.);
#663=FACE_OUTER_BOUND('',#1020,.T.);
#664=FACE_OUTER_BOUND('',#1021,.T.);
#665=FACE_OUTER_BOUND('',#1022,.T.);
#666=FACE_OUTER_BOUND('',#1023,.T.);
#667=FACE_OUTER_BOUND('',#1024,.T.);
#668=FACE_OUTER_BOUND('',#1025,.T.);
#669=FACE_OUTER_BOUND('',#1026,.T.);
#670=FACE_OUTER_BOUND('',#1027,.T.);
#671=FACE_OUTER_BOUND('',#1028,.T.);
#672=FACE_OUTER_BOUND('',#1029,.T.);
#673=FACE_OUTER_BOUND('',#1030,.T.);
#674=FACE_OUTER_BOUND('',#1031,.T.);
#675=FACE_OUTER_BOUND('',#1032,.T.);
#676=FACE_OUTER_BOUND('',#1033,.T.);
#677=FACE_OUTER_BOUND('',#1034,.T.);
#678=FACE_OUTER_BOUND('',#1035,.T.);
#679=FACE_OUTER_BOUND('',#1046,.T.);
#680=FACE_OUTER_BOUND('',#1047,.T.);
#681=FACE_OUTER_BOUND('',#1048,.T.);
#682=FACE_OUTER_BOUND('',#1050,.T.);
#683=FACE_OUTER_BOUND('',#1052,.T.);
#684=FACE_OUTER_BOUND('',#1053,.T.);
#685=FACE_OUTER_BOUND('',#1054,.T.);
#686=FACE_OUTER_BOUND('',#1055,.T.);
#687=FACE_OUTER_BOUND('',#1057,.T.);
#688=FACE_OUTER_BOUND('',#1058,.T.);
#689=FACE_OUTER_BOUND('',#1059,.T.);
#690=FACE_OUTER_BOUND('',#1060,.T.);
#691=FACE_OUTER_BOUND('',#1061,.T.);
#692=FACE_OUTER_BOUND('',#1062,.T.);
#693=FACE_OUTER_BOUND('',#1063,.T.);
#694=FACE_OUTER_BOUND('',#1064,.T.);
#695=FACE_OUTER_BOUND('',#1065,.T.);
#696=FACE_OUTER_BOUND('',#1066,.T.);
#697=FACE_OUTER_BOUND('',#1067,.T.);
#698=FACE_OUTER_BOUND('',#1068,.T.);
#699=FACE_OUTER_BOUND('',#1069,.T.);
#700=FACE_OUTER_BOUND('',#1070,.T.);
#701=FACE_OUTER_BOUND('',#1071,.T.);
#702=FACE_OUTER_BOUND('',#1072,.T.);
#703=FACE_OUTER_BOUND('',#1073,.T.);
#704=FACE_OUTER_BOUND('',#1074,.T.);
#705=FACE_OUTER_BOUND('',#1075,.T.);
#706=FACE_OUTER_BOUND('',#1076,.T.);
#707=FACE_OUTER_BOUND('',#1077,.T.);
#708=FACE_OUTER_BOUND('',#1078,.T.);
#709=FACE_OUTER_BOUND('',#1079,.T.);
#710=FACE_OUTER_BOUND('',#1080,.T.);
#711=FACE_OUTER_BOUND('',#1081,.T.);
#712=FACE_OUTER_BOUND('',#1082,.T.);
#713=FACE_OUTER_BOUND('',#1083,.T.);
#714=FACE_OUTER_BOUND('',#1084,.T.);
#715=FACE_OUTER_BOUND('',#1085,.T.);
#716=FACE_OUTER_BOUND('',#1087,.T.);
#717=FACE_OUTER_BOUND('',#1088,.T.);
#718=FACE_OUTER_BOUND('',#1089,.T.);
#719=FACE_OUTER_BOUND('',#1090,.T.);
#720=FACE_OUTER_BOUND('',#1091,.T.);
#721=FACE_OUTER_BOUND('',#1092,.T.);
#722=FACE_OUTER_BOUND('',#1093,.T.);
#723=FACE_OUTER_BOUND('',#1094,.T.);
#724=FACE_OUTER_BOUND('',#1095,.T.);
#725=FACE_OUTER_BOUND('',#1096,.T.);
#726=FACE_OUTER_BOUND('',#1097,.T.);
#727=FACE_OUTER_BOUND('',#1102,.T.);
#728=FACE_OUTER_BOUND('',#1103,.T.);
#729=FACE_OUTER_BOUND('',#1104,.T.);
#730=FACE_OUTER_BOUND('',#1105,.T.);
#731=FACE_OUTER_BOUND('',#1106,.T.);
#732=FACE_OUTER_BOUND('',#1107,.T.);
#733=FACE_OUTER_BOUND('',#1108,.T.);
#734=FACE_OUTER_BOUND('',#1113,.T.);
#735=FACE_OUTER_BOUND('',#1114,.T.);
#736=FACE_OUTER_BOUND('',#1115,.T.);
#737=FACE_OUTER_BOUND('',#1116,.T.);
#738=FACE_OUTER_BOUND('',#1117,.T.);
#739=FACE_OUTER_BOUND('',#1118,.T.);
#740=FACE_OUTER_BOUND('',#1119,.T.);
#741=FACE_OUTER_BOUND('',#1120,.T.);
#742=FACE_OUTER_BOUND('',#1121,.T.);
#743=FACE_OUTER_BOUND('',#1122,.T.);
#744=FACE_OUTER_BOUND('',#1123,.T.);
#745=FACE_OUTER_BOUND('',#1124,.T.);
#746=FACE_OUTER_BOUND('',#1125,.T.);
#747=FACE_OUTER_BOUND('',#1126,.T.);
#748=FACE_OUTER_BOUND('',#1127,.T.);
#749=FACE_OUTER_BOUND('',#1128,.T.);
#750=FACE_OUTER_BOUND('',#1129,.T.);
#751=FACE_OUTER_BOUND('',#1130,.T.);
#752=FACE_OUTER_BOUND('',#1131,.T.);
#753=FACE_OUTER_BOUND('',#1132,.T.);
#754=FACE_OUTER_BOUND('',#1133,.T.);
#755=FACE_OUTER_BOUND('',#1134,.T.);
#756=FACE_OUTER_BOUND('',#1135,.T.);
#757=FACE_OUTER_BOUND('',#1136,.T.);
#758=FACE_OUTER_BOUND('',#1137,.T.);
#759=FACE_OUTER_BOUND('',#1138,.T.);
#760=FACE_OUTER_BOUND('',#1139,.T.);
#761=FACE_OUTER_BOUND('',#1140,.T.);
#762=FACE_OUTER_BOUND('',#1141,.T.);
#763=FACE_OUTER_BOUND('',#1150,.T.);
#764=FACE_OUTER_BOUND('',#1157,.T.);
#765=FACE_OUTER_BOUND('',#1158,.T.);
#766=FACE_OUTER_BOUND('',#1159,.T.);
#767=FACE_OUTER_BOUND('',#1160,.T.);
#768=FACE_OUTER_BOUND('',#1161,.T.);
#769=FACE_OUTER_BOUND('',#1162,.T.);
#770=FACE_OUTER_BOUND('',#1163,.T.);
#771=FACE_OUTER_BOUND('',#1164,.T.);
#772=FACE_OUTER_BOUND('',#1165,.T.);
#773=FACE_OUTER_BOUND('',#1166,.T.);
#774=FACE_OUTER_BOUND('',#1167,.T.);
#775=FACE_OUTER_BOUND('',#1168,.T.);
#776=FACE_OUTER_BOUND('',#1169,.T.);
#777=FACE_OUTER_BOUND('',#1170,.T.);
#778=FACE_OUTER_BOUND('',#1171,.T.);
#779=FACE_OUTER_BOUND('',#1172,.T.);
#780=FACE_OUTER_BOUND('',#1173,.T.);
#781=FACE_OUTER_BOUND('',#1174,.T.);
#782=FACE_OUTER_BOUND('',#1176,.T.);
#783=FACE_OUTER_BOUND('',#1177,.T.);
#784=FACE_OUTER_BOUND('',#1178,.T.);
#785=FACE_OUTER_BOUND('',#1179,.T.);
#786=FACE_OUTER_BOUND('',#1180,.T.);
#787=FACE_OUTER_BOUND('',#1181,.T.);
#788=FACE_OUTER_BOUND('',#1182,.T.);
#789=FACE_OUTER_BOUND('',#1183,.T.);
#790=FACE_OUTER_BOUND('',#1184,.T.);
#791=FACE_OUTER_BOUND('',#1185,.T.);
#792=FACE_OUTER_BOUND('',#1186,.T.);
#793=FACE_OUTER_BOUND('',#1187,.T.);
#794=FACE_OUTER_BOUND('',#1188,.T.);
#795=EDGE_LOOP('',(#3743,#3744,#3745,#3746));
#796=EDGE_LOOP('',(#3747));
#797=EDGE_LOOP('',(#3748,#3749,#3750,#3751));
#798=EDGE_LOOP('',(#3752));
#799=EDGE_LOOP('',(#3753,#3754,#3755,#3756));
#800=EDGE_LOOP('',(#3757));
#801=EDGE_LOOP('',(#3758,#3759,#3760,#3761));
#802=EDGE_LOOP('',(#3762));
#803=EDGE_LOOP('',(#3763,#3764,#3765,#3766));
#804=EDGE_LOOP('',(#3767,#3768,#3769,#3770));
#805=EDGE_LOOP('',(#3771,#3772,#3773,#3774));
#806=EDGE_LOOP('',(#3775,#3776,#3777,#3778));
#807=EDGE_LOOP('',(#3779,#3780,#3781,#3782));
#808=EDGE_LOOP('',(#3783,#3784,#3785,#3786));
#809=EDGE_LOOP('',(#3787,#3788,#3789,#3790));
#810=EDGE_LOOP('',(#3791,#3792,#3793,#3794));
#811=EDGE_LOOP('',(#3795,#3796,#3797,#3798));
#812=EDGE_LOOP('',(#3799,#3800,#3801,#3802));
#813=EDGE_LOOP('',(#3803));
#814=EDGE_LOOP('',(#3804));
#815=EDGE_LOOP('',(#3805));
#816=EDGE_LOOP('',(#3806));
#817=EDGE_LOOP('',(#3807,#3808,#3809,#3810,#3811,#3812,#3813,#3814,#3815,
#3816));
#818=EDGE_LOOP('',(#3817,#3818,#3819,#3820));
#819=EDGE_LOOP('',(#3821,#3822,#3823,#3824));
#820=EDGE_LOOP('',(#3825));
#821=EDGE_LOOP('',(#3826));
#822=EDGE_LOOP('',(#3827));
#823=EDGE_LOOP('',(#3828));
#824=EDGE_LOOP('',(#3829,#3830,#3831,#3832));
#825=EDGE_LOOP('',(#3833));
#826=EDGE_LOOP('',(#3834));
#827=EDGE_LOOP('',(#3835,#3836,#3837,#3838));
#828=EDGE_LOOP('',(#3839));
#829=EDGE_LOOP('',(#3840));
#830=EDGE_LOOP('',(#3841,#3842,#3843,#3844));
#831=EDGE_LOOP('',(#3845));
#832=EDGE_LOOP('',(#3846));
#833=EDGE_LOOP('',(#3847,#3848,#3849,#3850));
#834=EDGE_LOOP('',(#3851));
#835=EDGE_LOOP('',(#3852));
#836=EDGE_LOOP('',(#3853,#3854,#3855,#3856));
#837=EDGE_LOOP('',(#3857));
#838=EDGE_LOOP('',(#3858));
#839=EDGE_LOOP('',(#3859));
#840=EDGE_LOOP('',(#3860));
#841=EDGE_LOOP('',(#3861,#3862,#3863,#3864));
#842=EDGE_LOOP('',(#3865,#3866,#3867,#3868));
#843=EDGE_LOOP('',(#3869));
#844=EDGE_LOOP('',(#3870));
#845=EDGE_LOOP('',(#3871));
#846=EDGE_LOOP('',(#3872));
#847=EDGE_LOOP('',(#3873,#3874,#3875,#3876));
#848=EDGE_LOOP('',(#3877,#3878,#3879,#3880));
#849=EDGE_LOOP('',(#3881));
#850=EDGE_LOOP('',(#3882));
#851=EDGE_LOOP('',(#3883));
#852=EDGE_LOOP('',(#3884));
#853=EDGE_LOOP('',(#3885,#3886,#3887,#3888));
#854=EDGE_LOOP('',(#3889,#3890,#3891,#3892,#3893,#3894,#3895,#3896,#3897,
#3898));
#855=EDGE_LOOP('',(#3899,#3900,#3901,#3902));
#856=EDGE_LOOP('',(#3903,#3904,#3905,#3906));
#857=EDGE_LOOP('',(#3907,#3908,#3909,#3910));
#858=EDGE_LOOP('',(#3911,#3912,#3913,#3914));
#859=EDGE_LOOP('',(#3915,#3916,#3917,#3918));
#860=EDGE_LOOP('',(#3919,#3920,#3921,#3922));
#861=EDGE_LOOP('',(#3923));
#862=EDGE_LOOP('',(#3924,#3925,#3926,#3927));
#863=EDGE_LOOP('',(#3928));
#864=EDGE_LOOP('',(#3929,#3930,#3931,#3932));
#865=EDGE_LOOP('',(#3933));
#866=EDGE_LOOP('',(#3934));
#867=EDGE_LOOP('',(#3935,#3936,#3937,#3938));
#868=EDGE_LOOP('',(#3939));
#869=EDGE_LOOP('',(#3940));
#870=EDGE_LOOP('',(#3941));
#871=EDGE_LOOP('',(#3942,#3943,#3944,#3945));
#872=EDGE_LOOP('',(#3946,#3947,#3948,#3949));
#873=EDGE_LOOP('',(#3950));
#874=EDGE_LOOP('',(#3951,#3952,#3953,#3954));
#875=EDGE_LOOP('',(#3955,#3956,#3957,#3958));
#876=EDGE_LOOP('',(#3959,#3960,#3961,#3962));
#877=EDGE_LOOP('',(#3963,#3964,#3965,#3966));
#878=EDGE_LOOP('',(#3967,#3968,#3969,#3970));
#879=EDGE_LOOP('',(#3971,#3972,#3973,#3974));
#880=EDGE_LOOP('',(#3975,#3976,#3977,#3978));
#881=EDGE_LOOP('',(#3979));
#882=EDGE_LOOP('',(#3980));
#883=EDGE_LOOP('',(#3981));
#884=EDGE_LOOP('',(#3982));
#885=EDGE_LOOP('',(#3983,#3984,#3985,#3986));
#886=EDGE_LOOP('',(#3987));
#887=EDGE_LOOP('',(#3988,#3989,#3990,#3991));
#888=EDGE_LOOP('',(#3992,#3993,#3994,#3995));
#889=EDGE_LOOP('',(#3996,#3997,#3998,#3999));
#890=EDGE_LOOP('',(#4000,#4001,#4002,#4003));
#891=EDGE_LOOP('',(#4004,#4005,#4006,#4007));
#892=EDGE_LOOP('',(#4008,#4009,#4010,#4011));
#893=EDGE_LOOP('',(#4012,#4013,#4014,#4015));
#894=EDGE_LOOP('',(#4016,#4017,#4018,#4019));
#895=EDGE_LOOP('',(#4020,#4021,#4022,#4023));
#896=EDGE_LOOP('',(#4024,#4025,#4026,#4027));
#897=EDGE_LOOP('',(#4028,#4029,#4030,#4031));
#898=EDGE_LOOP('',(#4032,#4033,#4034,#4035));
#899=EDGE_LOOP('',(#4036,#4037,#4038,#4039));
#900=EDGE_LOOP('',(#4040,#4041,#4042,#4043));
#901=EDGE_LOOP('',(#4044,#4045,#4046,#4047));
#902=EDGE_LOOP('',(#4048,#4049,#4050,#4051));
#903=EDGE_LOOP('',(#4052,#4053,#4054,#4055));
#904=EDGE_LOOP('',(#4056,#4057,#4058,#4059));
#905=EDGE_LOOP('',(#4060,#4061,#4062,#4063));
#906=EDGE_LOOP('',(#4064,#4065,#4066,#4067));
#907=EDGE_LOOP('',(#4068,#4069,#4070,#4071));
#908=EDGE_LOOP('',(#4072,#4073,#4074,#4075));
#909=EDGE_LOOP('',(#4076,#4077,#4078,#4079));
#910=EDGE_LOOP('',(#4080,#4081,#4082,#4083));
#911=EDGE_LOOP('',(#4084,#4085,#4086,#4087));
#912=EDGE_LOOP('',(#4088,#4089,#4090,#4091));
#913=EDGE_LOOP('',(#4092,#4093,#4094,#4095));
#914=EDGE_LOOP('',(#4096,#4097,#4098,#4099));
#915=EDGE_LOOP('',(#4100,#4101,#4102,#4103));
#916=EDGE_LOOP('',(#4104,#4105,#4106,#4107));
#917=EDGE_LOOP('',(#4108,#4109,#4110,#4111));
#918=EDGE_LOOP('',(#4112,#4113,#4114,#4115));
#919=EDGE_LOOP('',(#4116,#4117,#4118,#4119));
#920=EDGE_LOOP('',(#4120,#4121,#4122,#4123));
#921=EDGE_LOOP('',(#4124,#4125,#4126,#4127));
#922=EDGE_LOOP('',(#4128,#4129,#4130,#4131));
#923=EDGE_LOOP('',(#4132,#4133,#4134,#4135));
#924=EDGE_LOOP('',(#4136,#4137,#4138,#4139));
#925=EDGE_LOOP('',(#4140,#4141,#4142,#4143));
#926=EDGE_LOOP('',(#4144,#4145,#4146,#4147));
#927=EDGE_LOOP('',(#4148,#4149,#4150,#4151));
#928=EDGE_LOOP('',(#4152,#4153,#4154,#4155));
#929=EDGE_LOOP('',(#4156,#4157,#4158,#4159));
#930=EDGE_LOOP('',(#4160,#4161,#4162,#4163));
#931=EDGE_LOOP('',(#4164,#4165,#4166,#4167));
#932=EDGE_LOOP('',(#4168,#4169,#4170,#4171));
#933=EDGE_LOOP('',(#4172,#4173,#4174,#4175));
#934=EDGE_LOOP('',(#4176,#4177,#4178,#4179));
#935=EDGE_LOOP('',(#4180,#4181,#4182,#4183));
#936=EDGE_LOOP('',(#4184,#4185,#4186,#4187));
#937=EDGE_LOOP('',(#4188,#4189,#4190,#4191));
#938=EDGE_LOOP('',(#4192,#4193,#4194,#4195));
#939=EDGE_LOOP('',(#4196,#4197,#4198,#4199));
#940=EDGE_LOOP('',(#4200,#4201,#4202,#4203));
#941=EDGE_LOOP('',(#4204,#4205,#4206,#4207));
#942=EDGE_LOOP('',(#4208,#4209,#4210,#4211));
#943=EDGE_LOOP('',(#4212,#4213,#4214,#4215));
#944=EDGE_LOOP('',(#4216,#4217,#4218,#4219));
#945=EDGE_LOOP('',(#4220,#4221,#4222,#4223));
#946=EDGE_LOOP('',(#4224,#4225,#4226,#4227));
#947=EDGE_LOOP('',(#4228,#4229,#4230,#4231));
#948=EDGE_LOOP('',(#4232,#4233,#4234,#4235));
#949=EDGE_LOOP('',(#4236,#4237,#4238,#4239));
#950=EDGE_LOOP('',(#4240,#4241,#4242,#4243));
#951=EDGE_LOOP('',(#4244,#4245,#4246,#4247));
#952=EDGE_LOOP('',(#4248,#4249,#4250,#4251));
#953=EDGE_LOOP('',(#4252,#4253,#4254,#4255));
#954=EDGE_LOOP('',(#4256,#4257,#4258,#4259));
#955=EDGE_LOOP('',(#4260,#4261,#4262,#4263));
#956=EDGE_LOOP('',(#4264,#4265,#4266,#4267));
#957=EDGE_LOOP('',(#4268,#4269,#4270,#4271));
#958=EDGE_LOOP('',(#4272,#4273,#4274,#4275));
#959=EDGE_LOOP('',(#4276,#4277,#4278,#4279));
#960=EDGE_LOOP('',(#4280,#4281,#4282,#4283));
#961=EDGE_LOOP('',(#4284,#4285,#4286,#4287));
#962=EDGE_LOOP('',(#4288,#4289,#4290,#4291));
#963=EDGE_LOOP('',(#4292,#4293,#4294,#4295));
#964=EDGE_LOOP('',(#4296,#4297,#4298,#4299));
#965=EDGE_LOOP('',(#4300,#4301,#4302,#4303));
#966=EDGE_LOOP('',(#4304,#4305,#4306,#4307));
#967=EDGE_LOOP('',(#4308,#4309,#4310,#4311));
#968=EDGE_LOOP('',(#4312,#4313,#4314,#4315));
#969=EDGE_LOOP('',(#4316,#4317,#4318,#4319));
#970=EDGE_LOOP('',(#4320,#4321,#4322,#4323));
#971=EDGE_LOOP('',(#4324,#4325,#4326,#4327));
#972=EDGE_LOOP('',(#4328,#4329,#4330,#4331));
#973=EDGE_LOOP('',(#4332,#4333,#4334,#4335));
#974=EDGE_LOOP('',(#4336,#4337,#4338,#4339));
#975=EDGE_LOOP('',(#4340,#4341,#4342,#4343));
#976=EDGE_LOOP('',(#4344,#4345,#4346,#4347));
#977=EDGE_LOOP('',(#4348,#4349,#4350,#4351));
#978=EDGE_LOOP('',(#4352,#4353,#4354,#4355));
#979=EDGE_LOOP('',(#4356,#4357,#4358,#4359));
#980=EDGE_LOOP('',(#4360,#4361,#4362,#4363));
#981=EDGE_LOOP('',(#4364,#4365,#4366,#4367));
#982=EDGE_LOOP('',(#4368,#4369,#4370,#4371));
#983=EDGE_LOOP('',(#4372,#4373,#4374,#4375));
#984=EDGE_LOOP('',(#4376,#4377,#4378,#4379));
#985=EDGE_LOOP('',(#4380,#4381,#4382,#4383));
#986=EDGE_LOOP('',(#4384,#4385,#4386,#4387));
#987=EDGE_LOOP('',(#4388,#4389,#4390,#4391));
#988=EDGE_LOOP('',(#4392,#4393,#4394,#4395));
#989=EDGE_LOOP('',(#4396,#4397,#4398,#4399));
#990=EDGE_LOOP('',(#4400,#4401,#4402,#4403));
#991=EDGE_LOOP('',(#4404,#4405,#4406,#4407));
#992=EDGE_LOOP('',(#4408,#4409,#4410,#4411));
#993=EDGE_LOOP('',(#4412,#4413,#4414,#4415));
#994=EDGE_LOOP('',(#4416,#4417,#4418,#4419));
#995=EDGE_LOOP('',(#4420,#4421,#4422,#4423));
#996=EDGE_LOOP('',(#4424,#4425,#4426,#4427));
#997=EDGE_LOOP('',(#4428,#4429,#4430,#4431));
#998=EDGE_LOOP('',(#4432,#4433,#4434,#4435));
#999=EDGE_LOOP('',(#4436,#4437,#4438,#4439,#4440,#4441,#4442,#4443,#4444,
#4445,#4446,#4447,#4448,#4449,#4450,#4451,#4452,#4453,#4454,#4455,#4456,
#4457,#4458,#4459,#4460,#4461,#4462,#4463,#4464,#4465,#4466,#4467,#4468,
#4469,#4470,#4471,#4472,#4473,#4474,#4475,#4476,#4477,#4478,#4479,#4480,
#4481,#4482,#4483,#4484,#4485,#4486,#4487,#4488,#4489,#4490,#4491,#4492,
#4493,#4494,#4495,#4496,#4497,#4498,#4499,#4500,#4501,#4502,#4503,#4504,
#4505,#4506,#4507,#4508,#4509,#4510,#4511,#4512,#4513,#4514,#4515,#4516,
#4517,#4518,#4519,#4520,#4521,#4522,#4523,#4524,#4525,#4526,#4527,#4528,
#4529,#4530,#4531));
#1000=EDGE_LOOP('',(#4532,#4533,#4534,#4535));
#1001=EDGE_LOOP('',(#4536,#4537,#4538,#4539));
#1002=EDGE_LOOP('',(#4540,#4541,#4542,#4543));
#1003=EDGE_LOOP('',(#4544,#4545,#4546,#4547));
#1004=EDGE_LOOP('',(#4548,#4549,#4550,#4551));
#1005=EDGE_LOOP('',(#4552,#4553,#4554,#4555));
#1006=EDGE_LOOP('',(#4556,#4557,#4558,#4559));
#1007=EDGE_LOOP('',(#4560,#4561,#4562,#4563));
#1008=EDGE_LOOP('',(#4564,#4565,#4566,#4567));
#1009=EDGE_LOOP('',(#4568,#4569,#4570,#4571));
#1010=EDGE_LOOP('',(#4572));
#1011=EDGE_LOOP('',(#4573,#4574,#4575,#4576));
#1012=EDGE_LOOP('',(#4577,#4578,#4579,#4580));
#1013=EDGE_LOOP('',(#4581,#4582,#4583,#4584));
#1014=EDGE_LOOP('',(#4585,#4586,#4587,#4588));
#1015=EDGE_LOOP('',(#4589,#4590,#4591,#4592));
#1016=EDGE_LOOP('',(#4593,#4594,#4595,#4596));
#1017=EDGE_LOOP('',(#4597,#4598,#4599,#4600));
#1018=EDGE_LOOP('',(#4601,#4602,#4603,#4604));
#1019=EDGE_LOOP('',(#4605,#4606,#4607,#4608));
#1020=EDGE_LOOP('',(#4609,#4610,#4611,#4612));
#1021=EDGE_LOOP('',(#4613,#4614,#4615,#4616));
#1022=EDGE_LOOP('',(#4617,#4618,#4619,#4620));
#1023=EDGE_LOOP('',(#4621,#4622,#4623,#4624));
#1024=EDGE_LOOP('',(#4625,#4626,#4627,#4628));
#1025=EDGE_LOOP('',(#4629,#4630,#4631,#4632));
#1026=EDGE_LOOP('',(#4633,#4634,#4635,#4636));
#1027=EDGE_LOOP('',(#4637,#4638,#4639,#4640));
#1028=EDGE_LOOP('',(#4641,#4642,#4643,#4644));
#1029=EDGE_LOOP('',(#4645,#4646,#4647,#4648));
#1030=EDGE_LOOP('',(#4649,#4650,#4651,#4652));
#1031=EDGE_LOOP('',(#4653,#4654,#4655,#4656));
#1032=EDGE_LOOP('',(#4657,#4658,#4659,#4660));
#1033=EDGE_LOOP('',(#4661,#4662,#4663,#4664));
#1034=EDGE_LOOP('',(#4665,#4666,#4667,#4668));
#1035=EDGE_LOOP('',(#4669,#4670,#4671,#4672,#4673,#4674,#4675,#4676,#4677,
#4678,#4679,#4680,#4681,#4682,#4683,#4684,#4685,#4686,#4687,#4688,#4689,
#4690,#4691,#4692,#4693,#4694,#4695,#4696,#4697,#4698,#4699,#4700,#4701,
#4702,#4703,#4704,#4705,#4706,#4707,#4708,#4709,#4710,#4711,#4712,#4713,
#4714,#4715,#4716,#4717,#4718,#4719,#4720,#4721,#4722,#4723,#4724,#4725,
#4726,#4727,#4728,#4729,#4730,#4731,#4732,#4733,#4734,#4735,#4736,#4737,
#4738,#4739,#4740,#4741,#4742,#4743,#4744,#4745,#4746,#4747,#4748,#4749,
#4750,#4751,#4752,#4753,#4754,#4755,#4756,#4757,#4758,#4759,#4760,#4761,
#4762,#4763,#4764));
#1036=EDGE_LOOP('',(#4765,#4766,#4767,#4768));
#1037=EDGE_LOOP('',(#4769,#4770,#4771,#4772));
#1038=EDGE_LOOP('',(#4773,#4774,#4775,#4776));
#1039=EDGE_LOOP('',(#4777,#4778,#4779,#4780));
#1040=EDGE_LOOP('',(#4781,#4782,#4783,#4784));
#1041=EDGE_LOOP('',(#4785,#4786,#4787,#4788));
#1042=EDGE_LOOP('',(#4789,#4790,#4791,#4792));
#1043=EDGE_LOOP('',(#4793,#4794,#4795,#4796));
#1044=EDGE_LOOP('',(#4797,#4798,#4799,#4800));
#1045=EDGE_LOOP('',(#4801,#4802,#4803,#4804));
#1046=EDGE_LOOP('',(#4805,#4806,#4807,#4808));
#1047=EDGE_LOOP('',(#4809,#4810,#4811,#4812));
#1048=EDGE_LOOP('',(#4813));
#1049=EDGE_LOOP('',(#4814));
#1050=EDGE_LOOP('',(#4815));
#1051=EDGE_LOOP('',(#4816));
#1052=EDGE_LOOP('',(#4817,#4818,#4819,#4820));
#1053=EDGE_LOOP('',(#4821));
#1054=EDGE_LOOP('',(#4822));
#1055=EDGE_LOOP('',(#4823));
#1056=EDGE_LOOP('',(#4824));
#1057=EDGE_LOOP('',(#4825));
#1058=EDGE_LOOP('',(#4826,#4827,#4828,#4829));
#1059=EDGE_LOOP('',(#4830));
#1060=EDGE_LOOP('',(#4831,#4832,#4833,#4834));
#1061=EDGE_LOOP('',(#4835,#4836,#4837,#4838));
#1062=EDGE_LOOP('',(#4839,#4840,#4841,#4842));
#1063=EDGE_LOOP('',(#4843,#4844,#4845,#4846));
#1064=EDGE_LOOP('',(#4847,#4848,#4849,#4850));
#1065=EDGE_LOOP('',(#4851,#4852,#4853,#4854));
#1066=EDGE_LOOP('',(#4855,#4856,#4857,#4858));
#1067=EDGE_LOOP('',(#4859,#4860,#4861,#4862));
#1068=EDGE_LOOP('',(#4863,#4864,#4865,#4866));
#1069=EDGE_LOOP('',(#4867,#4868,#4869,#4870));
#1070=EDGE_LOOP('',(#4871,#4872,#4873,#4874));
#1071=EDGE_LOOP('',(#4875,#4876,#4877,#4878));
#1072=EDGE_LOOP('',(#4879,#4880,#4881,#4882));
#1073=EDGE_LOOP('',(#4883,#4884,#4885,#4886));
#1074=EDGE_LOOP('',(#4887));
#1075=EDGE_LOOP('',(#4888));
#1076=EDGE_LOOP('',(#4889,#4890,#4891,#4892));
#1077=EDGE_LOOP('',(#4893,#4894,#4895,#4896));
#1078=EDGE_LOOP('',(#4897,#4898,#4899,#4900));
#1079=EDGE_LOOP('',(#4901,#4902,#4903,#4904));
#1080=EDGE_LOOP('',(#4905,#4906,#4907,#4908));
#1081=EDGE_LOOP('',(#4909,#4910,#4911,#4912));
#1082=EDGE_LOOP('',(#4913,#4914,#4915,#4916));
#1083=EDGE_LOOP('',(#4917));
#1084=EDGE_LOOP('',(#4918,#4919,#4920,#4921));
#1085=EDGE_LOOP('',(#4922));
#1086=EDGE_LOOP('',(#4923));
#1087=EDGE_LOOP('',(#4924));
#1088=EDGE_LOOP('',(#4925,#4926,#4927,#4928));
#1089=EDGE_LOOP('',(#4929));
#1090=EDGE_LOOP('',(#4930));
#1091=EDGE_LOOP('',(#4931,#4932,#4933,#4934));
#1092=EDGE_LOOP('',(#4935,#4936,#4937,#4938));
#1093=EDGE_LOOP('',(#4939,#4940,#4941,#4942));
#1094=EDGE_LOOP('',(#4943,#4944,#4945,#4946));
#1095=EDGE_LOOP('',(#4947,#4948,#4949,#4950));
#1096=EDGE_LOOP('',(#4951,#4952,#4953,#4954));
#1097=EDGE_LOOP('',(#4955,#4956,#4957,#4958,#4959,#4960,#4961,#4962));
#1098=EDGE_LOOP('',(#4963));
#1099=EDGE_LOOP('',(#4964));
#1100=EDGE_LOOP('',(#4965));
#1101=EDGE_LOOP('',(#4966));
#1102=EDGE_LOOP('',(#4967,#4968,#4969,#4970));
#1103=EDGE_LOOP('',(#4971,#4972,#4973,#4974));
#1104=EDGE_LOOP('',(#4975,#4976,#4977,#4978));
#1105=EDGE_LOOP('',(#4979,#4980,#4981,#4982));
#1106=EDGE_LOOP('',(#4983,#4984,#4985,#4986));
#1107=EDGE_LOOP('',(#4987,#4988,#4989,#4990));
#1108=EDGE_LOOP('',(#4991,#4992,#4993,#4994,#4995,#4996,#4997,#4998));
#1109=EDGE_LOOP('',(#4999));
#1110=EDGE_LOOP('',(#5000));
#1111=EDGE_LOOP('',(#5001));
#1112=EDGE_LOOP('',(#5002));
#1113=EDGE_LOOP('',(#5003,#5004,#5005,#5006));
#1114=EDGE_LOOP('',(#5007));
#1115=EDGE_LOOP('',(#5008));
#1116=EDGE_LOOP('',(#5009));
#1117=EDGE_LOOP('',(#5010,#5011,#5012,#5013));
#1118=EDGE_LOOP('',(#5014));
#1119=EDGE_LOOP('',(#5015,#5016,#5017,#5018));
#1120=EDGE_LOOP('',(#5019,#5020,#5021,#5022));
#1121=EDGE_LOOP('',(#5023,#5024,#5025,#5026));
#1122=EDGE_LOOP('',(#5027,#5028,#5029,#5030));
#1123=EDGE_LOOP('',(#5031,#5032,#5033,#5034));
#1124=EDGE_LOOP('',(#5035,#5036,#5037,#5038));
#1125=EDGE_LOOP('',(#5039,#5040,#5041,#5042));
#1126=EDGE_LOOP('',(#5043,#5044,#5045,#5046));
#1127=EDGE_LOOP('',(#5047,#5048,#5049,#5050));
#1128=EDGE_LOOP('',(#5051,#5052,#5053,#5054));
#1129=EDGE_LOOP('',(#5055,#5056,#5057,#5058));
#1130=EDGE_LOOP('',(#5059,#5060,#5061,#5062));
#1131=EDGE_LOOP('',(#5063,#5064,#5065,#5066));
#1132=EDGE_LOOP('',(#5067,#5068,#5069,#5070));
#1133=EDGE_LOOP('',(#5071,#5072,#5073,#5074));
#1134=EDGE_LOOP('',(#5075,#5076,#5077,#5078));
#1135=EDGE_LOOP('',(#5079,#5080,#5081,#5082));
#1136=EDGE_LOOP('',(#5083,#5084,#5085,#5086));
#1137=EDGE_LOOP('',(#5087,#5088,#5089,#5090));
#1138=EDGE_LOOP('',(#5091,#5092,#5093,#5094));
#1139=EDGE_LOOP('',(#5095,#5096,#5097,#5098));
#1140=EDGE_LOOP('',(#5099,#5100,#5101,#5102));
#1141=EDGE_LOOP('',(#5103,#5104,#5105,#5106,#5107,#5108,#5109,#5110,#5111,
#5112,#5113,#5114,#5115,#5116));
#1142=EDGE_LOOP('',(#5117));
#1143=EDGE_LOOP('',(#5118,#5119));
#1144=EDGE_LOOP('',(#5120));
#1145=EDGE_LOOP('',(#5121));
#1146=EDGE_LOOP('',(#5122));
#1147=EDGE_LOOP('',(#5123));
#1148=EDGE_LOOP('',(#5124));
#1149=EDGE_LOOP('',(#5125));
#1150=EDGE_LOOP('',(#5126,#5127,#5128,#5129,#5130,#5131,#5132,#5133,#5134,
#5135,#5136,#5137,#5138,#5139));
#1151=EDGE_LOOP('',(#5140));
#1152=EDGE_LOOP('',(#5141));
#1153=EDGE_LOOP('',(#5142));
#1154=EDGE_LOOP('',(#5143,#5144));
#1155=EDGE_LOOP('',(#5145));
#1156=EDGE_LOOP('',(#5146));
#1157=EDGE_LOOP('',(#5147,#5148,#5149,#5150));
#1158=EDGE_LOOP('',(#5151));
#1159=EDGE_LOOP('',(#5152));
#1160=EDGE_LOOP('',(#5153,#5154,#5155,#5156));
#1161=EDGE_LOOP('',(#5157));
#1162=EDGE_LOOP('',(#5158));
#1163=EDGE_LOOP('',(#5159,#5160,#5161,#5162));
#1164=EDGE_LOOP('',(#5163));
#1165=EDGE_LOOP('',(#5164));
#1166=EDGE_LOOP('',(#5165,#5166,#5167,#5168));
#1167=EDGE_LOOP('',(#5169));
#1168=EDGE_LOOP('',(#5170));
#1169=EDGE_LOOP('',(#5171,#5172,#5173,#5174));
#1170=EDGE_LOOP('',(#5175));
#1171=EDGE_LOOP('',(#5176));
#1172=EDGE_LOOP('',(#5177,#5178,#5179,#5180));
#1173=EDGE_LOOP('',(#5181,#5182,#5183,#5184));
#1174=EDGE_LOOP('',(#5185,#5186,#5187,#5188,#5189,#5190,#5191,#5192));
#1175=EDGE_LOOP('',(#5193,#5194,#5195,#5196,#5197,#5198));
#1176=EDGE_LOOP('',(#5199,#5200,#5201,#5202));
#1177=EDGE_LOOP('',(#5203,#5204,#5205,#5206));
#1178=EDGE_LOOP('',(#5207,#5208,#5209,#5210));
#1179=EDGE_LOOP('',(#5211,#5212,#5213,#5214));
#1180=EDGE_LOOP('',(#5215,#5216,#5217,#5218));
#1181=EDGE_LOOP('',(#5219,#5220,#5221,#5222));
#1182=EDGE_LOOP('',(#5223,#5224,#5225,#5226));
#1183=EDGE_LOOP('',(#5227,#5228,#5229,#5230));
#1184=EDGE_LOOP('',(#5231,#5232,#5233,#5234));
#1185=EDGE_LOOP('',(#5235,#5236,#5237,#5238));
#1186=EDGE_LOOP('',(#5239,#5240,#5241,#5242));
#1187=EDGE_LOOP('',(#5243,#5244,#5245,#5246));
#1188=EDGE_LOOP('',(#5247,#5248,#5249,#5250,#5251,#5252,#5253,#5254));
#1189=EDGE_LOOP('',(#5255,#5256,#5257,#5258,#5259,#5260));
#1190=LINE('',#8135,#1719);
#1191=LINE('',#8142,#1720);
#1192=LINE('',#8149,#1721);
#1193=LINE('',#8156,#1722);
#1194=LINE('',#8163,#1723);
#1195=LINE('',#8169,#1724);
#1196=LINE('',#8175,#1725);
#1197=LINE('',#8181,#1726);
#1198=LINE('',#8187,#1727);
#1199=LINE('',#8193,#1728);
#1200=LINE('',#8199,#1729);
#1201=LINE('',#8205,#1730);
#1202=LINE('',#8212,#1731);
#1203=LINE('',#8215,#1732);
#1204=LINE('',#8218,#1733);
#1205=LINE('',#8220,#1734);
#1206=LINE('',#8221,#1735);
#1207=LINE('',#8224,#1736);
#1208=LINE('',#8228,#1737);
#1209=LINE('',#8230,#1738);
#1210=LINE('',#8232,#1739);
#1211=LINE('',#8234,#1740);
#1212=LINE('',#8236,#1741);
#1213=LINE('',#8237,#1742);
#1214=LINE('',#8242,#1743);
#1215=LINE('',#8243,#1744);
#1216=LINE('',#8246,#1745);
#1217=LINE('',#8247,#1746);
#1218=LINE('',#8252,#1747);
#1219=LINE('',#8259,#1748);
#1220=LINE('',#8266,#1749);
#1221=LINE('',#8273,#1750);
#1222=LINE('',#8278,#1751);
#1223=LINE('',#8280,#1752);
#1224=LINE('',#8281,#1753);
#1225=LINE('',#8284,#1754);
#1226=LINE('',#8285,#1755);
#1227=LINE('',#8288,#1756);
#1228=LINE('',#8289,#1757);
#1229=LINE('',#8291,#1758);
#1230=LINE('',#8293,#1759);
#1231=LINE('',#8295,#1760);
#1232=LINE('',#8301,#1761);
#1233=LINE('',#8303,#1762);
#1234=LINE('',#8305,#1763);
#1235=LINE('',#8306,#1764);
#1236=LINE('',#8309,#1765);
#1237=LINE('',#8311,#1766);
#1238=LINE('',#8312,#1767);
#1239=LINE('',#8315,#1768);
#1240=LINE('',#8317,#1769);
#1241=LINE('',#8318,#1770);
#1242=LINE('',#8320,#1771);
#1243=LINE('',#8321,#1772);
#1244=LINE('',#8327,#1773);
#1245=LINE('',#8334,#1774);
#1246=LINE('',#8341,#1775);
#1247=LINE('',#8348,#1776);
#1248=LINE('',#8354,#1777);
#1249=LINE('',#8356,#1778);
#1250=LINE('',#8358,#1779);
#1251=LINE('',#8359,#1780);
#1252=LINE('',#8362,#1781);
#1253=LINE('',#8364,#1782);
#1254=LINE('',#8365,#1783);
#1255=LINE('',#8368,#1784);
#1256=LINE('',#8369,#1785);
#1257=LINE('',#8372,#1786);
#1258=LINE('',#8373,#1787);
#1259=LINE('',#8375,#1788);
#1260=LINE('',#8381,#1789);
#1261=LINE('',#8387,#1790);
#1262=LINE('',#8396,#1791);
#1263=LINE('',#8404,#1792);
#1264=LINE('',#8407,#1793);
#1265=LINE('',#8410,#1794);
#1266=LINE('',#8412,#1795);
#1267=LINE('',#8413,#1796);
#1268=LINE('',#8418,#1797);
#1269=LINE('',#8421,#1798);
#1270=LINE('',#8422,#1799);
#1271=LINE('',#8428,#1800);
#1272=LINE('',#8431,#1801);
#1273=LINE('',#8434,#1802);
#1274=LINE('',#8436,#1803);
#1275=LINE('',#8437,#1804);
#1276=LINE('',#8442,#1805);
#1277=LINE('',#8445,#1806);
#1278=LINE('',#8446,#1807);
#1279=LINE('',#8452,#1808);
#1280=LINE('',#8455,#1809);
#1281=LINE('',#8458,#1810);
#1282=LINE('',#8460,#1811);
#1283=LINE('',#8461,#1812);
#1284=LINE('',#8466,#1813);
#1285=LINE('',#8469,#1814);
#1286=LINE('',#8470,#1815);
#1287=LINE('',#8476,#1816);
#1288=LINE('',#8479,#1817);
#1289=LINE('',#8482,#1818);
#1290=LINE('',#8484,#1819);
#1291=LINE('',#8485,#1820);
#1292=LINE('',#8490,#1821);
#1293=LINE('',#8493,#1822);
#1294=LINE('',#8494,#1823);
#1295=LINE('',#8500,#1824);
#1296=LINE('',#8503,#1825);
#1297=LINE('',#8506,#1826);
#1298=LINE('',#8508,#1827);
#1299=LINE('',#8509,#1828);
#1300=LINE('',#8514,#1829);
#1301=LINE('',#8517,#1830);
#1302=LINE('',#8518,#1831);
#1303=LINE('',#8524,#1832);
#1304=LINE('',#8527,#1833);
#1305=LINE('',#8530,#1834);
#1306=LINE('',#8532,#1835);
#1307=LINE('',#8533,#1836);
#1308=LINE('',#8538,#1837);
#1309=LINE('',#8541,#1838);
#1310=LINE('',#8542,#1839);
#1311=LINE('',#8546,#1840);
#1312=LINE('',#8548,#1841);
#1313=LINE('',#8550,#1842);
#1314=LINE('',#8551,#1843);
#1315=LINE('',#8556,#1844);
#1316=LINE('',#8560,#1845);
#1317=LINE('',#8562,#1846);
#1318=LINE('',#8563,#1847);
#1319=LINE('',#8572,#1848);
#1320=LINE('',#8575,#1849);
#1321=LINE('',#8578,#1850);
#1322=LINE('',#8580,#1851);
#1323=LINE('',#8581,#1852);
#1324=LINE('',#8586,#1853);
#1325=LINE('',#8589,#1854);
#1326=LINE('',#8590,#1855);
#1327=LINE('',#8596,#1856);
#1328=LINE('',#8599,#1857);
#1329=LINE('',#8602,#1858);
#1330=LINE('',#8604,#1859);
#1331=LINE('',#8605,#1860);
#1332=LINE('',#8610,#1861);
#1333=LINE('',#8613,#1862);
#1334=LINE('',#8614,#1863);
#1335=LINE('',#8620,#1864);
#1336=LINE('',#8623,#1865);
#1337=LINE('',#8626,#1866);
#1338=LINE('',#8628,#1867);
#1339=LINE('',#8629,#1868);
#1340=LINE('',#8634,#1869);
#1341=LINE('',#8637,#1870);
#1342=LINE('',#8638,#1871);
#1343=LINE('',#8642,#1872);
#1344=LINE('',#8644,#1873);
#1345=LINE('',#8646,#1874);
#1346=LINE('',#8647,#1875);
#1347=LINE('',#8650,#1876);
#1348=LINE('',#8652,#1877);
#1349=LINE('',#8653,#1878);
#1350=LINE('',#8656,#1879);
#1351=LINE('',#8658,#1880);
#1352=LINE('',#8659,#1881);
#1353=LINE('',#8663,#1882);
#1354=LINE('',#8665,#1883);
#1355=LINE('',#8667,#1884);
#1356=LINE('',#8668,#1885);
#1357=LINE('',#8671,#1886);
#1358=LINE('',#8673,#1887);
#1359=LINE('',#8674,#1888);
#1360=LINE('',#8677,#1889);
#1361=LINE('',#8679,#1890);
#1362=LINE('',#8680,#1891);
#1363=LINE('',#8684,#1892);
#1364=LINE('',#8686,#1893);
#1365=LINE('',#8688,#1894);
#1366=LINE('',#8689,#1895);
#1367=LINE('',#8692,#1896);
#1368=LINE('',#8694,#1897);
#1369=LINE('',#8695,#1898);
#1370=LINE('',#8698,#1899);
#1371=LINE('',#8700,#1900);
#1372=LINE('',#8701,#1901);
#1373=LINE('',#8705,#1902);
#1374=LINE('',#8707,#1903);
#1375=LINE('',#8709,#1904);
#1376=LINE('',#8710,#1905);
#1377=LINE('',#8713,#1906);
#1378=LINE('',#8715,#1907);
#1379=LINE('',#8716,#1908);
#1380=LINE('',#8719,#1909);
#1381=LINE('',#8721,#1910);
#1382=LINE('',#8722,#1911);
#1383=LINE('',#8726,#1912);
#1384=LINE('',#8728,#1913);
#1385=LINE('',#8730,#1914);
#1386=LINE('',#8731,#1915);
#1387=LINE('',#8734,#1916);
#1388=LINE('',#8736,#1917);
#1389=LINE('',#8737,#1918);
#1390=LINE('',#8740,#1919);
#1391=LINE('',#8742,#1920);
#1392=LINE('',#8743,#1921);
#1393=LINE('',#8747,#1922);
#1394=LINE('',#8749,#1923);
#1395=LINE('',#8751,#1924);
#1396=LINE('',#8752,#1925);
#1397=LINE('',#8755,#1926);
#1398=LINE('',#8757,#1927);
#1399=LINE('',#8758,#1928);
#1400=LINE('',#8761,#1929);
#1401=LINE('',#8763,#1930);
#1402=LINE('',#8764,#1931);
#1403=LINE('',#8768,#1932);
#1404=LINE('',#8770,#1933);
#1405=LINE('',#8772,#1934);
#1406=LINE('',#8773,#1935);
#1407=LINE('',#8776,#1936);
#1408=LINE('',#8778,#1937);
#1409=LINE('',#8779,#1938);
#1410=LINE('',#8782,#1939);
#1411=LINE('',#8784,#1940);
#1412=LINE('',#8785,#1941);
#1413=LINE('',#8789,#1942);
#1414=LINE('',#8791,#1943);
#1415=LINE('',#8793,#1944);
#1416=LINE('',#8794,#1945);
#1417=LINE('',#8797,#1946);
#1418=LINE('',#8799,#1947);
#1419=LINE('',#8800,#1948);
#1420=LINE('',#8803,#1949);
#1421=LINE('',#8805,#1950);
#1422=LINE('',#8806,#1951);
#1423=LINE('',#8810,#1952);
#1424=LINE('',#8812,#1953);
#1425=LINE('',#8814,#1954);
#1426=LINE('',#8815,#1955);
#1427=LINE('',#8818,#1956);
#1428=LINE('',#8820,#1957);
#1429=LINE('',#8821,#1958);
#1430=LINE('',#8824,#1959);
#1431=LINE('',#8826,#1960);
#1432=LINE('',#8827,#1961);
#1433=LINE('',#8831,#1962);
#1434=LINE('',#8833,#1963);
#1435=LINE('',#8835,#1964);
#1436=LINE('',#8836,#1965);
#1437=LINE('',#8839,#1966);
#1438=LINE('',#8841,#1967);
#1439=LINE('',#8842,#1968);
#1440=LINE('',#8845,#1969);
#1441=LINE('',#8847,#1970);
#1442=LINE('',#8848,#1971);
#1443=LINE('',#8852,#1972);
#1444=LINE('',#8854,#1973);
#1445=LINE('',#8856,#1974);
#1446=LINE('',#8857,#1975);
#1447=LINE('',#8860,#1976);
#1448=LINE('',#8862,#1977);
#1449=LINE('',#8863,#1978);
#1450=LINE('',#8866,#1979);
#1451=LINE('',#8868,#1980);
#1452=LINE('',#8869,#1981);
#1453=LINE('',#8873,#1982);
#1454=LINE('',#8875,#1983);
#1455=LINE('',#8877,#1984);
#1456=LINE('',#8878,#1985);
#1457=LINE('',#8881,#1986);
#1458=LINE('',#8883,#1987);
#1459=LINE('',#8884,#1988);
#1460=LINE('',#8887,#1989);
#1461=LINE('',#8889,#1990);
#1462=LINE('',#8890,#1991);
#1463=LINE('',#8894,#1992);
#1464=LINE('',#8896,#1993);
#1465=LINE('',#8898,#1994);
#1466=LINE('',#8899,#1995);
#1467=LINE('',#8902,#1996);
#1468=LINE('',#8904,#1997);
#1469=LINE('',#8905,#1998);
#1470=LINE('',#8908,#1999);
#1471=LINE('',#8910,#2000);
#1472=LINE('',#8911,#2001);
#1473=LINE('',#8915,#2002);
#1474=LINE('',#8917,#2003);
#1475=LINE('',#8919,#2004);
#1476=LINE('',#8920,#2005);
#1477=LINE('',#8923,#2006);
#1478=LINE('',#8925,#2007);
#1479=LINE('',#8926,#2008);
#1480=LINE('',#8929,#2009);
#1481=LINE('',#8931,#2010);
#1482=LINE('',#8932,#2011);
#1483=LINE('',#8936,#2012);
#1484=LINE('',#8938,#2013);
#1485=LINE('',#8940,#2014);
#1486=LINE('',#8941,#2015);
#1487=LINE('',#8944,#2016);
#1488=LINE('',#8946,#2017);
#1489=LINE('',#8947,#2018);
#1490=LINE('',#8950,#2019);
#1491=LINE('',#8952,#2020);
#1492=LINE('',#8953,#2021);
#1493=LINE('',#8957,#2022);
#1494=LINE('',#8959,#2023);
#1495=LINE('',#8961,#2024);
#1496=LINE('',#8962,#2025);
#1497=LINE('',#8965,#2026);
#1498=LINE('',#8967,#2027);
#1499=LINE('',#8968,#2028);
#1500=LINE('',#8971,#2029);
#1501=LINE('',#8973,#2030);
#1502=LINE('',#8974,#2031);
#1503=LINE('',#8978,#2032);
#1504=LINE('',#8980,#2033);
#1505=LINE('',#8982,#2034);
#1506=LINE('',#8983,#2035);
#1507=LINE('',#8986,#2036);
#1508=LINE('',#8988,#2037);
#1509=LINE('',#8989,#2038);
#1510=LINE('',#8992,#2039);
#1511=LINE('',#8994,#2040);
#1512=LINE('',#8995,#2041);
#1513=LINE('',#8999,#2042);
#1514=LINE('',#9001,#2043);
#1515=LINE('',#9003,#2044);
#1516=LINE('',#9004,#2045);
#1517=LINE('',#9007,#2046);
#1518=LINE('',#9009,#2047);
#1519=LINE('',#9010,#2048);
#1520=LINE('',#9013,#2049);
#1521=LINE('',#9015,#2050);
#1522=LINE('',#9016,#2051);
#1523=LINE('',#9020,#2052);
#1524=LINE('',#9022,#2053);
#1525=LINE('',#9024,#2054);
#1526=LINE('',#9025,#2055);
#1527=LINE('',#9028,#2056);
#1528=LINE('',#9030,#2057);
#1529=LINE('',#9031,#2058);
#1530=LINE('',#9034,#2059);
#1531=LINE('',#9036,#2060);
#1532=LINE('',#9037,#2061);
#1533=LINE('',#9041,#2062);
#1534=LINE('',#9043,#2063);
#1535=LINE('',#9045,#2064);
#1536=LINE('',#9046,#2065);
#1537=LINE('',#9049,#2066);
#1538=LINE('',#9051,#2067);
#1539=LINE('',#9052,#2068);
#1540=LINE('',#9055,#2069);
#1541=LINE('',#9057,#2070);
#1542=LINE('',#9058,#2071);
#1543=LINE('',#9062,#2072);
#1544=LINE('',#9064,#2073);
#1545=LINE('',#9066,#2074);
#1546=LINE('',#9067,#2075);
#1547=LINE('',#9070,#2076);
#1548=LINE('',#9072,#2077);
#1549=LINE('',#9073,#2078);
#1550=LINE('',#9076,#2079);
#1551=LINE('',#9078,#2080);
#1552=LINE('',#9079,#2081);
#1553=LINE('',#9083,#2082);
#1554=LINE('',#9085,#2083);
#1555=LINE('',#9087,#2084);
#1556=LINE('',#9088,#2085);
#1557=LINE('',#9091,#2086);
#1558=LINE('',#9093,#2087);
#1559=LINE('',#9094,#2088);
#1560=LINE('',#9097,#2089);
#1561=LINE('',#9099,#2090);
#1562=LINE('',#9100,#2091);
#1563=LINE('',#9104,#2092);
#1564=LINE('',#9106,#2093);
#1565=LINE('',#9108,#2094);
#1566=LINE('',#9109,#2095);
#1567=LINE('',#9112,#2096);
#1568=LINE('',#9114,#2097);
#1569=LINE('',#9115,#2098);
#1570=LINE('',#9118,#2099);
#1571=LINE('',#9120,#2100);
#1572=LINE('',#9121,#2101);
#1573=LINE('',#9125,#2102);
#1574=LINE('',#9127,#2103);
#1575=LINE('',#9129,#2104);
#1576=LINE('',#9130,#2105);
#1577=LINE('',#9133,#2106);
#1578=LINE('',#9135,#2107);
#1579=LINE('',#9136,#2108);
#1580=LINE('',#9139,#2109);
#1581=LINE('',#9141,#2110);
#1582=LINE('',#9142,#2111);
#1583=LINE('',#9222,#2112);
#1584=LINE('',#9228,#2113);
#1585=LINE('',#9236,#2114);
#1586=LINE('',#9249,#2115);
#1587=LINE('',#9254,#2116);
#1588=LINE('',#9259,#2117);
#1589=LINE('',#9261,#2118);
#1590=LINE('',#9263,#2119);
#1591=LINE('',#9264,#2120);
#1592=LINE('',#9267,#2121);
#1593=LINE('',#9269,#2122);
#1594=LINE('',#9270,#2123);
#1595=LINE('',#9273,#2124);
#1596=LINE('',#9275,#2125);
#1597=LINE('',#9276,#2126);
#1598=LINE('',#9278,#2127);
#1599=LINE('',#9279,#2128);
#1600=LINE('',#9286,#2129);
#1601=LINE('',#9288,#2130);
#1602=LINE('',#9290,#2131);
#1603=LINE('',#9291,#2132);
#1604=LINE('',#9294,#2133);
#1605=LINE('',#9296,#2134);
#1606=LINE('',#9297,#2135);
#1607=LINE('',#9300,#2136);
#1608=LINE('',#9302,#2137);
#1609=LINE('',#9303,#2138);
#1610=LINE('',#9305,#2139);
#1611=LINE('',#9306,#2140);
#1612=LINE('',#9314,#2141);
#1613=LINE('',#9322,#2142);
#1614=LINE('',#9324,#2143);
#1615=LINE('',#9326,#2144);
#1616=LINE('',#9327,#2145);
#1617=LINE('',#9330,#2146);
#1618=LINE('',#9332,#2147);
#1619=LINE('',#9333,#2148);
#1620=LINE('',#9336,#2149);
#1621=LINE('',#9338,#2150);
#1622=LINE('',#9339,#2151);
#1623=LINE('',#9341,#2152);
#1624=LINE('',#9342,#2153);
#1625=LINE('',#9350,#2154);
#1626=LINE('',#9357,#2155);
#1627=LINE('',#9365,#2156);
#1628=LINE('',#9374,#2157);
#1629=LINE('',#9380,#2158);
#1630=LINE('',#9386,#2159);
#1631=LINE('',#9392,#2160);
#1632=LINE('',#9399,#2161);
#1633=LINE('',#9402,#2162);
#1634=LINE('',#9405,#2163);
#1635=LINE('',#9407,#2164);
#1636=LINE('',#9408,#2165);
#1637=LINE('',#9411,#2166);
#1638=LINE('',#9415,#2167);
#1639=LINE('',#9419,#2168);
#1640=LINE('',#9425,#2169);
#1641=LINE('',#9426,#2170);
#1642=LINE('',#9429,#2171);
#1643=LINE('',#9430,#2172);
#1644=LINE('',#9434,#2173);
#1645=LINE('',#9438,#2174);
#1646=LINE('',#9440,#2175);
#1647=LINE('',#9442,#2176);
#1648=LINE('',#9449,#2177);
#1649=LINE('',#9462,#2178);
#1650=LINE('',#9469,#2179);
#1651=LINE('',#9474,#2180);
#1652=LINE('',#9476,#2181);
#1653=LINE('',#9478,#2182);
#1654=LINE('',#9479,#2183);
#1655=LINE('',#9485,#2184);
#1656=LINE('',#9488,#2185);
#1657=LINE('',#9490,#2186);
#1658=LINE('',#9491,#2187);
#1659=LINE('',#9496,#2188);
#1660=LINE('',#9502,#2189);
#1661=LINE('',#9509,#2190);
#1662=LINE('',#9512,#2191);
#1663=LINE('',#9519,#2192);
#1664=LINE('',#9521,#2193);
#1665=LINE('',#9523,#2194);
#1666=LINE('',#9524,#2195);
#1667=LINE('',#9530,#2196);
#1668=LINE('',#9532,#2197);
#1669=LINE('',#9533,#2198);
#1670=LINE('',#9538,#2199);
#1671=LINE('',#9543,#2200);
#1672=LINE('',#9547,#2201);
#1673=LINE('',#9552,#2202);
#1674=LINE('',#9558,#2203);
#1675=LINE('',#9564,#2204);
#1676=LINE('',#9569,#2205);
#1677=LINE('',#9571,#2206);
#1678=LINE('',#9573,#2207);
#1679=LINE('',#9574,#2208);
#1680=LINE('',#9576,#2209);
#1681=LINE('',#9577,#2210);
#1682=LINE('',#9580,#2211);
#1683=LINE('',#9582,#2212);
#1684=LINE('',#9583,#2213);
#1685=LINE('',#9586,#2214);
#1686=LINE('',#9588,#2215);
#1687=LINE('',#9589,#2216);
#1688=LINE('',#9599,#2217);
#1689=LINE('',#9607,#2218);
#1690=LINE('',#9615,#2219);
#1691=LINE('',#9623,#2220);
#1692=LINE('',#9631,#2221);
#1693=LINE('',#9641,#2222);
#1694=LINE('',#9644,#2223);
#1695=LINE('',#9649,#2224);
#1696=LINE('',#9653,#2225);
#1697=LINE('',#9657,#2226);
#1698=LINE('',#9662,#2227);
#1699=LINE('',#9667,#2228);
#1700=LINE('',#9671,#2229);
#1701=LINE('',#9674,#2230);
#1702=LINE('',#9679,#2231);
#1703=LINE('',#9680,#2232);
#1704=LINE('',#9684,#2233);
#1705=LINE('',#9687,#2234);
#1706=LINE('',#9689,#2235);
#1707=LINE('',#9690,#2236);
#1708=LINE('',#9694,#2237);
#1709=LINE('',#9697,#2238);
#1710=LINE('',#9698,#2239);
#1711=LINE('',#9702,#2240);
#1712=LINE('',#9705,#2241);
#1713=LINE('',#9706,#2242);
#1714=LINE('',#9710,#2243);
#1715=LINE('',#9713,#2244);
#1716=LINE('',#9714,#2245);
#1717=LINE('',#9718,#2246);
#1718=LINE('',#9720,#2247);
#1719=VECTOR('',#6438,2.5);
#1720=VECTOR('',#6447,2.5);
#1721=VECTOR('',#6456,2.5);
#1722=VECTOR('',#6465,2.5);
#1723=VECTOR('',#6474,2.5);
#1724=VECTOR('',#6481,2.5);
#1725=VECTOR('',#6488,2.5);
#1726=VECTOR('',#6495,2.5);
#1727=VECTOR('',#6502,2.5);
#1728=VECTOR('',#6509,2.5);
#1729=VECTOR('',#6516,2.5);
#1730=VECTOR('',#6523,2.5);
#1731=VECTOR('',#6530,10.);
#1732=VECTOR('',#6533,10.);
#1733=VECTOR('',#6536,10.);
#1734=VECTOR('',#6537,10.);
#1735=VECTOR('',#6538,10.);
#1736=VECTOR('',#6541,10.);
#1737=VECTOR('',#6544,10.);
#1738=VECTOR('',#6545,10.);
#1739=VECTOR('',#6546,10.);
#1740=VECTOR('',#6547,10.);
#1741=VECTOR('',#6548,10.);
#1742=VECTOR('',#6549,10.);
#1743=VECTOR('',#6554,10.);
#1744=VECTOR('',#6555,10.);
#1745=VECTOR('',#6558,10.);
#1746=VECTOR('',#6559,10.);
#1747=VECTOR('',#6564,5.);
#1748=VECTOR('',#6573,5.);
#1749=VECTOR('',#6582,5.);
#1750=VECTOR('',#6591,5.);
#1751=VECTOR('',#6598,10.);
#1752=VECTOR('',#6599,10.);
#1753=VECTOR('',#6600,10.);
#1754=VECTOR('',#6603,10.);
#1755=VECTOR('',#6604,10.);
#1756=VECTOR('',#6607,10.);
#1757=VECTOR('',#6608,10.);
#1758=VECTOR('',#6611,10.);
#1759=VECTOR('',#6614,10.);
#1760=VECTOR('',#6617,10.);
#1761=VECTOR('',#6624,10.);
#1762=VECTOR('',#6625,10.);
#1763=VECTOR('',#6626,10.);
#1764=VECTOR('',#6627,10.);
#1765=VECTOR('',#6630,10.);
#1766=VECTOR('',#6631,10.);
#1767=VECTOR('',#6632,10.);
#1768=VECTOR('',#6635,10.);
#1769=VECTOR('',#6636,10.);
#1770=VECTOR('',#6637,10.);
#1771=VECTOR('',#6640,10.);
#1772=VECTOR('',#6641,10.);
#1773=VECTOR('',#6648,1.5);
#1774=VECTOR('',#6657,2.);
#1775=VECTOR('',#6666,3.5);
#1776=VECTOR('',#6675,12.5);
#1777=VECTOR('',#6682,10.);
#1778=VECTOR('',#6683,10.);
#1779=VECTOR('',#6684,10.);
#1780=VECTOR('',#6685,10.);
#1781=VECTOR('',#6688,10.);
#1782=VECTOR('',#6689,10.);
#1783=VECTOR('',#6690,10.);
#1784=VECTOR('',#6693,10.);
#1785=VECTOR('',#6694,10.);
#1786=VECTOR('',#6697,10.);
#1787=VECTOR('',#6698,10.);
#1788=VECTOR('',#6701,10.);
#1789=VECTOR('',#6708,1.5);
#1790=VECTOR('',#6715,6.75);
#1791=VECTOR('',#6728,2.5);
#1792=VECTOR('',#6737,10.);
#1793=VECTOR('',#6740,10.);
#1794=VECTOR('',#6743,10.);
#1795=VECTOR('',#6744,10.);
#1796=VECTOR('',#6745,10.);
#1797=VECTOR('',#6750,10.);
#1798=VECTOR('',#6755,10.);
#1799=VECTOR('',#6756,10.);
#1800=VECTOR('',#6761,10.);
#1801=VECTOR('',#6764,10.);
#1802=VECTOR('',#6767,10.);
#1803=VECTOR('',#6768,10.);
#1804=VECTOR('',#6769,10.);
#1805=VECTOR('',#6774,10.);
#1806=VECTOR('',#6779,10.);
#1807=VECTOR('',#6780,10.);
#1808=VECTOR('',#6785,10.);
#1809=VECTOR('',#6788,10.);
#1810=VECTOR('',#6791,10.);
#1811=VECTOR('',#6792,10.);
#1812=VECTOR('',#6793,10.);
#1813=VECTOR('',#6798,10.);
#1814=VECTOR('',#6803,10.);
#1815=VECTOR('',#6804,10.);
#1816=VECTOR('',#6809,10.);
#1817=VECTOR('',#6812,10.);
#1818=VECTOR('',#6815,10.);
#1819=VECTOR('',#6816,10.);
#1820=VECTOR('',#6817,10.);
#1821=VECTOR('',#6822,10.);
#1822=VECTOR('',#6827,10.);
#1823=VECTOR('',#6828,10.);
#1824=VECTOR('',#6833,10.);
#1825=VECTOR('',#6836,10.);
#1826=VECTOR('',#6839,10.);
#1827=VECTOR('',#6840,10.);
#1828=VECTOR('',#6841,10.);
#1829=VECTOR('',#6846,10.);
#1830=VECTOR('',#6851,10.);
#1831=VECTOR('',#6852,10.);
#1832=VECTOR('',#6857,10.);
#1833=VECTOR('',#6860,10.);
#1834=VECTOR('',#6863,10.);
#1835=VECTOR('',#6864,10.);
#1836=VECTOR('',#6865,10.);
#1837=VECTOR('',#6870,10.);
#1838=VECTOR('',#6875,10.);
#1839=VECTOR('',#6876,10.);
#1840=VECTOR('',#6879,10.);
#1841=VECTOR('',#6880,10.);
#1842=VECTOR('',#6881,10.);
#1843=VECTOR('',#6882,10.);
#1844=VECTOR('',#6887,10.);
#1845=VECTOR('',#6892,10.);
#1846=VECTOR('',#6893,10.);
#1847=VECTOR('',#6894,10.);
#1848=VECTOR('',#6905,10.);
#1849=VECTOR('',#6908,10.);
#1850=VECTOR('',#6911,10.);
#1851=VECTOR('',#6912,10.);
#1852=VECTOR('',#6913,10.);
#1853=VECTOR('',#6918,10.);
#1854=VECTOR('',#6923,10.);
#1855=VECTOR('',#6924,10.);
#1856=VECTOR('',#6929,10.);
#1857=VECTOR('',#6932,10.);
#1858=VECTOR('',#6935,10.);
#1859=VECTOR('',#6936,10.);
#1860=VECTOR('',#6937,10.);
#1861=VECTOR('',#6942,10.);
#1862=VECTOR('',#6947,10.);
#1863=VECTOR('',#6948,10.);
#1864=VECTOR('',#6953,10.);
#1865=VECTOR('',#6956,10.);
#1866=VECTOR('',#6959,10.);
#1867=VECTOR('',#6960,10.);
#1868=VECTOR('',#6961,10.);
#1869=VECTOR('',#6966,10.);
#1870=VECTOR('',#6971,10.);
#1871=VECTOR('',#6972,10.);
#1872=VECTOR('',#6975,10.);
#1873=VECTOR('',#6976,10.);
#1874=VECTOR('',#6977,10.);
#1875=VECTOR('',#6978,10.);
#1876=VECTOR('',#6981,10.);
#1877=VECTOR('',#6982,10.);
#1878=VECTOR('',#6983,10.);
#1879=VECTOR('',#6986,10.);
#1880=VECTOR('',#6987,10.);
#1881=VECTOR('',#6988,10.);
#1882=VECTOR('',#6991,10.);
#1883=VECTOR('',#6992,10.);
#1884=VECTOR('',#6993,10.);
#1885=VECTOR('',#6994,10.);
#1886=VECTOR('',#6997,10.);
#1887=VECTOR('',#6998,10.);
#1888=VECTOR('',#6999,10.);
#1889=VECTOR('',#7002,10.);
#1890=VECTOR('',#7003,10.);
#1891=VECTOR('',#7004,10.);
#1892=VECTOR('',#7007,10.);
#1893=VECTOR('',#7008,10.);
#1894=VECTOR('',#7009,10.);
#1895=VECTOR('',#7010,10.);
#1896=VECTOR('',#7013,10.);
#1897=VECTOR('',#7014,10.);
#1898=VECTOR('',#7015,10.);
#1899=VECTOR('',#7018,10.);
#1900=VECTOR('',#7019,10.);
#1901=VECTOR('',#7020,10.);
#1902=VECTOR('',#7023,10.);
#1903=VECTOR('',#7024,10.);
#1904=VECTOR('',#7025,10.);
#1905=VECTOR('',#7026,10.);
#1906=VECTOR('',#7029,10.);
#1907=VECTOR('',#7030,10.);
#1908=VECTOR('',#7031,10.);
#1909=VECTOR('',#7034,10.);
#1910=VECTOR('',#7035,10.);
#1911=VECTOR('',#7036,10.);
#1912=VECTOR('',#7039,10.);
#1913=VECTOR('',#7040,10.);
#1914=VECTOR('',#7041,10.);
#1915=VECTOR('',#7042,10.);
#1916=VECTOR('',#7045,10.);
#1917=VECTOR('',#7046,10.);
#1918=VECTOR('',#7047,10.);
#1919=VECTOR('',#7050,10.);
#1920=VECTOR('',#7051,10.);
#1921=VECTOR('',#7052,10.);
#1922=VECTOR('',#7055,10.);
#1923=VECTOR('',#7056,10.);
#1924=VECTOR('',#7057,10.);
#1925=VECTOR('',#7058,10.);
#1926=VECTOR('',#7061,10.);
#1927=VECTOR('',#7062,10.);
#1928=VECTOR('',#7063,10.);
#1929=VECTOR('',#7066,10.);
#1930=VECTOR('',#7067,10.);
#1931=VECTOR('',#7068,10.);
#1932=VECTOR('',#7071,10.);
#1933=VECTOR('',#7072,10.);
#1934=VECTOR('',#7073,10.);
#1935=VECTOR('',#7074,10.);
#1936=VECTOR('',#7077,10.);
#1937=VECTOR('',#7078,10.);
#1938=VECTOR('',#7079,10.);
#1939=VECTOR('',#7082,10.);
#1940=VECTOR('',#7083,10.);
#1941=VECTOR('',#7084,10.);
#1942=VECTOR('',#7087,10.);
#1943=VECTOR('',#7088,10.);
#1944=VECTOR('',#7089,10.);
#1945=VECTOR('',#7090,10.);
#1946=VECTOR('',#7093,10.);
#1947=VECTOR('',#7094,10.);
#1948=VECTOR('',#7095,10.);
#1949=VECTOR('',#7098,10.);
#1950=VECTOR('',#7099,10.);
#1951=VECTOR('',#7100,10.);
#1952=VECTOR('',#7103,10.);
#1953=VECTOR('',#7104,10.);
#1954=VECTOR('',#7105,10.);
#1955=VECTOR('',#7106,10.);
#1956=VECTOR('',#7109,10.);
#1957=VECTOR('',#7110,10.);
#1958=VECTOR('',#7111,10.);
#1959=VECTOR('',#7114,10.);
#1960=VECTOR('',#7115,10.);
#1961=VECTOR('',#7116,10.);
#1962=VECTOR('',#7119,10.);
#1963=VECTOR('',#7120,10.);
#1964=VECTOR('',#7121,10.);
#1965=VECTOR('',#7122,10.);
#1966=VECTOR('',#7125,10.);
#1967=VECTOR('',#7126,10.);
#1968=VECTOR('',#7127,10.);
#1969=VECTOR('',#7130,10.);
#1970=VECTOR('',#7131,10.);
#1971=VECTOR('',#7132,10.);
#1972=VECTOR('',#7135,10.);
#1973=VECTOR('',#7136,10.);
#1974=VECTOR('',#7137,10.);
#1975=VECTOR('',#7138,10.);
#1976=VECTOR('',#7141,10.);
#1977=VECTOR('',#7142,10.);
#1978=VECTOR('',#7143,10.);
#1979=VECTOR('',#7146,10.);
#1980=VECTOR('',#7147,10.);
#1981=VECTOR('',#7148,10.);
#1982=VECTOR('',#7151,10.);
#1983=VECTOR('',#7152,10.);
#1984=VECTOR('',#7153,10.);
#1985=VECTOR('',#7154,10.);
#1986=VECTOR('',#7157,10.);
#1987=VECTOR('',#7158,10.);
#1988=VECTOR('',#7159,10.);
#1989=VECTOR('',#7162,10.);
#1990=VECTOR('',#7163,10.);
#1991=VECTOR('',#7164,10.);
#1992=VECTOR('',#7167,10.);
#1993=VECTOR('',#7168,10.);
#1994=VECTOR('',#7169,10.);
#1995=VECTOR('',#7170,10.);
#1996=VECTOR('',#7173,10.);
#1997=VECTOR('',#7174,10.);
#1998=VECTOR('',#7175,10.);
#1999=VECTOR('',#7178,10.);
#2000=VECTOR('',#7179,10.);
#2001=VECTOR('',#7180,10.);
#2002=VECTOR('',#7183,10.);
#2003=VECTOR('',#7184,10.);
#2004=VECTOR('',#7185,10.);
#2005=VECTOR('',#7186,10.);
#2006=VECTOR('',#7189,10.);
#2007=VECTOR('',#7190,10.);
#2008=VECTOR('',#7191,10.);
#2009=VECTOR('',#7194,10.);
#2010=VECTOR('',#7195,10.);
#2011=VECTOR('',#7196,10.);
#2012=VECTOR('',#7199,10.);
#2013=VECTOR('',#7200,10.);
#2014=VECTOR('',#7201,10.);
#2015=VECTOR('',#7202,10.);
#2016=VECTOR('',#7205,10.);
#2017=VECTOR('',#7206,10.);
#2018=VECTOR('',#7207,10.);
#2019=VECTOR('',#7210,10.);
#2020=VECTOR('',#7211,10.);
#2021=VECTOR('',#7212,10.);
#2022=VECTOR('',#7215,10.);
#2023=VECTOR('',#7216,10.);
#2024=VECTOR('',#7217,10.);
#2025=VECTOR('',#7218,10.);
#2026=VECTOR('',#7221,10.);
#2027=VECTOR('',#7222,10.);
#2028=VECTOR('',#7223,10.);
#2029=VECTOR('',#7226,10.);
#2030=VECTOR('',#7227,10.);
#2031=VECTOR('',#7228,10.);
#2032=VECTOR('',#7231,10.);
#2033=VECTOR('',#7232,10.);
#2034=VECTOR('',#7233,10.);
#2035=VECTOR('',#7234,10.);
#2036=VECTOR('',#7237,10.);
#2037=VECTOR('',#7238,10.);
#2038=VECTOR('',#7239,10.);
#2039=VECTOR('',#7242,10.);
#2040=VECTOR('',#7243,10.);
#2041=VECTOR('',#7244,10.);
#2042=VECTOR('',#7247,10.);
#2043=VECTOR('',#7248,10.);
#2044=VECTOR('',#7249,10.);
#2045=VECTOR('',#7250,10.);
#2046=VECTOR('',#7253,10.);
#2047=VECTOR('',#7254,10.);
#2048=VECTOR('',#7255,10.);
#2049=VECTOR('',#7258,10.);
#2050=VECTOR('',#7259,10.);
#2051=VECTOR('',#7260,10.);
#2052=VECTOR('',#7263,10.);
#2053=VECTOR('',#7264,10.);
#2054=VECTOR('',#7265,10.);
#2055=VECTOR('',#7266,10.);
#2056=VECTOR('',#7269,10.);
#2057=VECTOR('',#7270,10.);
#2058=VECTOR('',#7271,10.);
#2059=VECTOR('',#7274,10.);
#2060=VECTOR('',#7275,10.);
#2061=VECTOR('',#7276,10.);
#2062=VECTOR('',#7279,10.);
#2063=VECTOR('',#7280,10.);
#2064=VECTOR('',#7281,10.);
#2065=VECTOR('',#7282,10.);
#2066=VECTOR('',#7285,10.);
#2067=VECTOR('',#7286,10.);
#2068=VECTOR('',#7287,10.);
#2069=VECTOR('',#7290,10.);
#2070=VECTOR('',#7291,10.);
#2071=VECTOR('',#7292,10.);
#2072=VECTOR('',#7295,10.);
#2073=VECTOR('',#7296,10.);
#2074=VECTOR('',#7297,10.);
#2075=VECTOR('',#7298,10.);
#2076=VECTOR('',#7301,10.);
#2077=VECTOR('',#7302,10.);
#2078=VECTOR('',#7303,10.);
#2079=VECTOR('',#7306,10.);
#2080=VECTOR('',#7307,10.);
#2081=VECTOR('',#7308,10.);
#2082=VECTOR('',#7311,10.);
#2083=VECTOR('',#7312,10.);
#2084=VECTOR('',#7313,10.);
#2085=VECTOR('',#7314,10.);
#2086=VECTOR('',#7317,10.);
#2087=VECTOR('',#7318,10.);
#2088=VECTOR('',#7319,10.);
#2089=VECTOR('',#7322,10.);
#2090=VECTOR('',#7323,10.);
#2091=VECTOR('',#7324,10.);
#2092=VECTOR('',#7327,10.);
#2093=VECTOR('',#7328,10.);
#2094=VECTOR('',#7329,10.);
#2095=VECTOR('',#7330,10.);
#2096=VECTOR('',#7333,10.);
#2097=VECTOR('',#7334,10.);
#2098=VECTOR('',#7335,10.);
#2099=VECTOR('',#7338,10.);
#2100=VECTOR('',#7339,10.);
#2101=VECTOR('',#7340,10.);
#2102=VECTOR('',#7343,10.);
#2103=VECTOR('',#7344,10.);
#2104=VECTOR('',#7345,10.);
#2105=VECTOR('',#7346,10.);
#2106=VECTOR('',#7349,10.);
#2107=VECTOR('',#7350,10.);
#2108=VECTOR('',#7351,10.);
#2109=VECTOR('',#7354,10.);
#2110=VECTOR('',#7355,10.);
#2111=VECTOR('',#7356,10.);
#2112=VECTOR('',#7511,20.);
#2113=VECTOR('',#7518,25.);
#2114=VECTOR('',#7529,2.5);
#2115=VECTOR('',#7548,20.);
#2116=VECTOR('',#7555,2.5);
#2117=VECTOR('',#7560,10.);
#2118=VECTOR('',#7561,10.);
#2119=VECTOR('',#7562,10.);
#2120=VECTOR('',#7563,10.);
#2121=VECTOR('',#7566,10.);
#2122=VECTOR('',#7567,10.);
#2123=VECTOR('',#7568,10.);
#2124=VECTOR('',#7571,10.);
#2125=VECTOR('',#7572,10.);
#2126=VECTOR('',#7573,10.);
#2127=VECTOR('',#7576,10.);
#2128=VECTOR('',#7577,10.);
#2129=VECTOR('',#7586,10.);
#2130=VECTOR('',#7587,10.);
#2131=VECTOR('',#7588,10.);
#2132=VECTOR('',#7589,10.);
#2133=VECTOR('',#7592,10.);
#2134=VECTOR('',#7593,10.);
#2135=VECTOR('',#7594,10.);
#2136=VECTOR('',#7597,10.);
#2137=VECTOR('',#7598,10.);
#2138=VECTOR('',#7599,10.);
#2139=VECTOR('',#7602,10.);
#2140=VECTOR('',#7603,10.);
#2141=VECTOR('',#7614,45.);
#2142=VECTOR('',#7625,10.);
#2143=VECTOR('',#7626,10.);
#2144=VECTOR('',#7627,10.);
#2145=VECTOR('',#7628,10.);
#2146=VECTOR('',#7631,10.);
#2147=VECTOR('',#7632,10.);
#2148=VECTOR('',#7633,10.);
#2149=VECTOR('',#7636,10.);
#2150=VECTOR('',#7637,10.);
#2151=VECTOR('',#7638,10.);
#2152=VECTOR('',#7641,10.);
#2153=VECTOR('',#7642,10.);
#2154=VECTOR('',#7653,1.5);
#2155=VECTOR('',#7662,5.);
#2156=VECTOR('',#7673,1.5);
#2157=VECTOR('',#7686,1.3355);
#2158=VECTOR('',#7693,1.3355);
#2159=VECTOR('',#7700,1.3355);
#2160=VECTOR('',#7707,1.3355);
#2161=VECTOR('',#7714,10.);
#2162=VECTOR('',#7717,10.);
#2163=VECTOR('',#7720,10.);
#2164=VECTOR('',#7721,10.);
#2165=VECTOR('',#7722,10.);
#2166=VECTOR('',#7725,10.);
#2167=VECTOR('',#7728,10.);
#2168=VECTOR('',#7731,10.);
#2169=VECTOR('',#7738,10.);
#2170=VECTOR('',#7739,10.);
#2171=VECTOR('',#7742,10.);
#2172=VECTOR('',#7743,10.);
#2173=VECTOR('',#7748,10.);
#2174=VECTOR('',#7753,10.);
#2175=VECTOR('',#7756,10.);
#2176=VECTOR('',#7759,10.);
#2177=VECTOR('',#7768,5.);
#2178=VECTOR('',#7785,12.7423877378724);
#2179=VECTOR('',#7794,2.5);
#2180=VECTOR('',#7799,10.);
#2181=VECTOR('',#7800,10.);
#2182=VECTOR('',#7801,10.);
#2183=VECTOR('',#7802,10.);
#2184=VECTOR('',#7809,10.);
#2185=VECTOR('',#7812,10.);
#2186=VECTOR('',#7813,10.);
#2187=VECTOR('',#7814,10.);
#2188=VECTOR('',#7819,10.);
#2189=VECTOR('',#7826,10.);
#2190=VECTOR('',#7833,10.);
#2191=VECTOR('',#7836,10.);
#2192=VECTOR('',#7845,10.);
#2193=VECTOR('',#7846,10.);
#2194=VECTOR('',#7847,10.);
#2195=VECTOR('',#7848,10.);
#2196=VECTOR('',#7855,10.);
#2197=VECTOR('',#7858,10.);
#2198=VECTOR('',#7859,10.);
#2199=VECTOR('',#7864,10.);
#2200=VECTOR('',#7871,2.5);
#2201=VECTOR('',#7876,2.5);
#2202=VECTOR('',#7881,32.75);
#2203=VECTOR('',#7888,2.5);
#2204=VECTOR('',#7895,2.5);
#2205=VECTOR('',#7900,10.);
#2206=VECTOR('',#7901,10.);
#2207=VECTOR('',#7902,10.);
#2208=VECTOR('',#7903,10.);
#2209=VECTOR('',#7906,10.);
#2210=VECTOR('',#7907,10.);
#2211=VECTOR('',#7910,10.);
#2212=VECTOR('',#7911,10.);
#2213=VECTOR('',#7912,10.);
#2214=VECTOR('',#7915,10.);
#2215=VECTOR('',#7916,10.);
#2216=VECTOR('',#7917,10.);
#2217=VECTOR('',#7932,32.75);
#2218=VECTOR('',#7943,2.5);
#2219=VECTOR('',#7954,2.5);
#2220=VECTOR('',#7965,2.5);
#2221=VECTOR('',#7976,2.5);
#2222=VECTOR('',#7989,10.);
#2223=VECTOR('',#7992,10.);
#2224=VECTOR('',#7997,10.);
#2225=VECTOR('',#8002,10.);
#2226=VECTOR('',#8005,10.);
#2227=VECTOR('',#8010,10.);
#2228=VECTOR('',#8013,10.);
#2229=VECTOR('',#8016,10.);
#2230=VECTOR('',#8019,10.);
#2231=VECTOR('',#8024,10.);
#2232=VECTOR('',#8025,10.);
#2233=VECTOR('',#8030,10.);
#2234=VECTOR('',#8033,10.);
#2235=VECTOR('',#8034,10.);
#2236=VECTOR('',#8035,10.);
#2237=VECTOR('',#8040,10.);
#2238=VECTOR('',#8043,10.);
#2239=VECTOR('',#8044,10.);
#2240=VECTOR('',#8049,10.);
#2241=VECTOR('',#8052,10.);
#2242=VECTOR('',#8053,10.);
#2243=VECTOR('',#8060,10.);
#2244=VECTOR('',#8063,10.);
#2245=VECTOR('',#8064,10.);
#2246=VECTOR('',#8069,10.);
#2247=VECTOR('',#8072,10.);
#2248=CIRCLE('',#5848,2.5);
#2249=CIRCLE('',#5849,2.5);
#2250=CIRCLE('',#5852,2.5);
#2251=CIRCLE('',#5853,2.5);
#2252=CIRCLE('',#5856,2.5);
#2253=CIRCLE('',#5857,2.5);
#2254=CIRCLE('',#5860,2.5);
#2255=CIRCLE('',#5861,2.5);
#2256=CIRCLE('',#5864,2.5);
#2257=CIRCLE('',#5865,2.5);
#2258=CIRCLE('',#5867,2.5);
#2259=CIRCLE('',#5868,2.5);
#2260=CIRCLE('',#5870,2.5);
#2261=CIRCLE('',#5871,2.5);
#2262=CIRCLE('',#5873,2.5);
#2263=CIRCLE('',#5874,2.5);
#2264=CIRCLE('',#5876,2.5);
#2265=CIRCLE('',#5877,2.5);
#2266=CIRCLE('',#5879,2.5);
#2267=CIRCLE('',#5880,2.5);
#2268=CIRCLE('',#5882,2.5);
#2269=CIRCLE('',#5883,2.5);
#2270=CIRCLE('',#5885,2.5);
#2271=CIRCLE('',#5886,2.5);
#2272=CIRCLE('',#5888,2.5);
#2273=CIRCLE('',#5889,2.5);
#2274=CIRCLE('',#5892,2.5);
#2275=CIRCLE('',#5894,2.5);
#2276=CIRCLE('',#5897,5.);
#2277=CIRCLE('',#5898,5.);
#2278=CIRCLE('',#5901,5.);
#2279=CIRCLE('',#5902,5.);
#2280=CIRCLE('',#5905,5.);
#2281=CIRCLE('',#5906,5.);
#2282=CIRCLE('',#5909,5.);
#2283=CIRCLE('',#5910,5.);
#2284=CIRCLE('',#5926,1.5);
#2285=CIRCLE('',#5927,1.5);
#2286=CIRCLE('',#5930,2.);
#2287=CIRCLE('',#5931,2.);
#2288=CIRCLE('',#5934,3.5);
#2289=CIRCLE('',#5935,3.5);
#2290=CIRCLE('',#5938,12.5);
#2291=CIRCLE('',#5939,12.5);
#2292=CIRCLE('',#5948,1.5);
#2293=CIRCLE('',#5949,1.5);
#2294=CIRCLE('',#5951,6.75);
#2295=CIRCLE('',#5952,6.75);
#2296=CIRCLE('',#5957,2.5);
#2297=CIRCLE('',#5958,2.5);
#2298=CIRCLE('',#5961,15.);
#2299=CIRCLE('',#5962,15.);
#2300=CIRCLE('',#5965,7.50000000000002);
#2301=CIRCLE('',#5966,7.50000000000002);
#2302=CIRCLE('',#5969,15.);
#2303=CIRCLE('',#5970,15.);
#2304=CIRCLE('',#5973,7.50000000000002);
#2305=CIRCLE('',#5974,7.50000000000002);
#2306=CIRCLE('',#5977,15.);
#2307=CIRCLE('',#5978,15.);
#2308=CIRCLE('',#5981,7.50000000000002);
#2309=CIRCLE('',#5982,7.50000000000002);
#2310=CIRCLE('',#5985,15.);
#2311=CIRCLE('',#5986,15.);
#2312=CIRCLE('',#5989,7.50000000000002);
#2313=CIRCLE('',#5990,7.50000000000002);
#2314=CIRCLE('',#5993,15.);
#2315=CIRCLE('',#5994,15.);
#2316=CIRCLE('',#5997,7.50000000000002);
#2317=CIRCLE('',#5998,7.50000000000002);
#2318=CIRCLE('',#6001,15.);
#2319=CIRCLE('',#6002,15.);
#2320=CIRCLE('',#6005,7.50000000000002);
#2321=CIRCLE('',#6006,7.50000000000002);
#2322=CIRCLE('',#6010,7.50000000000001);
#2323=CIRCLE('',#6011,7.50000000000001);
#2324=CIRCLE('',#6014,15.);
#2325=CIRCLE('',#6015,15.);
#2326=CIRCLE('',#6017,15.);
#2327=CIRCLE('',#6018,15.);
#2328=CIRCLE('',#6021,7.50000000000002);
#2329=CIRCLE('',#6022,7.50000000000002);
#2330=CIRCLE('',#6025,15.);
#2331=CIRCLE('',#6026,15.);
#2332=CIRCLE('',#6029,7.50000000000002);
#2333=CIRCLE('',#6030,7.50000000000002);
#2334=CIRCLE('',#6033,15.);
#2335=CIRCLE('',#6034,15.);
#2336=CIRCLE('',#6037,7.50000000000002);
#2337=CIRCLE('',#6038,7.50000000000002);
#2338=CIRCLE('',#6113,27.5);
#2339=CIRCLE('',#6114,27.5);
#2340=CIRCLE('',#6115,27.5);
#2341=CIRCLE('',#6116,27.5);
#2342=CIRCLE('',#6117,27.5);
#2343=CIRCLE('',#6118,27.5);
#2344=CIRCLE('',#6119,27.5);
#2345=CIRCLE('',#6120,27.5);
#2346=CIRCLE('',#6121,27.5);
#2347=CIRCLE('',#6122,27.5);
#2348=CIRCLE('',#6123,27.5);
#2349=CIRCLE('',#6124,27.5);
#2350=CIRCLE('',#6125,27.5);
#2351=CIRCLE('',#6126,27.5);
#2352=CIRCLE('',#6127,27.5);
#2353=CIRCLE('',#6128,27.5);
#2354=CIRCLE('',#6129,27.5);
#2355=CIRCLE('',#6130,27.5);
#2356=CIRCLE('',#6131,27.5);
#2357=CIRCLE('',#6132,27.5);
#2358=CIRCLE('',#6133,27.5);
#2359=CIRCLE('',#6134,27.5);
#2360=CIRCLE('',#6135,27.5);
#2361=CIRCLE('',#6136,27.5);
#2362=CIRCLE('',#6138,27.5);
#2363=CIRCLE('',#6140,27.5);
#2364=CIRCLE('',#6142,27.5);
#2365=CIRCLE('',#6144,27.5);
#2366=CIRCLE('',#6146,27.5);
#2367=CIRCLE('',#6148,27.5);
#2368=CIRCLE('',#6150,27.5);
#2369=CIRCLE('',#6152,27.5);
#2370=CIRCLE('',#6154,27.5);
#2371=CIRCLE('',#6156,27.5);
#2372=CIRCLE('',#6158,27.5);
#2373=CIRCLE('',#6160,27.5);
#2374=CIRCLE('',#6162,27.5);
#2375=CIRCLE('',#6164,27.5);
#2376=CIRCLE('',#6166,27.5);
#2377=CIRCLE('',#6168,27.5);
#2378=CIRCLE('',#6170,27.5);
#2379=CIRCLE('',#6172,27.5);
#2380=CIRCLE('',#6174,27.5);
#2381=CIRCLE('',#6176,27.5);
#2382=CIRCLE('',#6178,27.5);
#2383=CIRCLE('',#6180,27.5);
#2384=CIRCLE('',#6182,27.5);
#2385=CIRCLE('',#6184,27.5);
#2386=CIRCLE('',#6188,20.);
#2387=CIRCLE('',#6189,20.);
#2388=CIRCLE('',#6191,25.);
#2389=CIRCLE('',#6192,25.);
#2390=CIRCLE('',#6196,2.5);
#2391=CIRCLE('',#6197,2.5);
#2392=CIRCLE('',#6201,20.);
#2393=CIRCLE('',#6202,2.5);
#2394=CIRCLE('',#6204,20.);
#2395=CIRCLE('',#6207,2.5);
#2396=CIRCLE('',#6225,45.);
#2397=CIRCLE('',#6226,45.);
#2398=CIRCLE('',#6238,1.5);
#2399=CIRCLE('',#6239,1.5);
#2400=CIRCLE('',#6242,5.);
#2401=CIRCLE('',#6243,5.);
#2402=CIRCLE('',#6247,1.5);
#2403=CIRCLE('',#6248,1.5);
#2404=CIRCLE('',#6253,1.33555);
#2405=CIRCLE('',#6254,1.33555);
#2406=CIRCLE('',#6256,1.33555);
#2407=CIRCLE('',#6257,1.33555);
#2408=CIRCLE('',#6259,1.33555);
#2409=CIRCLE('',#6260,1.33555);
#2410=CIRCLE('',#6262,1.33555);
#2411=CIRCLE('',#6263,1.33555);
#2412=CIRCLE('',#6265,5.);
#2413=CIRCLE('',#6266,5.);
#2414=CIRCLE('',#6269,5.);
#2415=CIRCLE('',#6270,5.);
#2416=CIRCLE('',#6271,5.);
#2417=CIRCLE('',#6273,5.);
#2418=CIRCLE('',#6276,5.);
#2419=CIRCLE('',#6278,5.);
#2420=CIRCLE('',#6284,5.);
#2421=CIRCLE('',#6285,5.);
#2422=CIRCLE('',#6288,2.5);
#2423=CIRCLE('',#6290,2.5);
#2424=CIRCLE('',#6292,12.7423877378724);
#2425=CIRCLE('',#6293,12.7423877378724);
#2426=CIRCLE('',#6296,2.5);
#2427=CIRCLE('',#6297,2.5);
#2428=CIRCLE('',#6300,2.96959860733342);
#2429=CIRCLE('',#6301,2.96959860733342);
#2430=CIRCLE('',#6304,33.0571429969191);
#2431=CIRCLE('',#6305,33.0571429969191);
#2432=CIRCLE('',#6307,33.0571429969191);
#2433=CIRCLE('',#6308,33.0571429969191);
#2434=CIRCLE('',#6310,2.5);
#2435=CIRCLE('',#6311,2.5);
#2436=CIRCLE('',#6313,2.5);
#2437=CIRCLE('',#6314,2.5);
#2438=CIRCLE('',#6317,2.9695986073334);
#2439=CIRCLE('',#6318,2.9695986073334);
#2440=CIRCLE('',#6321,33.0571429969191);
#2441=CIRCLE('',#6322,33.0571429969191);
#2442=CIRCLE('',#6324,2.5);
#2443=CIRCLE('',#6326,2.5);
#2444=CIRCLE('',#6328,32.75);
#2445=CIRCLE('',#6329,32.75);
#2446=CIRCLE('',#6331,2.5);
#2447=CIRCLE('',#6332,2.5);
#2448=CIRCLE('',#6334,2.5);
#2449=CIRCLE('',#6335,2.5);
#2450=CIRCLE('',#6341,13.0722218416164);
#2451=CIRCLE('',#6342,13.0722218416164);
#2452=CIRCLE('',#6346,32.75);
#2453=CIRCLE('',#6347,32.75);
#2454=CIRCLE('',#6351,2.5);
#2455=CIRCLE('',#6352,2.5);
#2456=CIRCLE('',#6356,2.5);
#2457=CIRCLE('',#6357,2.5);
#2458=CIRCLE('',#6361,2.5);
#2459=CIRCLE('',#6362,2.5);
#2460=CIRCLE('',#6366,2.5);
#2461=CIRCLE('',#6367,2.5);
#2462=CIRCLE('',#6372,10.5);
#2463=CIRCLE('',#6373,10.5);
#2464=CIRCLE('',#6375,28.9579115411856);
#2465=CIRCLE('',#6376,28.9579115411856);
#2466=CIRCLE('',#6378,65.);
#2467=CIRCLE('',#6379,10.5);
#2468=CIRCLE('',#6380,28.272978583229);
#2469=CIRCLE('',#6381,25.9366017510531);
#2470=CIRCLE('',#6382,24.7655324028658);
#2471=CIRCLE('',#6383,51.9999831914963);
#2472=CIRCLE('',#6385,10.5);
#2473=CIRCLE('',#6387,28.272978583229);
#2474=CIRCLE('',#6390,24.7655324028658);
#2475=CIRCLE('',#6393,51.9999831914963);
#2476=CIRCLE('',#6396,25.9366017510531);
#2477=CIRCLE('',#6400,65.);
#2478=VERTEX_POINT('',#8132);
#2479=VERTEX_POINT('',#8134);
#2480=VERTEX_POINT('',#8139);
#2481=VERTEX_POINT('',#8141);
#2482=VERTEX_POINT('',#8146);
#2483=VERTEX_POINT('',#8148);
#2484=VERTEX_POINT('',#8153);
#2485=VERTEX_POINT('',#8155);
#2486=VERTEX_POINT('',#8160);
#2487=VERTEX_POINT('',#8162);
#2488=VERTEX_POINT('',#8166);
#2489=VERTEX_POINT('',#8168);
#2490=VERTEX_POINT('',#8172);
#2491=VERTEX_POINT('',#8174);
#2492=VERTEX_POINT('',#8178);
#2493=VERTEX_POINT('',#8180);
#2494=VERTEX_POINT('',#8184);
#2495=VERTEX_POINT('',#8186);
#2496=VERTEX_POINT('',#8190);
#2497=VERTEX_POINT('',#8192);
#2498=VERTEX_POINT('',#8196);
#2499=VERTEX_POINT('',#8198);
#2500=VERTEX_POINT('',#8202);
#2501=VERTEX_POINT('',#8204);
#2502=VERTEX_POINT('',#8208);
#2503=VERTEX_POINT('',#8209);
#2504=VERTEX_POINT('',#8211);
#2505=VERTEX_POINT('',#8213);
#2506=VERTEX_POINT('',#8217);
#2507=VERTEX_POINT('',#8219);
#2508=VERTEX_POINT('',#8223);
#2509=VERTEX_POINT('',#8225);
#2510=VERTEX_POINT('',#8227);
#2511=VERTEX_POINT('',#8229);
#2512=VERTEX_POINT('',#8231);
#2513=VERTEX_POINT('',#8233);
#2514=VERTEX_POINT('',#8235);
#2515=VERTEX_POINT('',#8239);
#2516=VERTEX_POINT('',#8240);
#2517=VERTEX_POINT('',#8245);
#2518=VERTEX_POINT('',#8249);
#2519=VERTEX_POINT('',#8251);
#2520=VERTEX_POINT('',#8256);
#2521=VERTEX_POINT('',#8258);
#2522=VERTEX_POINT('',#8263);
#2523=VERTEX_POINT('',#8265);
#2524=VERTEX_POINT('',#8270);
#2525=VERTEX_POINT('',#8272);
#2526=VERTEX_POINT('',#8277);
#2527=VERTEX_POINT('',#8279);
#2528=VERTEX_POINT('',#8283);
#2529=VERTEX_POINT('',#8287);
#2530=VERTEX_POINT('',#8299);
#2531=VERTEX_POINT('',#8300);
#2532=VERTEX_POINT('',#8302);
#2533=VERTEX_POINT('',#8304);
#2534=VERTEX_POINT('',#8308);
#2535=VERTEX_POINT('',#8310);
#2536=VERTEX_POINT('',#8314);
#2537=VERTEX_POINT('',#8316);
#2538=VERTEX_POINT('',#8324);
#2539=VERTEX_POINT('',#8326);
#2540=VERTEX_POINT('',#8331);
#2541=VERTEX_POINT('',#8333);
#2542=VERTEX_POINT('',#8338);
#2543=VERTEX_POINT('',#8340);
#2544=VERTEX_POINT('',#8345);
#2545=VERTEX_POINT('',#8347);
#2546=VERTEX_POINT('',#8352);
#2547=VERTEX_POINT('',#8353);
#2548=VERTEX_POINT('',#8355);
#2549=VERTEX_POINT('',#8357);
#2550=VERTEX_POINT('',#8361);
#2551=VERTEX_POINT('',#8363);
#2552=VERTEX_POINT('',#8367);
#2553=VERTEX_POINT('',#8371);
#2554=VERTEX_POINT('',#8378);
#2555=VERTEX_POINT('',#8380);
#2556=VERTEX_POINT('',#8384);
#2557=VERTEX_POINT('',#8386);
#2558=VERTEX_POINT('',#8393);
#2559=VERTEX_POINT('',#8395);
#2560=VERTEX_POINT('',#8400);
#2561=VERTEX_POINT('',#8401);
#2562=VERTEX_POINT('',#8403);
#2563=VERTEX_POINT('',#8405);
#2564=VERTEX_POINT('',#8409);
#2565=VERTEX_POINT('',#8411);
#2566=VERTEX_POINT('',#8415);
#2567=VERTEX_POINT('',#8417);
#2568=VERTEX_POINT('',#8424);
#2569=VERTEX_POINT('',#8425);
#2570=VERTEX_POINT('',#8427);
#2571=VERTEX_POINT('',#8429);
#2572=VERTEX_POINT('',#8433);
#2573=VERTEX_POINT('',#8435);
#2574=VERTEX_POINT('',#8439);
#2575=VERTEX_POINT('',#8441);
#2576=VERTEX_POINT('',#8448);
#2577=VERTEX_POINT('',#8449);
#2578=VERTEX_POINT('',#8451);
#2579=VERTEX_POINT('',#8453);
#2580=VERTEX_POINT('',#8457);
#2581=VERTEX_POINT('',#8459);
#2582=VERTEX_POINT('',#8463);
#2583=VERTEX_POINT('',#8465);
#2584=VERTEX_POINT('',#8472);
#2585=VERTEX_POINT('',#8473);
#2586=VERTEX_POINT('',#8475);
#2587=VERTEX_POINT('',#8477);
#2588=VERTEX_POINT('',#8481);
#2589=VERTEX_POINT('',#8483);
#2590=VERTEX_POINT('',#8487);
#2591=VERTEX_POINT('',#8489);
#2592=VERTEX_POINT('',#8496);
#2593=VERTEX_POINT('',#8497);
#2594=VERTEX_POINT('',#8499);
#2595=VERTEX_POINT('',#8501);
#2596=VERTEX_POINT('',#8505);
#2597=VERTEX_POINT('',#8507);
#2598=VERTEX_POINT('',#8511);
#2599=VERTEX_POINT('',#8513);
#2600=VERTEX_POINT('',#8520);
#2601=VERTEX_POINT('',#8521);
#2602=VERTEX_POINT('',#8523);
#2603=VERTEX_POINT('',#8525);
#2604=VERTEX_POINT('',#8529);
#2605=VERTEX_POINT('',#8531);
#2606=VERTEX_POINT('',#8535);
#2607=VERTEX_POINT('',#8537);
#2608=VERTEX_POINT('',#8544);
#2609=VERTEX_POINT('',#8545);
#2610=VERTEX_POINT('',#8547);
#2611=VERTEX_POINT('',#8549);
#2612=VERTEX_POINT('',#8553);
#2613=VERTEX_POINT('',#8555);
#2614=VERTEX_POINT('',#8559);
#2615=VERTEX_POINT('',#8561);
#2616=VERTEX_POINT('',#8568);
#2617=VERTEX_POINT('',#8569);
#2618=VERTEX_POINT('',#8571);
#2619=VERTEX_POINT('',#8573);
#2620=VERTEX_POINT('',#8577);
#2621=VERTEX_POINT('',#8579);
#2622=VERTEX_POINT('',#8583);
#2623=VERTEX_POINT('',#8585);
#2624=VERTEX_POINT('',#8592);
#2625=VERTEX_POINT('',#8593);
#2626=VERTEX_POINT('',#8595);
#2627=VERTEX_POINT('',#8597);
#2628=VERTEX_POINT('',#8601);
#2629=VERTEX_POINT('',#8603);
#2630=VERTEX_POINT('',#8607);
#2631=VERTEX_POINT('',#8609);
#2632=VERTEX_POINT('',#8616);
#2633=VERTEX_POINT('',#8617);
#2634=VERTEX_POINT('',#8619);
#2635=VERTEX_POINT('',#8621);
#2636=VERTEX_POINT('',#8625);
#2637=VERTEX_POINT('',#8627);
#2638=VERTEX_POINT('',#8631);
#2639=VERTEX_POINT('',#8633);
#2640=VERTEX_POINT('',#8640);
#2641=VERTEX_POINT('',#8641);
#2642=VERTEX_POINT('',#8643);
#2643=VERTEX_POINT('',#8645);
#2644=VERTEX_POINT('',#8649);
#2645=VERTEX_POINT('',#8651);
#2646=VERTEX_POINT('',#8655);
#2647=VERTEX_POINT('',#8657);
#2648=VERTEX_POINT('',#8661);
#2649=VERTEX_POINT('',#8662);
#2650=VERTEX_POINT('',#8664);
#2651=VERTEX_POINT('',#8666);
#2652=VERTEX_POINT('',#8670);
#2653=VERTEX_POINT('',#8672);
#2654=VERTEX_POINT('',#8676);
#2655=VERTEX_POINT('',#8678);
#2656=VERTEX_POINT('',#8682);
#2657=VERTEX_POINT('',#8683);
#2658=VERTEX_POINT('',#8685);
#2659=VERTEX_POINT('',#8687);
#2660=VERTEX_POINT('',#8691);
#2661=VERTEX_POINT('',#8693);
#2662=VERTEX_POINT('',#8697);
#2663=VERTEX_POINT('',#8699);
#2664=VERTEX_POINT('',#8703);
#2665=VERTEX_POINT('',#8704);
#2666=VERTEX_POINT('',#8706);
#2667=VERTEX_POINT('',#8708);
#2668=VERTEX_POINT('',#8712);
#2669=VERTEX_POINT('',#8714);
#2670=VERTEX_POINT('',#8718);
#2671=VERTEX_POINT('',#8720);
#2672=VERTEX_POINT('',#8724);
#2673=VERTEX_POINT('',#8725);
#2674=VERTEX_POINT('',#8727);
#2675=VERTEX_POINT('',#8729);
#2676=VERTEX_POINT('',#8733);
#2677=VERTEX_POINT('',#8735);
#2678=VERTEX_POINT('',#8739);
#2679=VERTEX_POINT('',#8741);
#2680=VERTEX_POINT('',#8745);
#2681=VERTEX_POINT('',#8746);
#2682=VERTEX_POINT('',#8748);
#2683=VERTEX_POINT('',#8750);
#2684=VERTEX_POINT('',#8754);
#2685=VERTEX_POINT('',#8756);
#2686=VERTEX_POINT('',#8760);
#2687=VERTEX_POINT('',#8762);
#2688=VERTEX_POINT('',#8766);
#2689=VERTEX_POINT('',#8767);
#2690=VERTEX_POINT('',#8769);
#2691=VERTEX_POINT('',#8771);
#2692=VERTEX_POINT('',#8775);
#2693=VERTEX_POINT('',#8777);
#2694=VERTEX_POINT('',#8781);
#2695=VERTEX_POINT('',#8783);
#2696=VERTEX_POINT('',#8787);
#2697=VERTEX_POINT('',#8788);
#2698=VERTEX_POINT('',#8790);
#2699=VERTEX_POINT('',#8792);
#2700=VERTEX_POINT('',#8796);
#2701=VERTEX_POINT('',#8798);
#2702=VERTEX_POINT('',#8802);
#2703=VERTEX_POINT('',#8804);
#2704=VERTEX_POINT('',#8808);
#2705=VERTEX_POINT('',#8809);
#2706=VERTEX_POINT('',#8811);
#2707=VERTEX_POINT('',#8813);
#2708=VERTEX_POINT('',#8817);
#2709=VERTEX_POINT('',#8819);
#2710=VERTEX_POINT('',#8823);
#2711=VERTEX_POINT('',#8825);
#2712=VERTEX_POINT('',#8829);
#2713=VERTEX_POINT('',#8830);
#2714=VERTEX_POINT('',#8832);
#2715=VERTEX_POINT('',#8834);
#2716=VERTEX_POINT('',#8838);
#2717=VERTEX_POINT('',#8840);
#2718=VERTEX_POINT('',#8844);
#2719=VERTEX_POINT('',#8846);
#2720=VERTEX_POINT('',#8850);
#2721=VERTEX_POINT('',#8851);
#2722=VERTEX_POINT('',#8853);
#2723=VERTEX_POINT('',#8855);
#2724=VERTEX_POINT('',#8859);
#2725=VERTEX_POINT('',#8861);
#2726=VERTEX_POINT('',#8865);
#2727=VERTEX_POINT('',#8867);
#2728=VERTEX_POINT('',#8871);
#2729=VERTEX_POINT('',#8872);
#2730=VERTEX_POINT('',#8874);
#2731=VERTEX_POINT('',#8876);
#2732=VERTEX_POINT('',#8880);
#2733=VERTEX_POINT('',#8882);
#2734=VERTEX_POINT('',#8886);
#2735=VERTEX_POINT('',#8888);
#2736=VERTEX_POINT('',#8892);
#2737=VERTEX_POINT('',#8893);
#2738=VERTEX_POINT('',#8895);
#2739=VERTEX_POINT('',#8897);
#2740=VERTEX_POINT('',#8901);
#2741=VERTEX_POINT('',#8903);
#2742=VERTEX_POINT('',#8907);
#2743=VERTEX_POINT('',#8909);
#2744=VERTEX_POINT('',#8913);
#2745=VERTEX_POINT('',#8914);
#2746=VERTEX_POINT('',#8916);
#2747=VERTEX_POINT('',#8918);
#2748=VERTEX_POINT('',#8922);
#2749=VERTEX_POINT('',#8924);
#2750=VERTEX_POINT('',#8928);
#2751=VERTEX_POINT('',#8930);
#2752=VERTEX_POINT('',#8934);
#2753=VERTEX_POINT('',#8935);
#2754=VERTEX_POINT('',#8937);
#2755=VERTEX_POINT('',#8939);
#2756=VERTEX_POINT('',#8943);
#2757=VERTEX_POINT('',#8945);
#2758=VERTEX_POINT('',#8949);
#2759=VERTEX_POINT('',#8951);
#2760=VERTEX_POINT('',#8955);
#2761=VERTEX_POINT('',#8956);
#2762=VERTEX_POINT('',#8958);
#2763=VERTEX_POINT('',#8960);
#2764=VERTEX_POINT('',#8964);
#2765=VERTEX_POINT('',#8966);
#2766=VERTEX_POINT('',#8970);
#2767=VERTEX_POINT('',#8972);
#2768=VERTEX_POINT('',#8976);
#2769=VERTEX_POINT('',#8977);
#2770=VERTEX_POINT('',#8979);
#2771=VERTEX_POINT('',#8981);
#2772=VERTEX_POINT('',#8985);
#2773=VERTEX_POINT('',#8987);
#2774=VERTEX_POINT('',#8991);
#2775=VERTEX_POINT('',#8993);
#2776=VERTEX_POINT('',#8997);
#2777=VERTEX_POINT('',#8998);
#2778=VERTEX_POINT('',#9000);
#2779=VERTEX_POINT('',#9002);
#2780=VERTEX_POINT('',#9006);
#2781=VERTEX_POINT('',#9008);
#2782=VERTEX_POINT('',#9012);
#2783=VERTEX_POINT('',#9014);
#2784=VERTEX_POINT('',#9018);
#2785=VERTEX_POINT('',#9019);
#2786=VERTEX_POINT('',#9021);
#2787=VERTEX_POINT('',#9023);
#2788=VERTEX_POINT('',#9027);
#2789=VERTEX_POINT('',#9029);
#2790=VERTEX_POINT('',#9033);
#2791=VERTEX_POINT('',#9035);
#2792=VERTEX_POINT('',#9039);
#2793=VERTEX_POINT('',#9040);
#2794=VERTEX_POINT('',#9042);
#2795=VERTEX_POINT('',#9044);
#2796=VERTEX_POINT('',#9048);
#2797=VERTEX_POINT('',#9050);
#2798=VERTEX_POINT('',#9054);
#2799=VERTEX_POINT('',#9056);
#2800=VERTEX_POINT('',#9060);
#2801=VERTEX_POINT('',#9061);
#2802=VERTEX_POINT('',#9063);
#2803=VERTEX_POINT('',#9065);
#2804=VERTEX_POINT('',#9069);
#2805=VERTEX_POINT('',#9071);
#2806=VERTEX_POINT('',#9075);
#2807=VERTEX_POINT('',#9077);
#2808=VERTEX_POINT('',#9081);
#2809=VERTEX_POINT('',#9082);
#2810=VERTEX_POINT('',#9084);
#2811=VERTEX_POINT('',#9086);
#2812=VERTEX_POINT('',#9090);
#2813=VERTEX_POINT('',#9092);
#2814=VERTEX_POINT('',#9096);
#2815=VERTEX_POINT('',#9098);
#2816=VERTEX_POINT('',#9102);
#2817=VERTEX_POINT('',#9103);
#2818=VERTEX_POINT('',#9105);
#2819=VERTEX_POINT('',#9107);
#2820=VERTEX_POINT('',#9111);
#2821=VERTEX_POINT('',#9113);
#2822=VERTEX_POINT('',#9117);
#2823=VERTEX_POINT('',#9119);
#2824=VERTEX_POINT('',#9123);
#2825=VERTEX_POINT('',#9124);
#2826=VERTEX_POINT('',#9126);
#2827=VERTEX_POINT('',#9128);
#2828=VERTEX_POINT('',#9132);
#2829=VERTEX_POINT('',#9134);
#2830=VERTEX_POINT('',#9138);
#2831=VERTEX_POINT('',#9140);
#2832=VERTEX_POINT('',#9219);
#2833=VERTEX_POINT('',#9221);
#2834=VERTEX_POINT('',#9225);
#2835=VERTEX_POINT('',#9227);
#2836=VERTEX_POINT('',#9233);
#2837=VERTEX_POINT('',#9235);
#2838=VERTEX_POINT('',#9241);
#2839=VERTEX_POINT('',#9243);
#2840=VERTEX_POINT('',#9246);
#2841=VERTEX_POINT('',#9251);
#2842=VERTEX_POINT('',#9257);
#2843=VERTEX_POINT('',#9258);
#2844=VERTEX_POINT('',#9260);
#2845=VERTEX_POINT('',#9262);
#2846=VERTEX_POINT('',#9266);
#2847=VERTEX_POINT('',#9268);
#2848=VERTEX_POINT('',#9272);
#2849=VERTEX_POINT('',#9274);
#2850=VERTEX_POINT('',#9284);
#2851=VERTEX_POINT('',#9285);
#2852=VERTEX_POINT('',#9287);
#2853=VERTEX_POINT('',#9289);
#2854=VERTEX_POINT('',#9293);
#2855=VERTEX_POINT('',#9295);
#2856=VERTEX_POINT('',#9299);
#2857=VERTEX_POINT('',#9301);
#2858=VERTEX_POINT('',#9311);
#2859=VERTEX_POINT('',#9313);
#2860=VERTEX_POINT('',#9320);
#2861=VERTEX_POINT('',#9321);
#2862=VERTEX_POINT('',#9323);
#2863=VERTEX_POINT('',#9325);
#2864=VERTEX_POINT('',#9329);
#2865=VERTEX_POINT('',#9331);
#2866=VERTEX_POINT('',#9335);
#2867=VERTEX_POINT('',#9337);
#2868=VERTEX_POINT('',#9347);
#2869=VERTEX_POINT('',#9349);
#2870=VERTEX_POINT('',#9354);
#2871=VERTEX_POINT('',#9356);
#2872=VERTEX_POINT('',#9362);
#2873=VERTEX_POINT('',#9364);
#2874=VERTEX_POINT('',#9371);
#2875=VERTEX_POINT('',#9373);
#2876=VERTEX_POINT('',#9377);
#2877=VERTEX_POINT('',#9379);
#2878=VERTEX_POINT('',#9383);
#2879=VERTEX_POINT('',#9385);
#2880=VERTEX_POINT('',#9389);
#2881=VERTEX_POINT('',#9391);
#2882=VERTEX_POINT('',#9395);
#2883=VERTEX_POINT('',#9396);
#2884=VERTEX_POINT('',#9398);
#2885=VERTEX_POINT('',#9400);
#2886=VERTEX_POINT('',#9404);
#2887=VERTEX_POINT('',#9406);
#2888=VERTEX_POINT('',#9410);
#2889=VERTEX_POINT('',#9412);
#2890=VERTEX_POINT('',#9414);
#2891=VERTEX_POINT('',#9416);
#2892=VERTEX_POINT('',#9418);
#2893=VERTEX_POINT('',#9422);
#2894=VERTEX_POINT('',#9423);
#2895=VERTEX_POINT('',#9428);
#2896=VERTEX_POINT('',#9432);
#2897=VERTEX_POINT('',#9436);
#2898=VERTEX_POINT('',#9446);
#2899=VERTEX_POINT('',#9448);
#2900=VERTEX_POINT('',#9453);
#2901=VERTEX_POINT('',#9456);
#2902=VERTEX_POINT('',#9459);
#2903=VERTEX_POINT('',#9461);
#2904=VERTEX_POINT('',#9466);
#2905=VERTEX_POINT('',#9468);
#2906=VERTEX_POINT('',#9472);
#2907=VERTEX_POINT('',#9473);
#2908=VERTEX_POINT('',#9475);
#2909=VERTEX_POINT('',#9477);
#2910=VERTEX_POINT('',#9481);
#2911=VERTEX_POINT('',#9483);
#2912=VERTEX_POINT('',#9487);
#2913=VERTEX_POINT('',#9489);
#2914=VERTEX_POINT('',#9493);
#2915=VERTEX_POINT('',#9495);
#2916=VERTEX_POINT('',#9499);
#2917=VERTEX_POINT('',#9501);
#2918=VERTEX_POINT('',#9505);
#2919=VERTEX_POINT('',#9506);
#2920=VERTEX_POINT('',#9508);
#2921=VERTEX_POINT('',#9510);
#2922=VERTEX_POINT('',#9517);
#2923=VERTEX_POINT('',#9518);
#2924=VERTEX_POINT('',#9520);
#2925=VERTEX_POINT('',#9522);
#2926=VERTEX_POINT('',#9526);
#2927=VERTEX_POINT('',#9528);
#2928=VERTEX_POINT('',#9535);
#2929=VERTEX_POINT('',#9537);
#2930=VERTEX_POINT('',#9541);
#2931=VERTEX_POINT('',#9545);
#2932=VERTEX_POINT('',#9549);
#2933=VERTEX_POINT('',#9551);
#2934=VERTEX_POINT('',#9555);
#2935=VERTEX_POINT('',#9557);
#2936=VERTEX_POINT('',#9561);
#2937=VERTEX_POINT('',#9563);
#2938=VERTEX_POINT('',#9567);
#2939=VERTEX_POINT('',#9568);
#2940=VERTEX_POINT('',#9570);
#2941=VERTEX_POINT('',#9572);
#2942=VERTEX_POINT('',#9579);
#2943=VERTEX_POINT('',#9581);
#2944=VERTEX_POINT('',#9585);
#2945=VERTEX_POINT('',#9587);
#2946=VERTEX_POINT('',#9596);
#2947=VERTEX_POINT('',#9598);
#2948=VERTEX_POINT('',#9604);
#2949=VERTEX_POINT('',#9606);
#2950=VERTEX_POINT('',#9612);
#2951=VERTEX_POINT('',#9614);
#2952=VERTEX_POINT('',#9620);
#2953=VERTEX_POINT('',#9622);
#2954=VERTEX_POINT('',#9628);
#2955=VERTEX_POINT('',#9630);
#2956=VERTEX_POINT('',#9637);
#2957=VERTEX_POINT('',#9638);
#2958=VERTEX_POINT('',#9640);
#2959=VERTEX_POINT('',#9642);
#2960=VERTEX_POINT('',#9646);
#2961=VERTEX_POINT('',#9648);
#2962=VERTEX_POINT('',#9652);
#2963=VERTEX_POINT('',#9654);
#2964=VERTEX_POINT('',#9656);
#2965=VERTEX_POINT('',#9658);
#2966=VERTEX_POINT('',#9660);
#2967=VERTEX_POINT('',#9663);
#2968=VERTEX_POINT('',#9664);
#2969=VERTEX_POINT('',#9666);
#2970=VERTEX_POINT('',#9668);
#2971=VERTEX_POINT('',#9670);
#2972=VERTEX_POINT('',#9672);
#2973=VERTEX_POINT('',#9676);
#2974=VERTEX_POINT('',#9677);
#2975=VERTEX_POINT('',#9682);
#2976=VERTEX_POINT('',#9686);
#2977=VERTEX_POINT('',#9688);
#2978=VERTEX_POINT('',#9692);
#2979=VERTEX_POINT('',#9696);
#2980=VERTEX_POINT('',#9700);
#2981=VERTEX_POINT('',#9704);
#2982=VERTEX_POINT('',#9712);
#2983=VERTEX_POINT('',#9716);
#2984=EDGE_CURVE('',#2478,#2478,#2248,.T.);
#2985=EDGE_CURVE('',#2478,#2479,#1190,.T.);
#2986=EDGE_CURVE('',#2479,#2479,#2249,.T.);
#2987=EDGE_CURVE('',#2480,#2480,#2250,.T.);
#2988=EDGE_CURVE('',#2480,#2481,#1191,.T.);
#2989=EDGE_CURVE('',#2481,#2481,#2251,.T.);
#2990=EDGE_CURVE('',#2482,#2482,#2252,.T.);
#2991=EDGE_CURVE('',#2482,#2483,#1192,.T.);
#2992=EDGE_CURVE('',#2483,#2483,#2253,.T.);
#2993=EDGE_CURVE('',#2484,#2484,#2254,.T.);
#2994=EDGE_CURVE('',#2484,#2485,#1193,.T.);
#2995=EDGE_CURVE('',#2485,#2485,#2255,.T.);
#2996=EDGE_CURVE('',#2486,#2486,#2256,.T.);
#2997=EDGE_CURVE('',#2486,#2487,#1194,.T.);
#2998=EDGE_CURVE('',#2487,#2487,#2257,.T.);
#2999=EDGE_CURVE('',#2488,#2488,#2258,.T.);
#3000=EDGE_CURVE('',#2488,#2489,#1195,.T.);
#3001=EDGE_CURVE('',#2489,#2489,#2259,.T.);
#3002=EDGE_CURVE('',#2490,#2490,#2260,.T.);
#3003=EDGE_CURVE('',#2490,#2491,#1196,.T.);
#3004=EDGE_CURVE('',#2491,#2491,#2261,.T.);
#3005=EDGE_CURVE('',#2492,#2492,#2262,.T.);
#3006=EDGE_CURVE('',#2492,#2493,#1197,.T.);
#3007=EDGE_CURVE('',#2493,#2493,#2263,.T.);
#3008=EDGE_CURVE('',#2494,#2494,#2264,.T.);
#3009=EDGE_CURVE('',#2494,#2495,#1198,.T.);
#3010=EDGE_CURVE('',#2495,#2495,#2265,.T.);
#3011=EDGE_CURVE('',#2496,#2496,#2266,.T.);
#3012=EDGE_CURVE('',#2496,#2497,#1199,.T.);
#3013=EDGE_CURVE('',#2497,#2497,#2267,.T.);
#3014=EDGE_CURVE('',#2498,#2498,#2268,.T.);
#3015=EDGE_CURVE('',#2498,#2499,#1200,.T.);
#3016=EDGE_CURVE('',#2499,#2499,#2269,.T.);
#3017=EDGE_CURVE('',#2500,#2500,#2270,.T.);
#3018=EDGE_CURVE('',#2500,#2501,#1201,.T.);
#3019=EDGE_CURVE('',#2501,#2501,#2271,.T.);
#3020=EDGE_CURVE('',#2502,#2503,#2272,.T.);
#3021=EDGE_CURVE('',#2503,#2504,#1202,.T.);
#3022=EDGE_CURVE('',#2504,#2505,#2273,.T.);
#3023=EDGE_CURVE('',#2505,#2502,#1203,.T.);
#3024=EDGE_CURVE('',#2505,#2506,#1204,.T.);
#3025=EDGE_CURVE('',#2506,#2507,#1205,.T.);
#3026=EDGE_CURVE('',#2502,#2507,#1206,.T.);
#3027=EDGE_CURVE('',#2508,#2504,#1207,.T.);
#3028=EDGE_CURVE('',#2509,#2508,#2274,.T.);
#3029=EDGE_CURVE('',#2510,#2509,#1208,.T.);
#3030=EDGE_CURVE('',#2511,#2510,#1209,.T.);
#3031=EDGE_CURVE('',#2512,#2511,#1210,.T.);
#3032=EDGE_CURVE('',#2513,#2512,#1211,.T.);
#3033=EDGE_CURVE('',#2514,#2513,#1212,.T.);
#3034=EDGE_CURVE('',#2506,#2514,#1213,.T.);
#3035=EDGE_CURVE('',#2515,#2516,#2275,.T.);
#3036=EDGE_CURVE('',#2516,#2509,#1214,.T.);
#3037=EDGE_CURVE('',#2508,#2515,#1215,.T.);
#3038=EDGE_CURVE('',#2517,#2516,#1216,.T.);
#3039=EDGE_CURVE('',#2510,#2517,#1217,.T.);
#3040=EDGE_CURVE('',#2518,#2518,#2276,.T.);
#3041=EDGE_CURVE('',#2518,#2519,#1218,.T.);
#3042=EDGE_CURVE('',#2519,#2519,#2277,.T.);
#3043=EDGE_CURVE('',#2520,#2520,#2278,.T.);
#3044=EDGE_CURVE('',#2520,#2521,#1219,.T.);
#3045=EDGE_CURVE('',#2521,#2521,#2279,.T.);
#3046=EDGE_CURVE('',#2522,#2522,#2280,.T.);
#3047=EDGE_CURVE('',#2522,#2523,#1220,.T.);
#3048=EDGE_CURVE('',#2523,#2523,#2281,.T.);
#3049=EDGE_CURVE('',#2524,#2524,#2282,.T.);
#3050=EDGE_CURVE('',#2524,#2525,#1221,.T.);
#3051=EDGE_CURVE('',#2525,#2525,#2283,.T.);
#3052=EDGE_CURVE('',#2511,#2526,#1222,.T.);
#3053=EDGE_CURVE('',#2527,#2526,#1223,.T.);
#3054=EDGE_CURVE('',#2512,#2527,#1224,.T.);
#3055=EDGE_CURVE('',#2528,#2527,#1225,.T.);
#3056=EDGE_CURVE('',#2513,#2528,#1226,.T.);
#3057=EDGE_CURVE('',#2529,#2528,#1227,.T.);
#3058=EDGE_CURVE('',#2514,#2529,#1228,.T.);
#3059=EDGE_CURVE('',#2507,#2529,#1229,.T.);
#3060=EDGE_CURVE('',#2515,#2503,#1230,.T.);
#3061=EDGE_CURVE('',#2526,#2517,#1231,.T.);
#3062=EDGE_CURVE('',#2530,#2531,#1232,.T.);
#3063=EDGE_CURVE('',#2530,#2532,#1233,.T.);
#3064=EDGE_CURVE('',#2533,#2532,#1234,.T.);
#3065=EDGE_CURVE('',#2531,#2533,#1235,.T.);
#3066=EDGE_CURVE('',#2531,#2534,#1236,.T.);
#3067=EDGE_CURVE('',#2535,#2533,#1237,.T.);
#3068=EDGE_CURVE('',#2534,#2535,#1238,.T.);
#3069=EDGE_CURVE('',#2534,#2536,#1239,.T.);
#3070=EDGE_CURVE('',#2537,#2535,#1240,.T.);
#3071=EDGE_CURVE('',#2536,#2537,#1241,.T.);
#3072=EDGE_CURVE('',#2536,#2530,#1242,.T.);
#3073=EDGE_CURVE('',#2532,#2537,#1243,.T.);
#3074=EDGE_CURVE('',#2538,#2538,#2284,.T.);
#3075=EDGE_CURVE('',#2538,#2539,#1244,.T.);
#3076=EDGE_CURVE('',#2539,#2539,#2285,.T.);
#3077=EDGE_CURVE('',#2540,#2540,#2286,.T.);
#3078=EDGE_CURVE('',#2540,#2541,#1245,.T.);
#3079=EDGE_CURVE('',#2541,#2541,#2287,.T.);
#3080=EDGE_CURVE('',#2542,#2542,#2288,.T.);
#3081=EDGE_CURVE('',#2542,#2543,#1246,.T.);
#3082=EDGE_CURVE('',#2543,#2543,#2289,.T.);
#3083=EDGE_CURVE('',#2544,#2544,#2290,.T.);
#3084=EDGE_CURVE('',#2544,#2545,#1247,.T.);
#3085=EDGE_CURVE('',#2545,#2545,#2291,.T.);
#3086=EDGE_CURVE('',#2546,#2547,#1248,.T.);
#3087=EDGE_CURVE('',#2547,#2548,#1249,.T.);
#3088=EDGE_CURVE('',#2548,#2549,#1250,.T.);
#3089=EDGE_CURVE('',#2549,#2546,#1251,.T.);
#3090=EDGE_CURVE('',#2546,#2550,#1252,.T.);
#3091=EDGE_CURVE('',#2551,#2550,#1253,.T.);
#3092=EDGE_CURVE('',#2547,#2551,#1254,.T.);
#3093=EDGE_CURVE('',#2552,#2551,#1255,.T.);
#3094=EDGE_CURVE('',#2548,#2552,#1256,.T.);
#3095=EDGE_CURVE('',#2553,#2552,#1257,.T.);
#3096=EDGE_CURVE('',#2549,#2553,#1258,.T.);
#3097=EDGE_CURVE('',#2550,#2553,#1259,.T.);
#3098=EDGE_CURVE('',#2554,#2554,#2292,.T.);
#3099=EDGE_CURVE('',#2554,#2555,#1260,.T.);
#3100=EDGE_CURVE('',#2555,#2555,#2293,.T.);
#3101=EDGE_CURVE('',#2556,#2556,#2294,.T.);
#3102=EDGE_CURVE('',#2556,#2557,#1261,.T.);
#3103=EDGE_CURVE('',#2557,#2557,#2295,.T.);
#3104=EDGE_CURVE('',#2558,#2558,#2296,.T.);
#3105=EDGE_CURVE('',#2558,#2559,#1262,.T.);
#3106=EDGE_CURVE('',#2559,#2559,#2297,.T.);
#3107=EDGE_CURVE('',#2560,#2561,#2298,.T.);
#3108=EDGE_CURVE('',#2560,#2562,#1263,.T.);
#3109=EDGE_CURVE('',#2563,#2562,#2299,.T.);
#3110=EDGE_CURVE('',#2561,#2563,#1264,.T.);
#3111=EDGE_CURVE('',#2564,#2560,#1265,.T.);
#3112=EDGE_CURVE('',#2564,#2565,#1266,.T.);
#3113=EDGE_CURVE('',#2562,#2565,#1267,.T.);
#3114=EDGE_CURVE('',#2566,#2564,#2300,.T.);
#3115=EDGE_CURVE('',#2566,#2567,#1268,.T.);
#3116=EDGE_CURVE('',#2565,#2567,#2301,.T.);
#3117=EDGE_CURVE('',#2561,#2566,#1269,.T.);
#3118=EDGE_CURVE('',#2567,#2563,#1270,.T.);
#3119=EDGE_CURVE('',#2568,#2569,#2302,.T.);
#3120=EDGE_CURVE('',#2568,#2570,#1271,.T.);
#3121=EDGE_CURVE('',#2571,#2570,#2303,.T.);
#3122=EDGE_CURVE('',#2569,#2571,#1272,.T.);
#3123=EDGE_CURVE('',#2572,#2568,#1273,.T.);
#3124=EDGE_CURVE('',#2572,#2573,#1274,.T.);
#3125=EDGE_CURVE('',#2570,#2573,#1275,.T.);
#3126=EDGE_CURVE('',#2574,#2572,#2304,.T.);
#3127=EDGE_CURVE('',#2574,#2575,#1276,.T.);
#3128=EDGE_CURVE('',#2573,#2575,#2305,.T.);
#3129=EDGE_CURVE('',#2569,#2574,#1277,.T.);
#3130=EDGE_CURVE('',#2575,#2571,#1278,.T.);
#3131=EDGE_CURVE('',#2576,#2577,#2306,.T.);
#3132=EDGE_CURVE('',#2576,#2578,#1279,.T.);
#3133=EDGE_CURVE('',#2579,#2578,#2307,.T.);
#3134=EDGE_CURVE('',#2577,#2579,#1280,.T.);
#3135=EDGE_CURVE('',#2580,#2576,#1281,.T.);
#3136=EDGE_CURVE('',#2580,#2581,#1282,.T.);
#3137=EDGE_CURVE('',#2578,#2581,#1283,.T.);
#3138=EDGE_CURVE('',#2582,#2580,#2308,.T.);
#3139=EDGE_CURVE('',#2582,#2583,#1284,.T.);
#3140=EDGE_CURVE('',#2581,#2583,#2309,.T.);
#3141=EDGE_CURVE('',#2577,#2582,#1285,.T.);
#3142=EDGE_CURVE('',#2583,#2579,#1286,.T.);
#3143=EDGE_CURVE('',#2584,#2585,#2310,.T.);
#3144=EDGE_CURVE('',#2584,#2586,#1287,.T.);
#3145=EDGE_CURVE('',#2587,#2586,#2311,.T.);
#3146=EDGE_CURVE('',#2585,#2587,#1288,.T.);
#3147=EDGE_CURVE('',#2588,#2584,#1289,.T.);
#3148=EDGE_CURVE('',#2588,#2589,#1290,.T.);
#3149=EDGE_CURVE('',#2586,#2589,#1291,.T.);
#3150=EDGE_CURVE('',#2590,#2588,#2312,.T.);
#3151=EDGE_CURVE('',#2590,#2591,#1292,.T.);
#3152=EDGE_CURVE('',#2589,#2591,#2313,.T.);
#3153=EDGE_CURVE('',#2585,#2590,#1293,.T.);
#3154=EDGE_CURVE('',#2591,#2587,#1294,.T.);
#3155=EDGE_CURVE('',#2592,#2593,#2314,.T.);
#3156=EDGE_CURVE('',#2592,#2594,#1295,.T.);
#3157=EDGE_CURVE('',#2595,#2594,#2315,.T.);
#3158=EDGE_CURVE('',#2593,#2595,#1296,.T.);
#3159=EDGE_CURVE('',#2596,#2592,#1297,.T.);
#3160=EDGE_CURVE('',#2596,#2597,#1298,.T.);
#3161=EDGE_CURVE('',#2594,#2597,#1299,.T.);
#3162=EDGE_CURVE('',#2598,#2596,#2316,.T.);
#3163=EDGE_CURVE('',#2598,#2599,#1300,.T.);
#3164=EDGE_CURVE('',#2597,#2599,#2317,.T.);
#3165=EDGE_CURVE('',#2593,#2598,#1301,.T.);
#3166=EDGE_CURVE('',#2599,#2595,#1302,.T.);
#3167=EDGE_CURVE('',#2600,#2601,#2318,.T.);
#3168=EDGE_CURVE('',#2600,#2602,#1303,.T.);
#3169=EDGE_CURVE('',#2603,#2602,#2319,.T.);
#3170=EDGE_CURVE('',#2601,#2603,#1304,.T.);
#3171=EDGE_CURVE('',#2604,#2600,#1305,.T.);
#3172=EDGE_CURVE('',#2604,#2605,#1306,.T.);
#3173=EDGE_CURVE('',#2602,#2605,#1307,.T.);
#3174=EDGE_CURVE('',#2606,#2604,#2320,.T.);
#3175=EDGE_CURVE('',#2606,#2607,#1308,.T.);
#3176=EDGE_CURVE('',#2605,#2607,#2321,.T.);
#3177=EDGE_CURVE('',#2601,#2606,#1309,.T.);
#3178=EDGE_CURVE('',#2607,#2603,#1310,.T.);
#3179=EDGE_CURVE('',#2608,#2609,#1311,.T.);
#3180=EDGE_CURVE('',#2608,#2610,#1312,.T.);
#3181=EDGE_CURVE('',#2611,#2610,#1313,.T.);
#3182=EDGE_CURVE('',#2609,#2611,#1314,.T.);
#3183=EDGE_CURVE('',#2612,#2608,#2322,.T.);
#3184=EDGE_CURVE('',#2612,#2613,#1315,.T.);
#3185=EDGE_CURVE('',#2610,#2613,#2323,.T.);
#3186=EDGE_CURVE('',#2614,#2612,#1316,.T.);
#3187=EDGE_CURVE('',#2614,#2615,#1317,.T.);
#3188=EDGE_CURVE('',#2613,#2615,#1318,.T.);
#3189=EDGE_CURVE('',#2609,#2614,#2324,.T.);
#3190=EDGE_CURVE('',#2615,#2611,#2325,.T.);
#3191=EDGE_CURVE('',#2616,#2617,#2326,.T.);
#3192=EDGE_CURVE('',#2616,#2618,#1319,.T.);
#3193=EDGE_CURVE('',#2619,#2618,#2327,.T.);
#3194=EDGE_CURVE('',#2617,#2619,#1320,.T.);
#3195=EDGE_CURVE('',#2620,#2616,#1321,.T.);
#3196=EDGE_CURVE('',#2620,#2621,#1322,.T.);
#3197=EDGE_CURVE('',#2618,#2621,#1323,.T.);
#3198=EDGE_CURVE('',#2622,#2620,#2328,.T.);
#3199=EDGE_CURVE('',#2622,#2623,#1324,.T.);
#3200=EDGE_CURVE('',#2621,#2623,#2329,.T.);
#3201=EDGE_CURVE('',#2617,#2622,#1325,.T.);
#3202=EDGE_CURVE('',#2623,#2619,#1326,.T.);
#3203=EDGE_CURVE('',#2624,#2625,#2330,.T.);
#3204=EDGE_CURVE('',#2624,#2626,#1327,.T.);
#3205=EDGE_CURVE('',#2627,#2626,#2331,.T.);
#3206=EDGE_CURVE('',#2625,#2627,#1328,.T.);
#3207=EDGE_CURVE('',#2628,#2624,#1329,.T.);
#3208=EDGE_CURVE('',#2628,#2629,#1330,.T.);
#3209=EDGE_CURVE('',#2626,#2629,#1331,.T.);
#3210=EDGE_CURVE('',#2630,#2628,#2332,.T.);
#3211=EDGE_CURVE('',#2630,#2631,#1332,.T.);
#3212=EDGE_CURVE('',#2629,#2631,#2333,.T.);
#3213=EDGE_CURVE('',#2625,#2630,#1333,.T.);
#3214=EDGE_CURVE('',#2631,#2627,#1334,.T.);
#3215=EDGE_CURVE('',#2632,#2633,#2334,.T.);
#3216=EDGE_CURVE('',#2632,#2634,#1335,.T.);
#3217=EDGE_CURVE('',#2635,#2634,#2335,.T.);
#3218=EDGE_CURVE('',#2633,#2635,#1336,.T.);
#3219=EDGE_CURVE('',#2636,#2632,#1337,.T.);
#3220=EDGE_CURVE('',#2636,#2637,#1338,.T.);
#3221=EDGE_CURVE('',#2634,#2637,#1339,.T.);
#3222=EDGE_CURVE('',#2638,#2636,#2336,.T.);
#3223=EDGE_CURVE('',#2638,#2639,#1340,.T.);
#3224=EDGE_CURVE('',#2637,#2639,#2337,.T.);
#3225=EDGE_CURVE('',#2633,#2638,#1341,.T.);
#3226=EDGE_CURVE('',#2639,#2635,#1342,.T.);
#3227=EDGE_CURVE('',#2640,#2641,#1343,.T.);
#3228=EDGE_CURVE('',#2640,#2642,#1344,.T.);
#3229=EDGE_CURVE('',#2643,#2642,#1345,.T.);
#3230=EDGE_CURVE('',#2641,#2643,#1346,.T.);
#3231=EDGE_CURVE('',#2644,#2640,#1347,.T.);
#3232=EDGE_CURVE('',#2644,#2645,#1348,.T.);
#3233=EDGE_CURVE('',#2642,#2645,#1349,.T.);
#3234=EDGE_CURVE('',#2646,#2644,#1350,.T.);
#3235=EDGE_CURVE('',#2647,#2646,#1351,.T.);
#3236=EDGE_CURVE('',#2645,#2647,#1352,.T.);
#3237=EDGE_CURVE('',#2648,#2649,#1353,.T.);
#3238=EDGE_CURVE('',#2648,#2650,#1354,.T.);
#3239=EDGE_CURVE('',#2651,#2650,#1355,.T.);
#3240=EDGE_CURVE('',#2649,#2651,#1356,.T.);
#3241=EDGE_CURVE('',#2652,#2648,#1357,.T.);
#3242=EDGE_CURVE('',#2652,#2653,#1358,.T.);
#3243=EDGE_CURVE('',#2650,#2653,#1359,.T.);
#3244=EDGE_CURVE('',#2654,#2652,#1360,.T.);
#3245=EDGE_CURVE('',#2655,#2654,#1361,.T.);
#3246=EDGE_CURVE('',#2653,#2655,#1362,.T.);
#3247=EDGE_CURVE('',#2656,#2657,#1363,.T.);
#3248=EDGE_CURVE('',#2656,#2658,#1364,.T.);
#3249=EDGE_CURVE('',#2659,#2658,#1365,.T.);
#3250=EDGE_CURVE('',#2657,#2659,#1366,.T.);
#3251=EDGE_CURVE('',#2660,#2656,#1367,.T.);
#3252=EDGE_CURVE('',#2660,#2661,#1368,.T.);
#3253=EDGE_CURVE('',#2658,#2661,#1369,.T.);
#3254=EDGE_CURVE('',#2662,#2660,#1370,.T.);
#3255=EDGE_CURVE('',#2663,#2662,#1371,.T.);
#3256=EDGE_CURVE('',#2661,#2663,#1372,.T.);
#3257=EDGE_CURVE('',#2664,#2665,#1373,.T.);
#3258=EDGE_CURVE('',#2664,#2666,#1374,.T.);
#3259=EDGE_CURVE('',#2667,#2666,#1375,.T.);
#3260=EDGE_CURVE('',#2665,#2667,#1376,.T.);
#3261=EDGE_CURVE('',#2668,#2664,#1377,.T.);
#3262=EDGE_CURVE('',#2668,#2669,#1378,.T.);
#3263=EDGE_CURVE('',#2666,#2669,#1379,.T.);
#3264=EDGE_CURVE('',#2670,#2668,#1380,.T.);
#3265=EDGE_CURVE('',#2671,#2670,#1381,.T.);
#3266=EDGE_CURVE('',#2669,#2671,#1382,.T.);
#3267=EDGE_CURVE('',#2672,#2673,#1383,.T.);
#3268=EDGE_CURVE('',#2672,#2674,#1384,.T.);
#3269=EDGE_CURVE('',#2675,#2674,#1385,.T.);
#3270=EDGE_CURVE('',#2673,#2675,#1386,.T.);
#3271=EDGE_CURVE('',#2676,#2672,#1387,.T.);
#3272=EDGE_CURVE('',#2676,#2677,#1388,.T.);
#3273=EDGE_CURVE('',#2674,#2677,#1389,.T.);
#3274=EDGE_CURVE('',#2678,#2676,#1390,.T.);
#3275=EDGE_CURVE('',#2679,#2678,#1391,.T.);
#3276=EDGE_CURVE('',#2677,#2679,#1392,.T.);
#3277=EDGE_CURVE('',#2680,#2681,#1393,.T.);
#3278=EDGE_CURVE('',#2680,#2682,#1394,.T.);
#3279=EDGE_CURVE('',#2683,#2682,#1395,.T.);
#3280=EDGE_CURVE('',#2681,#2683,#1396,.T.);
#3281=EDGE_CURVE('',#2684,#2680,#1397,.T.);
#3282=EDGE_CURVE('',#2684,#2685,#1398,.T.);
#3283=EDGE_CURVE('',#2682,#2685,#1399,.T.);
#3284=EDGE_CURVE('',#2686,#2684,#1400,.T.);
#3285=EDGE_CURVE('',#2687,#2686,#1401,.T.);
#3286=EDGE_CURVE('',#2685,#2687,#1402,.T.);
#3287=EDGE_CURVE('',#2688,#2689,#1403,.T.);
#3288=EDGE_CURVE('',#2688,#2690,#1404,.T.);
#3289=EDGE_CURVE('',#2691,#2690,#1405,.T.);
#3290=EDGE_CURVE('',#2689,#2691,#1406,.T.);
#3291=EDGE_CURVE('',#2692,#2688,#1407,.T.);
#3292=EDGE_CURVE('',#2692,#2693,#1408,.T.);
#3293=EDGE_CURVE('',#2690,#2693,#1409,.T.);
#3294=EDGE_CURVE('',#2694,#2692,#1410,.T.);
#3295=EDGE_CURVE('',#2695,#2694,#1411,.T.);
#3296=EDGE_CURVE('',#2693,#2695,#1412,.T.);
#3297=EDGE_CURVE('',#2696,#2697,#1413,.T.);
#3298=EDGE_CURVE('',#2696,#2698,#1414,.T.);
#3299=EDGE_CURVE('',#2699,#2698,#1415,.T.);
#3300=EDGE_CURVE('',#2697,#2699,#1416,.T.);
#3301=EDGE_CURVE('',#2700,#2696,#1417,.T.);
#3302=EDGE_CURVE('',#2700,#2701,#1418,.T.);
#3303=EDGE_CURVE('',#2698,#2701,#1419,.T.);
#3304=EDGE_CURVE('',#2702,#2700,#1420,.T.);
#3305=EDGE_CURVE('',#2703,#2702,#1421,.T.);
#3306=EDGE_CURVE('',#2701,#2703,#1422,.T.);
#3307=EDGE_CURVE('',#2704,#2705,#1423,.T.);
#3308=EDGE_CURVE('',#2704,#2706,#1424,.T.);
#3309=EDGE_CURVE('',#2707,#2706,#1425,.T.);
#3310=EDGE_CURVE('',#2705,#2707,#1426,.T.);
#3311=EDGE_CURVE('',#2708,#2704,#1427,.T.);
#3312=EDGE_CURVE('',#2708,#2709,#1428,.T.);
#3313=EDGE_CURVE('',#2706,#2709,#1429,.T.);
#3314=EDGE_CURVE('',#2710,#2708,#1430,.T.);
#3315=EDGE_CURVE('',#2711,#2710,#1431,.T.);
#3316=EDGE_CURVE('',#2709,#2711,#1432,.T.);
#3317=EDGE_CURVE('',#2712,#2713,#1433,.T.);
#3318=EDGE_CURVE('',#2712,#2714,#1434,.T.);
#3319=EDGE_CURVE('',#2715,#2714,#1435,.T.);
#3320=EDGE_CURVE('',#2713,#2715,#1436,.T.);
#3321=EDGE_CURVE('',#2716,#2712,#1437,.T.);
#3322=EDGE_CURVE('',#2716,#2717,#1438,.T.);
#3323=EDGE_CURVE('',#2714,#2717,#1439,.T.);
#3324=EDGE_CURVE('',#2718,#2716,#1440,.T.);
#3325=EDGE_CURVE('',#2719,#2718,#1441,.T.);
#3326=EDGE_CURVE('',#2717,#2719,#1442,.T.);
#3327=EDGE_CURVE('',#2720,#2721,#1443,.T.);
#3328=EDGE_CURVE('',#2720,#2722,#1444,.T.);
#3329=EDGE_CURVE('',#2723,#2722,#1445,.T.);
#3330=EDGE_CURVE('',#2721,#2723,#1446,.T.);
#3331=EDGE_CURVE('',#2724,#2720,#1447,.T.);
#3332=EDGE_CURVE('',#2724,#2725,#1448,.T.);
#3333=EDGE_CURVE('',#2722,#2725,#1449,.T.);
#3334=EDGE_CURVE('',#2726,#2724,#1450,.T.);
#3335=EDGE_CURVE('',#2727,#2726,#1451,.T.);
#3336=EDGE_CURVE('',#2725,#2727,#1452,.T.);
#3337=EDGE_CURVE('',#2728,#2729,#1453,.T.);
#3338=EDGE_CURVE('',#2728,#2730,#1454,.T.);
#3339=EDGE_CURVE('',#2731,#2730,#1455,.T.);
#3340=EDGE_CURVE('',#2729,#2731,#1456,.T.);
#3341=EDGE_CURVE('',#2732,#2728,#1457,.T.);
#3342=EDGE_CURVE('',#2732,#2733,#1458,.T.);
#3343=EDGE_CURVE('',#2730,#2733,#1459,.T.);
#3344=EDGE_CURVE('',#2734,#2732,#1460,.T.);
#3345=EDGE_CURVE('',#2735,#2734,#1461,.T.);
#3346=EDGE_CURVE('',#2733,#2735,#1462,.T.);
#3347=EDGE_CURVE('',#2736,#2737,#1463,.T.);
#3348=EDGE_CURVE('',#2736,#2738,#1464,.T.);
#3349=EDGE_CURVE('',#2739,#2738,#1465,.T.);
#3350=EDGE_CURVE('',#2737,#2739,#1466,.T.);
#3351=EDGE_CURVE('',#2740,#2736,#1467,.T.);
#3352=EDGE_CURVE('',#2740,#2741,#1468,.T.);
#3353=EDGE_CURVE('',#2738,#2741,#1469,.T.);
#3354=EDGE_CURVE('',#2742,#2740,#1470,.T.);
#3355=EDGE_CURVE('',#2743,#2742,#1471,.T.);
#3356=EDGE_CURVE('',#2741,#2743,#1472,.T.);
#3357=EDGE_CURVE('',#2744,#2745,#1473,.T.);
#3358=EDGE_CURVE('',#2744,#2746,#1474,.T.);
#3359=EDGE_CURVE('',#2747,#2746,#1475,.T.);
#3360=EDGE_CURVE('',#2745,#2747,#1476,.T.);
#3361=EDGE_CURVE('',#2748,#2744,#1477,.T.);
#3362=EDGE_CURVE('',#2748,#2749,#1478,.T.);
#3363=EDGE_CURVE('',#2746,#2749,#1479,.T.);
#3364=EDGE_CURVE('',#2750,#2748,#1480,.T.);
#3365=EDGE_CURVE('',#2751,#2750,#1481,.T.);
#3366=EDGE_CURVE('',#2749,#2751,#1482,.T.);
#3367=EDGE_CURVE('',#2752,#2753,#1483,.T.);
#3368=EDGE_CURVE('',#2752,#2754,#1484,.T.);
#3369=EDGE_CURVE('',#2755,#2754,#1485,.T.);
#3370=EDGE_CURVE('',#2753,#2755,#1486,.T.);
#3371=EDGE_CURVE('',#2756,#2752,#1487,.T.);
#3372=EDGE_CURVE('',#2756,#2757,#1488,.T.);
#3373=EDGE_CURVE('',#2754,#2757,#1489,.T.);
#3374=EDGE_CURVE('',#2758,#2756,#1490,.T.);
#3375=EDGE_CURVE('',#2759,#2758,#1491,.T.);
#3376=EDGE_CURVE('',#2757,#2759,#1492,.T.);
#3377=EDGE_CURVE('',#2760,#2761,#1493,.T.);
#3378=EDGE_CURVE('',#2760,#2762,#1494,.T.);
#3379=EDGE_CURVE('',#2763,#2762,#1495,.T.);
#3380=EDGE_CURVE('',#2761,#2763,#1496,.T.);
#3381=EDGE_CURVE('',#2764,#2760,#1497,.T.);
#3382=EDGE_CURVE('',#2764,#2765,#1498,.T.);
#3383=EDGE_CURVE('',#2762,#2765,#1499,.T.);
#3384=EDGE_CURVE('',#2766,#2764,#1500,.T.);
#3385=EDGE_CURVE('',#2767,#2766,#1501,.T.);
#3386=EDGE_CURVE('',#2765,#2767,#1502,.T.);
#3387=EDGE_CURVE('',#2768,#2769,#1503,.T.);
#3388=EDGE_CURVE('',#2768,#2770,#1504,.T.);
#3389=EDGE_CURVE('',#2771,#2770,#1505,.T.);
#3390=EDGE_CURVE('',#2769,#2771,#1506,.T.);
#3391=EDGE_CURVE('',#2772,#2768,#1507,.T.);
#3392=EDGE_CURVE('',#2772,#2773,#1508,.T.);
#3393=EDGE_CURVE('',#2770,#2773,#1509,.T.);
#3394=EDGE_CURVE('',#2774,#2772,#1510,.T.);
#3395=EDGE_CURVE('',#2775,#2774,#1511,.T.);
#3396=EDGE_CURVE('',#2773,#2775,#1512,.T.);
#3397=EDGE_CURVE('',#2776,#2777,#1513,.T.);
#3398=EDGE_CURVE('',#2776,#2778,#1514,.T.);
#3399=EDGE_CURVE('',#2779,#2778,#1515,.T.);
#3400=EDGE_CURVE('',#2777,#2779,#1516,.T.);
#3401=EDGE_CURVE('',#2780,#2776,#1517,.T.);
#3402=EDGE_CURVE('',#2780,#2781,#1518,.T.);
#3403=EDGE_CURVE('',#2778,#2781,#1519,.T.);
#3404=EDGE_CURVE('',#2782,#2780,#1520,.T.);
#3405=EDGE_CURVE('',#2783,#2782,#1521,.T.);
#3406=EDGE_CURVE('',#2781,#2783,#1522,.T.);
#3407=EDGE_CURVE('',#2784,#2785,#1523,.T.);
#3408=EDGE_CURVE('',#2784,#2786,#1524,.T.);
#3409=EDGE_CURVE('',#2787,#2786,#1525,.T.);
#3410=EDGE_CURVE('',#2785,#2787,#1526,.T.);
#3411=EDGE_CURVE('',#2788,#2784,#1527,.T.);
#3412=EDGE_CURVE('',#2788,#2789,#1528,.T.);
#3413=EDGE_CURVE('',#2786,#2789,#1529,.T.);
#3414=EDGE_CURVE('',#2790,#2788,#1530,.T.);
#3415=EDGE_CURVE('',#2791,#2790,#1531,.T.);
#3416=EDGE_CURVE('',#2789,#2791,#1532,.T.);
#3417=EDGE_CURVE('',#2792,#2793,#1533,.T.);
#3418=EDGE_CURVE('',#2792,#2794,#1534,.T.);
#3419=EDGE_CURVE('',#2795,#2794,#1535,.T.);
#3420=EDGE_CURVE('',#2793,#2795,#1536,.T.);
#3421=EDGE_CURVE('',#2796,#2792,#1537,.T.);
#3422=EDGE_CURVE('',#2796,#2797,#1538,.T.);
#3423=EDGE_CURVE('',#2794,#2797,#1539,.T.);
#3424=EDGE_CURVE('',#2798,#2796,#1540,.T.);
#3425=EDGE_CURVE('',#2799,#2798,#1541,.T.);
#3426=EDGE_CURVE('',#2797,#2799,#1542,.T.);
#3427=EDGE_CURVE('',#2800,#2801,#1543,.T.);
#3428=EDGE_CURVE('',#2800,#2802,#1544,.T.);
#3429=EDGE_CURVE('',#2803,#2802,#1545,.T.);
#3430=EDGE_CURVE('',#2801,#2803,#1546,.T.);
#3431=EDGE_CURVE('',#2804,#2800,#1547,.T.);
#3432=EDGE_CURVE('',#2804,#2805,#1548,.T.);
#3433=EDGE_CURVE('',#2802,#2805,#1549,.T.);
#3434=EDGE_CURVE('',#2806,#2804,#1550,.T.);
#3435=EDGE_CURVE('',#2807,#2806,#1551,.T.);
#3436=EDGE_CURVE('',#2805,#2807,#1552,.T.);
#3437=EDGE_CURVE('',#2808,#2809,#1553,.T.);
#3438=EDGE_CURVE('',#2808,#2810,#1554,.T.);
#3439=EDGE_CURVE('',#2811,#2810,#1555,.T.);
#3440=EDGE_CURVE('',#2809,#2811,#1556,.T.);
#3441=EDGE_CURVE('',#2812,#2808,#1557,.T.);
#3442=EDGE_CURVE('',#2812,#2813,#1558,.T.);
#3443=EDGE_CURVE('',#2810,#2813,#1559,.T.);
#3444=EDGE_CURVE('',#2814,#2812,#1560,.T.);
#3445=EDGE_CURVE('',#2815,#2814,#1561,.T.);
#3446=EDGE_CURVE('',#2813,#2815,#1562,.T.);
#3447=EDGE_CURVE('',#2816,#2817,#1563,.T.);
#3448=EDGE_CURVE('',#2816,#2818,#1564,.T.);
#3449=EDGE_CURVE('',#2819,#2818,#1565,.T.);
#3450=EDGE_CURVE('',#2817,#2819,#1566,.T.);
#3451=EDGE_CURVE('',#2820,#2816,#1567,.T.);
#3452=EDGE_CURVE('',#2820,#2821,#1568,.T.);
#3453=EDGE_CURVE('',#2818,#2821,#1569,.T.);
#3454=EDGE_CURVE('',#2822,#2820,#1570,.T.);
#3455=EDGE_CURVE('',#2823,#2822,#1571,.T.);
#3456=EDGE_CURVE('',#2821,#2823,#1572,.T.);
#3457=EDGE_CURVE('',#2824,#2825,#1573,.T.);
#3458=EDGE_CURVE('',#2824,#2826,#1574,.T.);
#3459=EDGE_CURVE('',#2827,#2826,#1575,.T.);
#3460=EDGE_CURVE('',#2825,#2827,#1576,.T.);
#3461=EDGE_CURVE('',#2828,#2824,#1577,.T.);
#3462=EDGE_CURVE('',#2828,#2829,#1578,.T.);
#3463=EDGE_CURVE('',#2826,#2829,#1579,.T.);
#3464=EDGE_CURVE('',#2830,#2828,#1580,.T.);
#3465=EDGE_CURVE('',#2831,#2830,#1581,.T.);
#3466=EDGE_CURVE('',#2829,#2831,#1582,.T.);
#3467=EDGE_CURVE('',#2819,#2647,#2338,.T.);
#3468=EDGE_CURVE('',#2739,#2823,#2339,.T.);
#3469=EDGE_CURVE('',#2723,#2743,#2340,.T.);
#3470=EDGE_CURVE('',#2651,#2727,#2341,.T.);
#3471=EDGE_CURVE('',#2747,#2655,#2342,.T.);
#3472=EDGE_CURVE('',#2811,#2751,#2343,.T.);
#3473=EDGE_CURVE('',#2715,#2815,#2344,.T.);
#3474=EDGE_CURVE('',#2659,#2719,#2345,.T.);
#3475=EDGE_CURVE('',#2755,#2663,#2346,.T.);
#3476=EDGE_CURVE('',#2803,#2759,#2347,.T.);
#3477=EDGE_CURVE('',#2707,#2807,#2348,.T.);
#3478=EDGE_CURVE('',#2667,#2711,#2349,.T.);
#3479=EDGE_CURVE('',#2763,#2671,#2350,.T.);
#3480=EDGE_CURVE('',#2795,#2767,#2351,.T.);
#3481=EDGE_CURVE('',#2699,#2799,#2352,.T.);
#3482=EDGE_CURVE('',#2675,#2703,#2353,.T.);
#3483=EDGE_CURVE('',#2779,#2679,#2354,.T.);
#3484=EDGE_CURVE('',#2683,#2783,#2355,.T.);
#3485=EDGE_CURVE('',#2691,#2687,#2356,.T.);
#3486=EDGE_CURVE('',#2787,#2695,#2357,.T.);
#3487=EDGE_CURVE('',#2771,#2791,#2358,.T.);
#3488=EDGE_CURVE('',#2827,#2775,#2359,.T.);
#3489=EDGE_CURVE('',#2731,#2831,#2360,.T.);
#3490=EDGE_CURVE('',#2643,#2735,#2361,.T.);
#3491=EDGE_CURVE('',#2825,#2774,#2362,.T.);
#3492=EDGE_CURVE('',#2769,#2790,#2363,.T.);
#3493=EDGE_CURVE('',#2793,#2766,#2364,.T.);
#3494=EDGE_CURVE('',#2801,#2758,#2365,.T.);
#3495=EDGE_CURVE('',#2809,#2750,#2366,.T.);
#3496=EDGE_CURVE('',#2737,#2822,#2367,.T.);
#3497=EDGE_CURVE('',#2729,#2830,#2368,.T.);
#3498=EDGE_CURVE('',#2721,#2742,#2369,.T.);
#3499=EDGE_CURVE('',#2713,#2814,#2370,.T.);
#3500=EDGE_CURVE('',#2705,#2806,#2371,.T.);
#3501=EDGE_CURVE('',#2697,#2798,#2372,.T.);
#3502=EDGE_CURVE('',#2785,#2694,#2373,.T.);
#3503=EDGE_CURVE('',#2689,#2686,#2374,.T.);
#3504=EDGE_CURVE('',#2681,#2782,#2375,.T.);
#3505=EDGE_CURVE('',#2777,#2678,#2376,.T.);
#3506=EDGE_CURVE('',#2673,#2702,#2377,.T.);
#3507=EDGE_CURVE('',#2761,#2670,#2378,.T.);
#3508=EDGE_CURVE('',#2665,#2710,#2379,.T.);
#3509=EDGE_CURVE('',#2753,#2662,#2380,.T.);
#3510=EDGE_CURVE('',#2657,#2718,#2381,.T.);
#3511=EDGE_CURVE('',#2745,#2654,#2382,.T.);
#3512=EDGE_CURVE('',#2649,#2726,#2383,.T.);
#3513=EDGE_CURVE('',#2817,#2646,#2384,.T.);
#3514=EDGE_CURVE('',#2641,#2734,#2385,.T.);
#3515=EDGE_CURVE('',#2832,#2832,#2386,.T.);
#3516=EDGE_CURVE('',#2832,#2833,#1583,.T.);
#3517=EDGE_CURVE('',#2833,#2833,#2387,.T.);
#3518=EDGE_CURVE('',#2834,#2834,#2388,.T.);
#3519=EDGE_CURVE('',#2834,#2835,#1584,.T.);
#3520=EDGE_CURVE('',#2835,#2835,#2389,.T.);
#3521=EDGE_CURVE('',#2836,#2836,#2390,.T.);
#3522=EDGE_CURVE('',#2836,#2837,#1585,.T.);
#3523=EDGE_CURVE('',#2837,#2837,#2391,.T.);
#3524=EDGE_CURVE('',#2838,#2838,#2392,.T.);
#3525=EDGE_CURVE('',#2839,#2839,#2393,.T.);
#3526=EDGE_CURVE('',#2840,#2840,#2394,.T.);
#3527=EDGE_CURVE('',#2840,#2838,#1586,.T.);
#3528=EDGE_CURVE('',#2841,#2841,#2395,.T.);
#3529=EDGE_CURVE('',#2839,#2841,#1587,.T.);
#3530=EDGE_CURVE('',#2842,#2843,#1588,.T.);
#3531=EDGE_CURVE('',#2842,#2844,#1589,.T.);
#3532=EDGE_CURVE('',#2845,#2844,#1590,.T.);
#3533=EDGE_CURVE('',#2843,#2845,#1591,.T.);
#3534=EDGE_CURVE('',#2843,#2846,#1592,.T.);
#3535=EDGE_CURVE('',#2847,#2845,#1593,.T.);
#3536=EDGE_CURVE('',#2846,#2847,#1594,.T.);
#3537=EDGE_CURVE('',#2846,#2848,#1595,.T.);
#3538=EDGE_CURVE('',#2849,#2847,#1596,.T.);
#3539=EDGE_CURVE('',#2848,#2849,#1597,.T.);
#3540=EDGE_CURVE('',#2848,#2842,#1598,.T.);
#3541=EDGE_CURVE('',#2844,#2849,#1599,.T.);
#3542=EDGE_CURVE('',#2850,#2851,#1600,.T.);
#3543=EDGE_CURVE('',#2851,#2852,#1601,.T.);
#3544=EDGE_CURVE('',#2853,#2852,#1602,.T.);
#3545=EDGE_CURVE('',#2850,#2853,#1603,.T.);
#3546=EDGE_CURVE('',#2854,#2850,#1604,.T.);
#3547=EDGE_CURVE('',#2855,#2853,#1605,.T.);
#3548=EDGE_CURVE('',#2854,#2855,#1606,.T.);
#3549=EDGE_CURVE('',#2856,#2854,#1607,.T.);
#3550=EDGE_CURVE('',#2857,#2855,#1608,.T.);
#3551=EDGE_CURVE('',#2856,#2857,#1609,.T.);
#3552=EDGE_CURVE('',#2851,#2856,#1610,.T.);
#3553=EDGE_CURVE('',#2852,#2857,#1611,.T.);
#3554=EDGE_CURVE('',#2858,#2858,#2396,.T.);
#3555=EDGE_CURVE('',#2858,#2859,#1612,.T.);
#3556=EDGE_CURVE('',#2859,#2859,#2397,.T.);
#3557=EDGE_CURVE('',#2860,#2861,#1613,.T.);
#3558=EDGE_CURVE('',#2861,#2862,#1614,.T.);
#3559=EDGE_CURVE('',#2863,#2862,#1615,.T.);
#3560=EDGE_CURVE('',#2860,#2863,#1616,.T.);
#3561=EDGE_CURVE('',#2864,#2860,#1617,.T.);
#3562=EDGE_CURVE('',#2865,#2863,#1618,.T.);
#3563=EDGE_CURVE('',#2864,#2865,#1619,.T.);
#3564=EDGE_CURVE('',#2866,#2864,#1620,.T.);
#3565=EDGE_CURVE('',#2867,#2865,#1621,.T.);
#3566=EDGE_CURVE('',#2866,#2867,#1622,.T.);
#3567=EDGE_CURVE('',#2861,#2866,#1623,.T.);
#3568=EDGE_CURVE('',#2862,#2867,#1624,.T.);
#3569=EDGE_CURVE('',#2868,#2868,#2398,.T.);
#3570=EDGE_CURVE('',#2868,#2869,#1625,.T.);
#3571=EDGE_CURVE('',#2869,#2869,#2399,.T.);
#3572=EDGE_CURVE('',#2870,#2870,#2400,.T.);
#3573=EDGE_CURVE('',#2870,#2871,#1626,.T.);
#3574=EDGE_CURVE('',#2871,#2871,#2401,.T.);
#3575=EDGE_CURVE('',#2872,#2872,#2402,.T.);
#3576=EDGE_CURVE('',#2872,#2873,#1627,.T.);
#3577=EDGE_CURVE('',#2873,#2873,#2403,.T.);
#3578=EDGE_CURVE('',#2874,#2874,#2404,.T.);
#3579=EDGE_CURVE('',#2874,#2875,#1628,.T.);
#3580=EDGE_CURVE('',#2875,#2875,#2405,.F.);
#3581=EDGE_CURVE('',#2876,#2876,#2406,.T.);
#3582=EDGE_CURVE('',#2876,#2877,#1629,.T.);
#3583=EDGE_CURVE('',#2877,#2877,#2407,.F.);
#3584=EDGE_CURVE('',#2878,#2878,#2408,.T.);
#3585=EDGE_CURVE('',#2878,#2879,#1630,.T.);
#3586=EDGE_CURVE('',#2879,#2879,#2409,.F.);
#3587=EDGE_CURVE('',#2880,#2880,#2410,.T.);
#3588=EDGE_CURVE('',#2880,#2881,#1631,.T.);
#3589=EDGE_CURVE('',#2881,#2881,#2411,.F.);
#3590=EDGE_CURVE('',#2882,#2883,#2412,.T.);
#3591=EDGE_CURVE('',#2883,#2884,#1632,.T.);
#3592=EDGE_CURVE('',#2884,#2885,#2413,.T.);
#3593=EDGE_CURVE('',#2885,#2882,#1633,.T.);
#3594=EDGE_CURVE('',#2886,#2885,#1634,.T.);
#3595=EDGE_CURVE('',#2887,#2886,#1635,.T.);
#3596=EDGE_CURVE('',#2882,#2887,#1636,.T.);
#3597=EDGE_CURVE('',#2884,#2888,#1637,.T.);
#3598=EDGE_CURVE('',#2889,#2888,#2414,.T.);
#3599=EDGE_CURVE('',#2889,#2890,#1638,.T.);
#3600=EDGE_CURVE('',#2891,#2890,#2415,.T.);
#3601=EDGE_CURVE('',#2891,#2892,#1639,.T.);
#3602=EDGE_CURVE('',#2886,#2892,#2416,.T.);
#3603=EDGE_CURVE('',#2893,#2894,#2417,.T.);
#3604=EDGE_CURVE('',#2894,#2889,#1640,.T.);
#3605=EDGE_CURVE('',#2888,#2893,#1641,.T.);
#3606=EDGE_CURVE('',#2895,#2894,#1642,.T.);
#3607=EDGE_CURVE('',#2890,#2895,#1643,.T.);
#3608=EDGE_CURVE('',#2895,#2896,#2418,.T.);
#3609=EDGE_CURVE('',#2896,#2891,#1644,.T.);
#3610=EDGE_CURVE('',#2897,#2887,#2419,.T.);
#3611=EDGE_CURVE('',#2892,#2897,#1645,.T.);
#3612=EDGE_CURVE('',#2893,#2883,#1646,.T.);
#3613=EDGE_CURVE('',#2897,#2896,#1647,.T.);
#3614=EDGE_CURVE('',#2898,#2898,#2420,.T.);
#3615=EDGE_CURVE('',#2898,#2899,#1648,.T.);
#3616=EDGE_CURVE('',#2899,#2899,#2421,.T.);
#3617=EDGE_CURVE('',#2900,#2900,#2422,.T.);
#3618=EDGE_CURVE('',#2901,#2901,#2423,.T.);
#3619=EDGE_CURVE('',#2902,#2902,#2424,.T.);
#3620=EDGE_CURVE('',#2902,#2903,#1649,.T.);
#3621=EDGE_CURVE('',#2903,#2903,#2425,.T.);
#3622=EDGE_CURVE('',#2904,#2904,#2426,.T.);
#3623=EDGE_CURVE('',#2904,#2905,#1650,.T.);
#3624=EDGE_CURVE('',#2905,#2905,#2427,.T.);
#3625=EDGE_CURVE('',#2906,#2907,#1651,.T.);
#3626=EDGE_CURVE('',#2908,#2907,#1652,.T.);
#3627=EDGE_CURVE('',#2909,#2908,#1653,.T.);
#3628=EDGE_CURVE('',#2906,#2909,#1654,.T.);
#3629=EDGE_CURVE('',#2910,#2906,#2428,.T.);
#3630=EDGE_CURVE('',#2911,#2909,#2429,.T.);
#3631=EDGE_CURVE('',#2910,#2911,#1655,.T.);
#3632=EDGE_CURVE('',#2912,#2910,#1656,.T.);
#3633=EDGE_CURVE('',#2913,#2911,#1657,.T.);
#3634=EDGE_CURVE('',#2912,#2913,#1658,.T.);
#3635=EDGE_CURVE('',#2914,#2913,#2430,.T.);
#3636=EDGE_CURVE('',#2915,#2914,#1659,.T.);
#3637=EDGE_CURVE('',#2915,#2912,#2431,.T.);
#3638=EDGE_CURVE('',#2907,#2916,#2432,.T.);
#3639=EDGE_CURVE('',#2916,#2917,#1660,.T.);
#3640=EDGE_CURVE('',#2908,#2917,#2433,.T.);
#3641=EDGE_CURVE('',#2918,#2919,#2434,.T.);
#3642=EDGE_CURVE('',#2919,#2920,#1661,.T.);
#3643=EDGE_CURVE('',#2921,#2920,#2435,.T.);
#3644=EDGE_CURVE('',#2918,#2921,#1662,.T.);
#3645=EDGE_CURVE('',#2919,#2918,#2436,.T.);
#3646=EDGE_CURVE('',#2920,#2921,#2437,.T.);
#3647=EDGE_CURVE('',#2922,#2923,#1663,.T.);
#3648=EDGE_CURVE('',#2924,#2923,#1664,.T.);
#3649=EDGE_CURVE('',#2925,#2924,#1665,.T.);
#3650=EDGE_CURVE('',#2922,#2925,#1666,.T.);
#3651=EDGE_CURVE('',#2926,#2922,#2438,.T.);
#3652=EDGE_CURVE('',#2927,#2925,#2439,.T.);
#3653=EDGE_CURVE('',#2926,#2927,#1667,.T.);
#3654=EDGE_CURVE('',#2916,#2926,#1668,.T.);
#3655=EDGE_CURVE('',#2917,#2927,#1669,.T.);
#3656=EDGE_CURVE('',#2923,#2928,#2440,.T.);
#3657=EDGE_CURVE('',#2928,#2929,#1670,.T.);
#3658=EDGE_CURVE('',#2924,#2929,#2441,.T.);
#3659=EDGE_CURVE('',#2930,#2930,#2442,.T.);
#3660=EDGE_CURVE('',#2930,#2901,#1671,.T.);
#3661=EDGE_CURVE('',#2931,#2931,#2443,.T.);
#3662=EDGE_CURVE('',#2931,#2900,#1672,.T.);
#3663=EDGE_CURVE('',#2932,#2932,#2444,.T.);
#3664=EDGE_CURVE('',#2932,#2933,#1673,.T.);
#3665=EDGE_CURVE('',#2933,#2933,#2445,.T.);
#3666=EDGE_CURVE('',#2934,#2934,#2446,.T.);
#3667=EDGE_CURVE('',#2934,#2935,#1674,.T.);
#3668=EDGE_CURVE('',#2935,#2935,#2447,.T.);
#3669=EDGE_CURVE('',#2936,#2936,#2448,.T.);
#3670=EDGE_CURVE('',#2936,#2937,#1675,.T.);
#3671=EDGE_CURVE('',#2937,#2937,#2449,.T.);
#3672=EDGE_CURVE('',#2938,#2939,#1676,.T.);
#3673=EDGE_CURVE('',#2938,#2940,#1677,.T.);
#3674=EDGE_CURVE('',#2941,#2940,#1678,.T.);
#3675=EDGE_CURVE('',#2939,#2941,#1679,.T.);
#3676=EDGE_CURVE('',#2939,#2928,#1680,.T.);
#3677=EDGE_CURVE('',#2929,#2941,#1681,.T.);
#3678=EDGE_CURVE('',#2915,#2942,#1682,.T.);
#3679=EDGE_CURVE('',#2943,#2914,#1683,.T.);
#3680=EDGE_CURVE('',#2942,#2943,#1684,.T.);
#3681=EDGE_CURVE('',#2942,#2944,#1685,.T.);
#3682=EDGE_CURVE('',#2945,#2943,#1686,.T.);
#3683=EDGE_CURVE('',#2944,#2945,#1687,.T.);
#3684=EDGE_CURVE('',#2938,#2944,#2450,.T.);
#3685=EDGE_CURVE('',#2940,#2945,#2451,.T.);
#3686=EDGE_CURVE('',#2946,#2946,#2452,.T.);
#3687=EDGE_CURVE('',#2946,#2947,#1688,.T.);
#3688=EDGE_CURVE('',#2947,#2947,#2453,.T.);
#3689=EDGE_CURVE('',#2948,#2948,#2454,.T.);
#3690=EDGE_CURVE('',#2948,#2949,#1689,.T.);
#3691=EDGE_CURVE('',#2949,#2949,#2455,.T.);
#3692=EDGE_CURVE('',#2950,#2950,#2456,.T.);
#3693=EDGE_CURVE('',#2950,#2951,#1690,.T.);
#3694=EDGE_CURVE('',#2951,#2951,#2457,.T.);
#3695=EDGE_CURVE('',#2952,#2952,#2458,.T.);
#3696=EDGE_CURVE('',#2952,#2953,#1691,.T.);
#3697=EDGE_CURVE('',#2953,#2953,#2459,.T.);
#3698=EDGE_CURVE('',#2954,#2954,#2460,.T.);
#3699=EDGE_CURVE('',#2954,#2955,#1692,.T.);
#3700=EDGE_CURVE('',#2955,#2955,#2461,.T.);
#3701=EDGE_CURVE('',#2956,#2957,#2462,.T.);
#3702=EDGE_CURVE('',#2957,#2958,#1693,.T.);
#3703=EDGE_CURVE('',#2958,#2959,#2463,.T.);
#3704=EDGE_CURVE('',#2959,#2956,#1694,.T.);
#3705=EDGE_CURVE('',#2959,#2960,#2464,.T.);
#3706=EDGE_CURVE('',#2960,#2961,#1695,.T.);
#3707=EDGE_CURVE('',#2956,#2961,#2465,.T.);
#3708=EDGE_CURVE('',#2958,#2962,#1696,.T.);
#3709=EDGE_CURVE('',#2963,#2962,#2466,.T.);
#3710=EDGE_CURVE('',#2964,#2963,#1697,.T.);
#3711=EDGE_CURVE('',#2965,#2964,#2467,.T.);
#3712=EDGE_CURVE('',#2966,#2965,#2468,.T.);
#3713=EDGE_CURVE('',#2966,#2960,#1698,.T.);
#3714=EDGE_CURVE('',#2967,#2968,#2469,.T.);
#3715=EDGE_CURVE('',#2969,#2967,#1699,.T.);
#3716=EDGE_CURVE('',#2970,#2969,#2470,.T.);
#3717=EDGE_CURVE('',#2971,#2970,#1700,.T.);
#3718=EDGE_CURVE('',#2972,#2971,#2471,.T.);
#3719=EDGE_CURVE('',#2968,#2972,#1701,.T.);
#3720=EDGE_CURVE('',#2973,#2974,#2472,.T.);
#3721=EDGE_CURVE('',#2974,#2965,#1702,.T.);
#3722=EDGE_CURVE('',#2964,#2973,#1703,.T.);
#3723=EDGE_CURVE('',#2975,#2974,#2473,.T.);
#3724=EDGE_CURVE('',#2966,#2975,#1704,.T.);
#3725=EDGE_CURVE('',#2967,#2976,#1705,.T.);
#3726=EDGE_CURVE('',#2977,#2976,#1706,.T.);
#3727=EDGE_CURVE('',#2969,#2977,#1707,.T.);
#3728=EDGE_CURVE('',#2978,#2977,#2474,.T.);
#3729=EDGE_CURVE('',#2970,#2978,#1708,.T.);
#3730=EDGE_CURVE('',#2979,#2978,#1709,.T.);
#3731=EDGE_CURVE('',#2971,#2979,#1710,.T.);
#3732=EDGE_CURVE('',#2980,#2979,#2475,.T.);
#3733=EDGE_CURVE('',#2972,#2980,#1711,.T.);
#3734=EDGE_CURVE('',#2981,#2980,#1712,.T.);
#3735=EDGE_CURVE('',#2968,#2981,#1713,.T.);
#3736=EDGE_CURVE('',#2976,#2981,#2476,.T.);
#3737=EDGE_CURVE('',#2961,#2975,#1714,.T.);
#3738=EDGE_CURVE('',#2982,#2957,#1715,.T.);
#3739=EDGE_CURVE('',#2962,#2982,#1716,.T.);
#3740=EDGE_CURVE('',#2983,#2982,#2477,.T.);
#3741=EDGE_CURVE('',#2963,#2983,#1717,.T.);
#3742=EDGE_CURVE('',#2973,#2983,#1718,.T.);
#3743=ORIENTED_EDGE('',*,*,#2984,.F.);
#3744=ORIENTED_EDGE('',*,*,#2985,.T.);
#3745=ORIENTED_EDGE('',*,*,#2986,.F.);
#3746=ORIENTED_EDGE('',*,*,#2985,.F.);
#3747=ORIENTED_EDGE('',*,*,#2984,.T.);
#3748=ORIENTED_EDGE('',*,*,#2987,.F.);
#3749=ORIENTED_EDGE('',*,*,#2988,.T.);
#3750=ORIENTED_EDGE('',*,*,#2989,.F.);
#3751=ORIENTED_EDGE('',*,*,#2988,.F.);
#3752=ORIENTED_EDGE('',*,*,#2987,.T.);
#3753=ORIENTED_EDGE('',*,*,#2990,.F.);
#3754=ORIENTED_EDGE('',*,*,#2991,.T.);
#3755=ORIENTED_EDGE('',*,*,#2992,.F.);
#3756=ORIENTED_EDGE('',*,*,#2991,.F.);
#3757=ORIENTED_EDGE('',*,*,#2990,.T.);
#3758=ORIENTED_EDGE('',*,*,#2993,.F.);
#3759=ORIENTED_EDGE('',*,*,#2994,.T.);
#3760=ORIENTED_EDGE('',*,*,#2995,.F.);
#3761=ORIENTED_EDGE('',*,*,#2994,.F.);
#3762=ORIENTED_EDGE('',*,*,#2993,.T.);
#3763=ORIENTED_EDGE('',*,*,#2996,.F.);
#3764=ORIENTED_EDGE('',*,*,#2997,.T.);
#3765=ORIENTED_EDGE('',*,*,#2998,.F.);
#3766=ORIENTED_EDGE('',*,*,#2997,.F.);
#3767=ORIENTED_EDGE('',*,*,#2999,.F.);
#3768=ORIENTED_EDGE('',*,*,#3000,.T.);
#3769=ORIENTED_EDGE('',*,*,#3001,.F.);
#3770=ORIENTED_EDGE('',*,*,#3000,.F.);
#3771=ORIENTED_EDGE('',*,*,#3002,.F.);
#3772=ORIENTED_EDGE('',*,*,#3003,.T.);
#3773=ORIENTED_EDGE('',*,*,#3004,.F.);
#3774=ORIENTED_EDGE('',*,*,#3003,.F.);
#3775=ORIENTED_EDGE('',*,*,#3005,.F.);
#3776=ORIENTED_EDGE('',*,*,#3006,.T.);
#3777=ORIENTED_EDGE('',*,*,#3007,.F.);
#3778=ORIENTED_EDGE('',*,*,#3006,.F.);
#3779=ORIENTED_EDGE('',*,*,#3008,.F.);
#3780=ORIENTED_EDGE('',*,*,#3009,.T.);
#3781=ORIENTED_EDGE('',*,*,#3010,.F.);
#3782=ORIENTED_EDGE('',*,*,#3009,.F.);
#3783=ORIENTED_EDGE('',*,*,#3011,.F.);
#3784=ORIENTED_EDGE('',*,*,#3012,.T.);
#3785=ORIENTED_EDGE('',*,*,#3013,.F.);
#3786=ORIENTED_EDGE('',*,*,#3012,.F.);
#3787=ORIENTED_EDGE('',*,*,#3014,.F.);
#3788=ORIENTED_EDGE('',*,*,#3015,.T.);
#3789=ORIENTED_EDGE('',*,*,#3016,.F.);
#3790=ORIENTED_EDGE('',*,*,#3015,.F.);
#3791=ORIENTED_EDGE('',*,*,#3017,.F.);
#3792=ORIENTED_EDGE('',*,*,#3018,.T.);
#3793=ORIENTED_EDGE('',*,*,#3019,.F.);
#3794=ORIENTED_EDGE('',*,*,#3018,.F.);
#3795=ORIENTED_EDGE('',*,*,#3020,.T.);
#3796=ORIENTED_EDGE('',*,*,#3021,.T.);
#3797=ORIENTED_EDGE('',*,*,#3022,.T.);
#3798=ORIENTED_EDGE('',*,*,#3023,.T.);
#3799=ORIENTED_EDGE('',*,*,#3023,.F.);
#3800=ORIENTED_EDGE('',*,*,#3024,.T.);
#3801=ORIENTED_EDGE('',*,*,#3025,.T.);
#3802=ORIENTED_EDGE('',*,*,#3026,.F.);
#3803=ORIENTED_EDGE('',*,*,#3008,.T.);
#3804=ORIENTED_EDGE('',*,*,#3011,.T.);
#3805=ORIENTED_EDGE('',*,*,#3014,.T.);
#3806=ORIENTED_EDGE('',*,*,#3017,.T.);
#3807=ORIENTED_EDGE('',*,*,#3022,.F.);
#3808=ORIENTED_EDGE('',*,*,#3027,.F.);
#3809=ORIENTED_EDGE('',*,*,#3028,.F.);
#3810=ORIENTED_EDGE('',*,*,#3029,.F.);
#3811=ORIENTED_EDGE('',*,*,#3030,.F.);
#3812=ORIENTED_EDGE('',*,*,#3031,.F.);
#3813=ORIENTED_EDGE('',*,*,#3032,.F.);
#3814=ORIENTED_EDGE('',*,*,#3033,.F.);
#3815=ORIENTED_EDGE('',*,*,#3034,.F.);
#3816=ORIENTED_EDGE('',*,*,#3024,.F.);
#3817=ORIENTED_EDGE('',*,*,#3035,.T.);
#3818=ORIENTED_EDGE('',*,*,#3036,.T.);
#3819=ORIENTED_EDGE('',*,*,#3028,.T.);
#3820=ORIENTED_EDGE('',*,*,#3037,.T.);
#3821=ORIENTED_EDGE('',*,*,#3036,.F.);
#3822=ORIENTED_EDGE('',*,*,#3038,.F.);
#3823=ORIENTED_EDGE('',*,*,#3039,.F.);
#3824=ORIENTED_EDGE('',*,*,#3029,.T.);
#3825=ORIENTED_EDGE('',*,*,#2996,.T.);
#3826=ORIENTED_EDGE('',*,*,#2999,.T.);
#3827=ORIENTED_EDGE('',*,*,#3002,.T.);
#3828=ORIENTED_EDGE('',*,*,#3005,.T.);
#3829=ORIENTED_EDGE('',*,*,#3040,.F.);
#3830=ORIENTED_EDGE('',*,*,#3041,.T.);
#3831=ORIENTED_EDGE('',*,*,#3042,.F.);
#3832=ORIENTED_EDGE('',*,*,#3041,.F.);
#3833=ORIENTED_EDGE('',*,*,#3040,.T.);
#3834=ORIENTED_EDGE('',*,*,#2992,.T.);
#3835=ORIENTED_EDGE('',*,*,#3043,.F.);
#3836=ORIENTED_EDGE('',*,*,#3044,.T.);
#3837=ORIENTED_EDGE('',*,*,#3045,.F.);
#3838=ORIENTED_EDGE('',*,*,#3044,.F.);
#3839=ORIENTED_EDGE('',*,*,#3043,.T.);
#3840=ORIENTED_EDGE('',*,*,#2995,.T.);
#3841=ORIENTED_EDGE('',*,*,#3046,.F.);
#3842=ORIENTED_EDGE('',*,*,#3047,.T.);
#3843=ORIENTED_EDGE('',*,*,#3048,.F.);
#3844=ORIENTED_EDGE('',*,*,#3047,.F.);
#3845=ORIENTED_EDGE('',*,*,#3046,.T.);
#3846=ORIENTED_EDGE('',*,*,#2986,.T.);
#3847=ORIENTED_EDGE('',*,*,#3049,.F.);
#3848=ORIENTED_EDGE('',*,*,#3050,.T.);
#3849=ORIENTED_EDGE('',*,*,#3051,.F.);
#3850=ORIENTED_EDGE('',*,*,#3050,.F.);
#3851=ORIENTED_EDGE('',*,*,#3049,.T.);
#3852=ORIENTED_EDGE('',*,*,#2989,.T.);
#3853=ORIENTED_EDGE('',*,*,#3031,.T.);
#3854=ORIENTED_EDGE('',*,*,#3052,.T.);
#3855=ORIENTED_EDGE('',*,*,#3053,.F.);
#3856=ORIENTED_EDGE('',*,*,#3054,.F.);
#3857=ORIENTED_EDGE('',*,*,#2998,.T.);
#3858=ORIENTED_EDGE('',*,*,#3001,.T.);
#3859=ORIENTED_EDGE('',*,*,#3004,.T.);
#3860=ORIENTED_EDGE('',*,*,#3007,.T.);
#3861=ORIENTED_EDGE('',*,*,#3032,.T.);
#3862=ORIENTED_EDGE('',*,*,#3054,.T.);
#3863=ORIENTED_EDGE('',*,*,#3055,.F.);
#3864=ORIENTED_EDGE('',*,*,#3056,.F.);
#3865=ORIENTED_EDGE('',*,*,#3033,.T.);
#3866=ORIENTED_EDGE('',*,*,#3056,.T.);
#3867=ORIENTED_EDGE('',*,*,#3057,.F.);
#3868=ORIENTED_EDGE('',*,*,#3058,.F.);
#3869=ORIENTED_EDGE('',*,*,#3010,.T.);
#3870=ORIENTED_EDGE('',*,*,#3013,.T.);
#3871=ORIENTED_EDGE('',*,*,#3016,.T.);
#3872=ORIENTED_EDGE('',*,*,#3019,.T.);
#3873=ORIENTED_EDGE('',*,*,#3034,.T.);
#3874=ORIENTED_EDGE('',*,*,#3058,.T.);
#3875=ORIENTED_EDGE('',*,*,#3059,.F.);
#3876=ORIENTED_EDGE('',*,*,#3025,.F.);
#3877=ORIENTED_EDGE('',*,*,#3021,.F.);
#3878=ORIENTED_EDGE('',*,*,#3060,.F.);
#3879=ORIENTED_EDGE('',*,*,#3037,.F.);
#3880=ORIENTED_EDGE('',*,*,#3027,.T.);
#3881=ORIENTED_EDGE('',*,*,#3042,.T.);
#3882=ORIENTED_EDGE('',*,*,#3045,.T.);
#3883=ORIENTED_EDGE('',*,*,#3048,.T.);
#3884=ORIENTED_EDGE('',*,*,#3051,.T.);
#3885=ORIENTED_EDGE('',*,*,#3030,.T.);
#3886=ORIENTED_EDGE('',*,*,#3039,.T.);
#3887=ORIENTED_EDGE('',*,*,#3061,.F.);
#3888=ORIENTED_EDGE('',*,*,#3052,.F.);
#3889=ORIENTED_EDGE('',*,*,#3020,.F.);
#3890=ORIENTED_EDGE('',*,*,#3026,.T.);
#3891=ORIENTED_EDGE('',*,*,#3059,.T.);
#3892=ORIENTED_EDGE('',*,*,#3057,.T.);
#3893=ORIENTED_EDGE('',*,*,#3055,.T.);
#3894=ORIENTED_EDGE('',*,*,#3053,.T.);
#3895=ORIENTED_EDGE('',*,*,#3061,.T.);
#3896=ORIENTED_EDGE('',*,*,#3038,.T.);
#3897=ORIENTED_EDGE('',*,*,#3035,.F.);
#3898=ORIENTED_EDGE('',*,*,#3060,.T.);
#3899=ORIENTED_EDGE('',*,*,#3062,.F.);
#3900=ORIENTED_EDGE('',*,*,#3063,.T.);
#3901=ORIENTED_EDGE('',*,*,#3064,.F.);
#3902=ORIENTED_EDGE('',*,*,#3065,.F.);
#3903=ORIENTED_EDGE('',*,*,#3066,.F.);
#3904=ORIENTED_EDGE('',*,*,#3065,.T.);
#3905=ORIENTED_EDGE('',*,*,#3067,.F.);
#3906=ORIENTED_EDGE('',*,*,#3068,.F.);
#3907=ORIENTED_EDGE('',*,*,#3069,.F.);
#3908=ORIENTED_EDGE('',*,*,#3068,.T.);
#3909=ORIENTED_EDGE('',*,*,#3070,.F.);
#3910=ORIENTED_EDGE('',*,*,#3071,.F.);
#3911=ORIENTED_EDGE('',*,*,#3072,.F.);
#3912=ORIENTED_EDGE('',*,*,#3071,.T.);
#3913=ORIENTED_EDGE('',*,*,#3073,.F.);
#3914=ORIENTED_EDGE('',*,*,#3063,.F.);
#3915=ORIENTED_EDGE('',*,*,#3073,.T.);
#3916=ORIENTED_EDGE('',*,*,#3070,.T.);
#3917=ORIENTED_EDGE('',*,*,#3067,.T.);
#3918=ORIENTED_EDGE('',*,*,#3064,.T.);
#3919=ORIENTED_EDGE('',*,*,#3074,.F.);
#3920=ORIENTED_EDGE('',*,*,#3075,.T.);
#3921=ORIENTED_EDGE('',*,*,#3076,.F.);
#3922=ORIENTED_EDGE('',*,*,#3075,.F.);
#3923=ORIENTED_EDGE('',*,*,#3074,.T.);
#3924=ORIENTED_EDGE('',*,*,#3077,.F.);
#3925=ORIENTED_EDGE('',*,*,#3078,.T.);
#3926=ORIENTED_EDGE('',*,*,#3079,.F.);
#3927=ORIENTED_EDGE('',*,*,#3078,.F.);
#3928=ORIENTED_EDGE('',*,*,#3077,.T.);
#3929=ORIENTED_EDGE('',*,*,#3080,.F.);
#3930=ORIENTED_EDGE('',*,*,#3081,.T.);
#3931=ORIENTED_EDGE('',*,*,#3082,.F.);
#3932=ORIENTED_EDGE('',*,*,#3081,.F.);
#3933=ORIENTED_EDGE('',*,*,#3080,.T.);
#3934=ORIENTED_EDGE('',*,*,#3079,.T.);
#3935=ORIENTED_EDGE('',*,*,#3083,.F.);
#3936=ORIENTED_EDGE('',*,*,#3084,.T.);
#3937=ORIENTED_EDGE('',*,*,#3085,.T.);
#3938=ORIENTED_EDGE('',*,*,#3084,.F.);
#3939=ORIENTED_EDGE('',*,*,#3083,.T.);
#3940=ORIENTED_EDGE('',*,*,#3082,.T.);
#3941=ORIENTED_EDGE('',*,*,#3085,.F.);
#3942=ORIENTED_EDGE('',*,*,#3086,.T.);
#3943=ORIENTED_EDGE('',*,*,#3087,.T.);
#3944=ORIENTED_EDGE('',*,*,#3088,.T.);
#3945=ORIENTED_EDGE('',*,*,#3089,.T.);
#3946=ORIENTED_EDGE('',*,*,#3062,.T.);
#3947=ORIENTED_EDGE('',*,*,#3066,.T.);
#3948=ORIENTED_EDGE('',*,*,#3069,.T.);
#3949=ORIENTED_EDGE('',*,*,#3072,.T.);
#3950=ORIENTED_EDGE('',*,*,#3076,.T.);
#3951=ORIENTED_EDGE('',*,*,#3086,.F.);
#3952=ORIENTED_EDGE('',*,*,#3090,.T.);
#3953=ORIENTED_EDGE('',*,*,#3091,.F.);
#3954=ORIENTED_EDGE('',*,*,#3092,.F.);
#3955=ORIENTED_EDGE('',*,*,#3087,.F.);
#3956=ORIENTED_EDGE('',*,*,#3092,.T.);
#3957=ORIENTED_EDGE('',*,*,#3093,.F.);
#3958=ORIENTED_EDGE('',*,*,#3094,.F.);
#3959=ORIENTED_EDGE('',*,*,#3088,.F.);
#3960=ORIENTED_EDGE('',*,*,#3094,.T.);
#3961=ORIENTED_EDGE('',*,*,#3095,.F.);
#3962=ORIENTED_EDGE('',*,*,#3096,.F.);
#3963=ORIENTED_EDGE('',*,*,#3089,.F.);
#3964=ORIENTED_EDGE('',*,*,#3096,.T.);
#3965=ORIENTED_EDGE('',*,*,#3097,.F.);
#3966=ORIENTED_EDGE('',*,*,#3090,.F.);
#3967=ORIENTED_EDGE('',*,*,#3097,.T.);
#3968=ORIENTED_EDGE('',*,*,#3095,.T.);
#3969=ORIENTED_EDGE('',*,*,#3093,.T.);
#3970=ORIENTED_EDGE('',*,*,#3091,.T.);
#3971=ORIENTED_EDGE('',*,*,#3098,.F.);
#3972=ORIENTED_EDGE('',*,*,#3099,.T.);
#3973=ORIENTED_EDGE('',*,*,#3100,.T.);
#3974=ORIENTED_EDGE('',*,*,#3099,.F.);
#3975=ORIENTED_EDGE('',*,*,#3101,.F.);
#3976=ORIENTED_EDGE('',*,*,#3102,.T.);
#3977=ORIENTED_EDGE('',*,*,#3103,.T.);
#3978=ORIENTED_EDGE('',*,*,#3102,.F.);
#3979=ORIENTED_EDGE('',*,*,#3101,.T.);
#3980=ORIENTED_EDGE('',*,*,#3098,.T.);
#3981=ORIENTED_EDGE('',*,*,#3103,.F.);
#3982=ORIENTED_EDGE('',*,*,#3100,.F.);
#3983=ORIENTED_EDGE('',*,*,#3104,.F.);
#3984=ORIENTED_EDGE('',*,*,#3105,.T.);
#3985=ORIENTED_EDGE('',*,*,#3106,.T.);
#3986=ORIENTED_EDGE('',*,*,#3105,.F.);
#3987=ORIENTED_EDGE('',*,*,#3106,.F.);
#3988=ORIENTED_EDGE('',*,*,#3107,.F.);
#3989=ORIENTED_EDGE('',*,*,#3108,.T.);
#3990=ORIENTED_EDGE('',*,*,#3109,.F.);
#3991=ORIENTED_EDGE('',*,*,#3110,.F.);
#3992=ORIENTED_EDGE('',*,*,#3111,.F.);
#3993=ORIENTED_EDGE('',*,*,#3112,.T.);
#3994=ORIENTED_EDGE('',*,*,#3113,.F.);
#3995=ORIENTED_EDGE('',*,*,#3108,.F.);
#3996=ORIENTED_EDGE('',*,*,#3114,.F.);
#3997=ORIENTED_EDGE('',*,*,#3115,.T.);
#3998=ORIENTED_EDGE('',*,*,#3116,.F.);
#3999=ORIENTED_EDGE('',*,*,#3112,.F.);
#4000=ORIENTED_EDGE('',*,*,#3117,.F.);
#4001=ORIENTED_EDGE('',*,*,#3110,.T.);
#4002=ORIENTED_EDGE('',*,*,#3118,.F.);
#4003=ORIENTED_EDGE('',*,*,#3115,.F.);
#4004=ORIENTED_EDGE('',*,*,#3119,.F.);
#4005=ORIENTED_EDGE('',*,*,#3120,.T.);
#4006=ORIENTED_EDGE('',*,*,#3121,.F.);
#4007=ORIENTED_EDGE('',*,*,#3122,.F.);
#4008=ORIENTED_EDGE('',*,*,#3123,.F.);
#4009=ORIENTED_EDGE('',*,*,#3124,.T.);
#4010=ORIENTED_EDGE('',*,*,#3125,.F.);
#4011=ORIENTED_EDGE('',*,*,#3120,.F.);
#4012=ORIENTED_EDGE('',*,*,#3126,.F.);
#4013=ORIENTED_EDGE('',*,*,#3127,.T.);
#4014=ORIENTED_EDGE('',*,*,#3128,.F.);
#4015=ORIENTED_EDGE('',*,*,#3124,.F.);
#4016=ORIENTED_EDGE('',*,*,#3129,.F.);
#4017=ORIENTED_EDGE('',*,*,#3122,.T.);
#4018=ORIENTED_EDGE('',*,*,#3130,.F.);
#4019=ORIENTED_EDGE('',*,*,#3127,.F.);
#4020=ORIENTED_EDGE('',*,*,#3131,.F.);
#4021=ORIENTED_EDGE('',*,*,#3132,.T.);
#4022=ORIENTED_EDGE('',*,*,#3133,.F.);
#4023=ORIENTED_EDGE('',*,*,#3134,.F.);
#4024=ORIENTED_EDGE('',*,*,#3135,.F.);
#4025=ORIENTED_EDGE('',*,*,#3136,.T.);
#4026=ORIENTED_EDGE('',*,*,#3137,.F.);
#4027=ORIENTED_EDGE('',*,*,#3132,.F.);
#4028=ORIENTED_EDGE('',*,*,#3138,.F.);
#4029=ORIENTED_EDGE('',*,*,#3139,.T.);
#4030=ORIENTED_EDGE('',*,*,#3140,.F.);
#4031=ORIENTED_EDGE('',*,*,#3136,.F.);
#4032=ORIENTED_EDGE('',*,*,#3141,.F.);
#4033=ORIENTED_EDGE('',*,*,#3134,.T.);
#4034=ORIENTED_EDGE('',*,*,#3142,.F.);
#4035=ORIENTED_EDGE('',*,*,#3139,.F.);
#4036=ORIENTED_EDGE('',*,*,#3143,.F.);
#4037=ORIENTED_EDGE('',*,*,#3144,.T.);
#4038=ORIENTED_EDGE('',*,*,#3145,.F.);
#4039=ORIENTED_EDGE('',*,*,#3146,.F.);
#4040=ORIENTED_EDGE('',*,*,#3147,.F.);
#4041=ORIENTED_EDGE('',*,*,#3148,.T.);
#4042=ORIENTED_EDGE('',*,*,#3149,.F.);
#4043=ORIENTED_EDGE('',*,*,#3144,.F.);
#4044=ORIENTED_EDGE('',*,*,#3150,.F.);
#4045=ORIENTED_EDGE('',*,*,#3151,.T.);
#4046=ORIENTED_EDGE('',*,*,#3152,.F.);
#4047=ORIENTED_EDGE('',*,*,#3148,.F.);
#4048=ORIENTED_EDGE('',*,*,#3153,.F.);
#4049=ORIENTED_EDGE('',*,*,#3146,.T.);
#4050=ORIENTED_EDGE('',*,*,#3154,.F.);
#4051=ORIENTED_EDGE('',*,*,#3151,.F.);
#4052=ORIENTED_EDGE('',*,*,#3155,.F.);
#4053=ORIENTED_EDGE('',*,*,#3156,.T.);
#4054=ORIENTED_EDGE('',*,*,#3157,.F.);
#4055=ORIENTED_EDGE('',*,*,#3158,.F.);
#4056=ORIENTED_EDGE('',*,*,#3159,.F.);
#4057=ORIENTED_EDGE('',*,*,#3160,.T.);
#4058=ORIENTED_EDGE('',*,*,#3161,.F.);
#4059=ORIENTED_EDGE('',*,*,#3156,.F.);
#4060=ORIENTED_EDGE('',*,*,#3162,.F.);
#4061=ORIENTED_EDGE('',*,*,#3163,.T.);
#4062=ORIENTED_EDGE('',*,*,#3164,.F.);
#4063=ORIENTED_EDGE('',*,*,#3160,.F.);
#4064=ORIENTED_EDGE('',*,*,#3165,.F.);
#4065=ORIENTED_EDGE('',*,*,#3158,.T.);
#4066=ORIENTED_EDGE('',*,*,#3166,.F.);
#4067=ORIENTED_EDGE('',*,*,#3163,.F.);
#4068=ORIENTED_EDGE('',*,*,#3167,.F.);
#4069=ORIENTED_EDGE('',*,*,#3168,.T.);
#4070=ORIENTED_EDGE('',*,*,#3169,.F.);
#4071=ORIENTED_EDGE('',*,*,#3170,.F.);
#4072=ORIENTED_EDGE('',*,*,#3171,.F.);
#4073=ORIENTED_EDGE('',*,*,#3172,.T.);
#4074=ORIENTED_EDGE('',*,*,#3173,.F.);
#4075=ORIENTED_EDGE('',*,*,#3168,.F.);
#4076=ORIENTED_EDGE('',*,*,#3174,.F.);
#4077=ORIENTED_EDGE('',*,*,#3175,.T.);
#4078=ORIENTED_EDGE('',*,*,#3176,.F.);
#4079=ORIENTED_EDGE('',*,*,#3172,.F.);
#4080=ORIENTED_EDGE('',*,*,#3177,.F.);
#4081=ORIENTED_EDGE('',*,*,#3170,.T.);
#4082=ORIENTED_EDGE('',*,*,#3178,.F.);
#4083=ORIENTED_EDGE('',*,*,#3175,.F.);
#4084=ORIENTED_EDGE('',*,*,#3179,.F.);
#4085=ORIENTED_EDGE('',*,*,#3180,.T.);
#4086=ORIENTED_EDGE('',*,*,#3181,.F.);
#4087=ORIENTED_EDGE('',*,*,#3182,.F.);
#4088=ORIENTED_EDGE('',*,*,#3183,.F.);
#4089=ORIENTED_EDGE('',*,*,#3184,.T.);
#4090=ORIENTED_EDGE('',*,*,#3185,.F.);
#4091=ORIENTED_EDGE('',*,*,#3180,.F.);
#4092=ORIENTED_EDGE('',*,*,#3186,.F.);
#4093=ORIENTED_EDGE('',*,*,#3187,.T.);
#4094=ORIENTED_EDGE('',*,*,#3188,.F.);
#4095=ORIENTED_EDGE('',*,*,#3184,.F.);
#4096=ORIENTED_EDGE('',*,*,#3189,.F.);
#4097=ORIENTED_EDGE('',*,*,#3182,.T.);
#4098=ORIENTED_EDGE('',*,*,#3190,.F.);
#4099=ORIENTED_EDGE('',*,*,#3187,.F.);
#4100=ORIENTED_EDGE('',*,*,#3191,.F.);
#4101=ORIENTED_EDGE('',*,*,#3192,.T.);
#4102=ORIENTED_EDGE('',*,*,#3193,.F.);
#4103=ORIENTED_EDGE('',*,*,#3194,.F.);
#4104=ORIENTED_EDGE('',*,*,#3195,.F.);
#4105=ORIENTED_EDGE('',*,*,#3196,.T.);
#4106=ORIENTED_EDGE('',*,*,#3197,.F.);
#4107=ORIENTED_EDGE('',*,*,#3192,.F.);
#4108=ORIENTED_EDGE('',*,*,#3198,.F.);
#4109=ORIENTED_EDGE('',*,*,#3199,.T.);
#4110=ORIENTED_EDGE('',*,*,#3200,.F.);
#4111=ORIENTED_EDGE('',*,*,#3196,.F.);
#4112=ORIENTED_EDGE('',*,*,#3201,.F.);
#4113=ORIENTED_EDGE('',*,*,#3194,.T.);
#4114=ORIENTED_EDGE('',*,*,#3202,.F.);
#4115=ORIENTED_EDGE('',*,*,#3199,.F.);
#4116=ORIENTED_EDGE('',*,*,#3203,.F.);
#4117=ORIENTED_EDGE('',*,*,#3204,.T.);
#4118=ORIENTED_EDGE('',*,*,#3205,.F.);
#4119=ORIENTED_EDGE('',*,*,#3206,.F.);
#4120=ORIENTED_EDGE('',*,*,#3207,.F.);
#4121=ORIENTED_EDGE('',*,*,#3208,.T.);
#4122=ORIENTED_EDGE('',*,*,#3209,.F.);
#4123=ORIENTED_EDGE('',*,*,#3204,.F.);
#4124=ORIENTED_EDGE('',*,*,#3210,.F.);
#4125=ORIENTED_EDGE('',*,*,#3211,.T.);
#4126=ORIENTED_EDGE('',*,*,#3212,.F.);
#4127=ORIENTED_EDGE('',*,*,#3208,.F.);
#4128=ORIENTED_EDGE('',*,*,#3213,.F.);
#4129=ORIENTED_EDGE('',*,*,#3206,.T.);
#4130=ORIENTED_EDGE('',*,*,#3214,.F.);
#4131=ORIENTED_EDGE('',*,*,#3211,.F.);
#4132=ORIENTED_EDGE('',*,*,#3215,.F.);
#4133=ORIENTED_EDGE('',*,*,#3216,.T.);
#4134=ORIENTED_EDGE('',*,*,#3217,.F.);
#4135=ORIENTED_EDGE('',*,*,#3218,.F.);
#4136=ORIENTED_EDGE('',*,*,#3219,.F.);
#4137=ORIENTED_EDGE('',*,*,#3220,.T.);
#4138=ORIENTED_EDGE('',*,*,#3221,.F.);
#4139=ORIENTED_EDGE('',*,*,#3216,.F.);
#4140=ORIENTED_EDGE('',*,*,#3222,.F.);
#4141=ORIENTED_EDGE('',*,*,#3223,.T.);
#4142=ORIENTED_EDGE('',*,*,#3224,.F.);
#4143=ORIENTED_EDGE('',*,*,#3220,.F.);
#4144=ORIENTED_EDGE('',*,*,#3225,.F.);
#4145=ORIENTED_EDGE('',*,*,#3218,.T.);
#4146=ORIENTED_EDGE('',*,*,#3226,.F.);
#4147=ORIENTED_EDGE('',*,*,#3223,.F.);
#4148=ORIENTED_EDGE('',*,*,#3227,.F.);
#4149=ORIENTED_EDGE('',*,*,#3228,.T.);
#4150=ORIENTED_EDGE('',*,*,#3229,.F.);
#4151=ORIENTED_EDGE('',*,*,#3230,.F.);
#4152=ORIENTED_EDGE('',*,*,#3231,.F.);
#4153=ORIENTED_EDGE('',*,*,#3232,.T.);
#4154=ORIENTED_EDGE('',*,*,#3233,.F.);
#4155=ORIENTED_EDGE('',*,*,#3228,.F.);
#4156=ORIENTED_EDGE('',*,*,#3234,.F.);
#4157=ORIENTED_EDGE('',*,*,#3235,.F.);
#4158=ORIENTED_EDGE('',*,*,#3236,.F.);
#4159=ORIENTED_EDGE('',*,*,#3232,.F.);
#4160=ORIENTED_EDGE('',*,*,#3237,.F.);
#4161=ORIENTED_EDGE('',*,*,#3238,.T.);
#4162=ORIENTED_EDGE('',*,*,#3239,.F.);
#4163=ORIENTED_EDGE('',*,*,#3240,.F.);
#4164=ORIENTED_EDGE('',*,*,#3241,.F.);
#4165=ORIENTED_EDGE('',*,*,#3242,.T.);
#4166=ORIENTED_EDGE('',*,*,#3243,.F.);
#4167=ORIENTED_EDGE('',*,*,#3238,.F.);
#4168=ORIENTED_EDGE('',*,*,#3244,.F.);
#4169=ORIENTED_EDGE('',*,*,#3245,.F.);
#4170=ORIENTED_EDGE('',*,*,#3246,.F.);
#4171=ORIENTED_EDGE('',*,*,#3242,.F.);
#4172=ORIENTED_EDGE('',*,*,#3247,.F.);
#4173=ORIENTED_EDGE('',*,*,#3248,.T.);
#4174=ORIENTED_EDGE('',*,*,#3249,.F.);
#4175=ORIENTED_EDGE('',*,*,#3250,.F.);
#4176=ORIENTED_EDGE('',*,*,#3251,.F.);
#4177=ORIENTED_EDGE('',*,*,#3252,.T.);
#4178=ORIENTED_EDGE('',*,*,#3253,.F.);
#4179=ORIENTED_EDGE('',*,*,#3248,.F.);
#4180=ORIENTED_EDGE('',*,*,#3254,.F.);
#4181=ORIENTED_EDGE('',*,*,#3255,.F.);
#4182=ORIENTED_EDGE('',*,*,#3256,.F.);
#4183=ORIENTED_EDGE('',*,*,#3252,.F.);
#4184=ORIENTED_EDGE('',*,*,#3257,.F.);
#4185=ORIENTED_EDGE('',*,*,#3258,.T.);
#4186=ORIENTED_EDGE('',*,*,#3259,.F.);
#4187=ORIENTED_EDGE('',*,*,#3260,.F.);
#4188=ORIENTED_EDGE('',*,*,#3261,.F.);
#4189=ORIENTED_EDGE('',*,*,#3262,.T.);
#4190=ORIENTED_EDGE('',*,*,#3263,.F.);
#4191=ORIENTED_EDGE('',*,*,#3258,.F.);
#4192=ORIENTED_EDGE('',*,*,#3264,.F.);
#4193=ORIENTED_EDGE('',*,*,#3265,.F.);
#4194=ORIENTED_EDGE('',*,*,#3266,.F.);
#4195=ORIENTED_EDGE('',*,*,#3262,.F.);
#4196=ORIENTED_EDGE('',*,*,#3267,.F.);
#4197=ORIENTED_EDGE('',*,*,#3268,.T.);
#4198=ORIENTED_EDGE('',*,*,#3269,.F.);
#4199=ORIENTED_EDGE('',*,*,#3270,.F.);
#4200=ORIENTED_EDGE('',*,*,#3271,.F.);
#4201=ORIENTED_EDGE('',*,*,#3272,.T.);
#4202=ORIENTED_EDGE('',*,*,#3273,.F.);
#4203=ORIENTED_EDGE('',*,*,#3268,.F.);
#4204=ORIENTED_EDGE('',*,*,#3274,.F.);
#4205=ORIENTED_EDGE('',*,*,#3275,.F.);
#4206=ORIENTED_EDGE('',*,*,#3276,.F.);
#4207=ORIENTED_EDGE('',*,*,#3272,.F.);
#4208=ORIENTED_EDGE('',*,*,#3277,.F.);
#4209=ORIENTED_EDGE('',*,*,#3278,.T.);
#4210=ORIENTED_EDGE('',*,*,#3279,.F.);
#4211=ORIENTED_EDGE('',*,*,#3280,.F.);
#4212=ORIENTED_EDGE('',*,*,#3281,.F.);
#4213=ORIENTED_EDGE('',*,*,#3282,.T.);
#4214=ORIENTED_EDGE('',*,*,#3283,.F.);
#4215=ORIENTED_EDGE('',*,*,#3278,.F.);
#4216=ORIENTED_EDGE('',*,*,#3284,.F.);
#4217=ORIENTED_EDGE('',*,*,#3285,.F.);
#4218=ORIENTED_EDGE('',*,*,#3286,.F.);
#4219=ORIENTED_EDGE('',*,*,#3282,.F.);
#4220=ORIENTED_EDGE('',*,*,#3287,.F.);
#4221=ORIENTED_EDGE('',*,*,#3288,.T.);
#4222=ORIENTED_EDGE('',*,*,#3289,.F.);
#4223=ORIENTED_EDGE('',*,*,#3290,.F.);
#4224=ORIENTED_EDGE('',*,*,#3291,.F.);
#4225=ORIENTED_EDGE('',*,*,#3292,.T.);
#4226=ORIENTED_EDGE('',*,*,#3293,.F.);
#4227=ORIENTED_EDGE('',*,*,#3288,.F.);
#4228=ORIENTED_EDGE('',*,*,#3294,.F.);
#4229=ORIENTED_EDGE('',*,*,#3295,.F.);
#4230=ORIENTED_EDGE('',*,*,#3296,.F.);
#4231=ORIENTED_EDGE('',*,*,#3292,.F.);
#4232=ORIENTED_EDGE('',*,*,#3297,.F.);
#4233=ORIENTED_EDGE('',*,*,#3298,.T.);
#4234=ORIENTED_EDGE('',*,*,#3299,.F.);
#4235=ORIENTED_EDGE('',*,*,#3300,.F.);
#4236=ORIENTED_EDGE('',*,*,#3301,.F.);
#4237=ORIENTED_EDGE('',*,*,#3302,.T.);
#4238=ORIENTED_EDGE('',*,*,#3303,.F.);
#4239=ORIENTED_EDGE('',*,*,#3298,.F.);
#4240=ORIENTED_EDGE('',*,*,#3304,.F.);
#4241=ORIENTED_EDGE('',*,*,#3305,.F.);
#4242=ORIENTED_EDGE('',*,*,#3306,.F.);
#4243=ORIENTED_EDGE('',*,*,#3302,.F.);
#4244=ORIENTED_EDGE('',*,*,#3307,.F.);
#4245=ORIENTED_EDGE('',*,*,#3308,.T.);
#4246=ORIENTED_EDGE('',*,*,#3309,.F.);
#4247=ORIENTED_EDGE('',*,*,#3310,.F.);
#4248=ORIENTED_EDGE('',*,*,#3311,.F.);
#4249=ORIENTED_EDGE('',*,*,#3312,.T.);
#4250=ORIENTED_EDGE('',*,*,#3313,.F.);
#4251=ORIENTED_EDGE('',*,*,#3308,.F.);
#4252=ORIENTED_EDGE('',*,*,#3314,.F.);
#4253=ORIENTED_EDGE('',*,*,#3315,.F.);
#4254=ORIENTED_EDGE('',*,*,#3316,.F.);
#4255=ORIENTED_EDGE('',*,*,#3312,.F.);
#4256=ORIENTED_EDGE('',*,*,#3317,.F.);
#4257=ORIENTED_EDGE('',*,*,#3318,.T.);
#4258=ORIENTED_EDGE('',*,*,#3319,.F.);
#4259=ORIENTED_EDGE('',*,*,#3320,.F.);
#4260=ORIENTED_EDGE('',*,*,#3321,.F.);
#4261=ORIENTED_EDGE('',*,*,#3322,.T.);
#4262=ORIENTED_EDGE('',*,*,#3323,.F.);
#4263=ORIENTED_EDGE('',*,*,#3318,.F.);
#4264=ORIENTED_EDGE('',*,*,#3324,.F.);
#4265=ORIENTED_EDGE('',*,*,#3325,.F.);
#4266=ORIENTED_EDGE('',*,*,#3326,.F.);
#4267=ORIENTED_EDGE('',*,*,#3322,.F.);
#4268=ORIENTED_EDGE('',*,*,#3327,.F.);
#4269=ORIENTED_EDGE('',*,*,#3328,.T.);
#4270=ORIENTED_EDGE('',*,*,#3329,.F.);
#4271=ORIENTED_EDGE('',*,*,#3330,.F.);
#4272=ORIENTED_EDGE('',*,*,#3331,.F.);
#4273=ORIENTED_EDGE('',*,*,#3332,.T.);
#4274=ORIENTED_EDGE('',*,*,#3333,.F.);
#4275=ORIENTED_EDGE('',*,*,#3328,.F.);
#4276=ORIENTED_EDGE('',*,*,#3334,.F.);
#4277=ORIENTED_EDGE('',*,*,#3335,.F.);
#4278=ORIENTED_EDGE('',*,*,#3336,.F.);
#4279=ORIENTED_EDGE('',*,*,#3332,.F.);
#4280=ORIENTED_EDGE('',*,*,#3337,.F.);
#4281=ORIENTED_EDGE('',*,*,#3338,.T.);
#4282=ORIENTED_EDGE('',*,*,#3339,.F.);
#4283=ORIENTED_EDGE('',*,*,#3340,.F.);
#4284=ORIENTED_EDGE('',*,*,#3341,.F.);
#4285=ORIENTED_EDGE('',*,*,#3342,.T.);
#4286=ORIENTED_EDGE('',*,*,#3343,.F.);
#4287=ORIENTED_EDGE('',*,*,#3338,.F.);
#4288=ORIENTED_EDGE('',*,*,#3344,.F.);
#4289=ORIENTED_EDGE('',*,*,#3345,.F.);
#4290=ORIENTED_EDGE('',*,*,#3346,.F.);
#4291=ORIENTED_EDGE('',*,*,#3342,.F.);
#4292=ORIENTED_EDGE('',*,*,#3347,.F.);
#4293=ORIENTED_EDGE('',*,*,#3348,.T.);
#4294=ORIENTED_EDGE('',*,*,#3349,.F.);
#4295=ORIENTED_EDGE('',*,*,#3350,.F.);
#4296=ORIENTED_EDGE('',*,*,#3351,.F.);
#4297=ORIENTED_EDGE('',*,*,#3352,.T.);
#4298=ORIENTED_EDGE('',*,*,#3353,.F.);
#4299=ORIENTED_EDGE('',*,*,#3348,.F.);
#4300=ORIENTED_EDGE('',*,*,#3354,.F.);
#4301=ORIENTED_EDGE('',*,*,#3355,.F.);
#4302=ORIENTED_EDGE('',*,*,#3356,.F.);
#4303=ORIENTED_EDGE('',*,*,#3352,.F.);
#4304=ORIENTED_EDGE('',*,*,#3357,.F.);
#4305=ORIENTED_EDGE('',*,*,#3358,.T.);
#4306=ORIENTED_EDGE('',*,*,#3359,.F.);
#4307=ORIENTED_EDGE('',*,*,#3360,.F.);
#4308=ORIENTED_EDGE('',*,*,#3361,.F.);
#4309=ORIENTED_EDGE('',*,*,#3362,.T.);
#4310=ORIENTED_EDGE('',*,*,#3363,.F.);
#4311=ORIENTED_EDGE('',*,*,#3358,.F.);
#4312=ORIENTED_EDGE('',*,*,#3364,.F.);
#4313=ORIENTED_EDGE('',*,*,#3365,.F.);
#4314=ORIENTED_EDGE('',*,*,#3366,.F.);
#4315=ORIENTED_EDGE('',*,*,#3362,.F.);
#4316=ORIENTED_EDGE('',*,*,#3367,.F.);
#4317=ORIENTED_EDGE('',*,*,#3368,.T.);
#4318=ORIENTED_EDGE('',*,*,#3369,.F.);
#4319=ORIENTED_EDGE('',*,*,#3370,.F.);
#4320=ORIENTED_EDGE('',*,*,#3371,.F.);
#4321=ORIENTED_EDGE('',*,*,#3372,.T.);
#4322=ORIENTED_EDGE('',*,*,#3373,.F.);
#4323=ORIENTED_EDGE('',*,*,#3368,.F.);
#4324=ORIENTED_EDGE('',*,*,#3374,.F.);
#4325=ORIENTED_EDGE('',*,*,#3375,.F.);
#4326=ORIENTED_EDGE('',*,*,#3376,.F.);
#4327=ORIENTED_EDGE('',*,*,#3372,.F.);
#4328=ORIENTED_EDGE('',*,*,#3377,.F.);
#4329=ORIENTED_EDGE('',*,*,#3378,.T.);
#4330=ORIENTED_EDGE('',*,*,#3379,.F.);
#4331=ORIENTED_EDGE('',*,*,#3380,.F.);
#4332=ORIENTED_EDGE('',*,*,#3381,.F.);
#4333=ORIENTED_EDGE('',*,*,#3382,.T.);
#4334=ORIENTED_EDGE('',*,*,#3383,.F.);
#4335=ORIENTED_EDGE('',*,*,#3378,.F.);
#4336=ORIENTED_EDGE('',*,*,#3384,.F.);
#4337=ORIENTED_EDGE('',*,*,#3385,.F.);
#4338=ORIENTED_EDGE('',*,*,#3386,.F.);
#4339=ORIENTED_EDGE('',*,*,#3382,.F.);
#4340=ORIENTED_EDGE('',*,*,#3387,.F.);
#4341=ORIENTED_EDGE('',*,*,#3388,.T.);
#4342=ORIENTED_EDGE('',*,*,#3389,.F.);
#4343=ORIENTED_EDGE('',*,*,#3390,.F.);
#4344=ORIENTED_EDGE('',*,*,#3391,.F.);
#4345=ORIENTED_EDGE('',*,*,#3392,.T.);
#4346=ORIENTED_EDGE('',*,*,#3393,.F.);
#4347=ORIENTED_EDGE('',*,*,#3388,.F.);
#4348=ORIENTED_EDGE('',*,*,#3394,.F.);
#4349=ORIENTED_EDGE('',*,*,#3395,.F.);
#4350=ORIENTED_EDGE('',*,*,#3396,.F.);
#4351=ORIENTED_EDGE('',*,*,#3392,.F.);
#4352=ORIENTED_EDGE('',*,*,#3397,.F.);
#4353=ORIENTED_EDGE('',*,*,#3398,.T.);
#4354=ORIENTED_EDGE('',*,*,#3399,.F.);
#4355=ORIENTED_EDGE('',*,*,#3400,.F.);
#4356=ORIENTED_EDGE('',*,*,#3401,.F.);
#4357=ORIENTED_EDGE('',*,*,#3402,.T.);
#4358=ORIENTED_EDGE('',*,*,#3403,.F.);
#4359=ORIENTED_EDGE('',*,*,#3398,.F.);
#4360=ORIENTED_EDGE('',*,*,#3404,.F.);
#4361=ORIENTED_EDGE('',*,*,#3405,.F.);
#4362=ORIENTED_EDGE('',*,*,#3406,.F.);
#4363=ORIENTED_EDGE('',*,*,#3402,.F.);
#4364=ORIENTED_EDGE('',*,*,#3407,.F.);
#4365=ORIENTED_EDGE('',*,*,#3408,.T.);
#4366=ORIENTED_EDGE('',*,*,#3409,.F.);
#4367=ORIENTED_EDGE('',*,*,#3410,.F.);
#4368=ORIENTED_EDGE('',*,*,#3411,.F.);
#4369=ORIENTED_EDGE('',*,*,#3412,.T.);
#4370=ORIENTED_EDGE('',*,*,#3413,.F.);
#4371=ORIENTED_EDGE('',*,*,#3408,.F.);
#4372=ORIENTED_EDGE('',*,*,#3414,.F.);
#4373=ORIENTED_EDGE('',*,*,#3415,.F.);
#4374=ORIENTED_EDGE('',*,*,#3416,.F.);
#4375=ORIENTED_EDGE('',*,*,#3412,.F.);
#4376=ORIENTED_EDGE('',*,*,#3417,.F.);
#4377=ORIENTED_EDGE('',*,*,#3418,.T.);
#4378=ORIENTED_EDGE('',*,*,#3419,.F.);
#4379=ORIENTED_EDGE('',*,*,#3420,.F.);
#4380=ORIENTED_EDGE('',*,*,#3421,.F.);
#4381=ORIENTED_EDGE('',*,*,#3422,.T.);
#4382=ORIENTED_EDGE('',*,*,#3423,.F.);
#4383=ORIENTED_EDGE('',*,*,#3418,.F.);
#4384=ORIENTED_EDGE('',*,*,#3424,.F.);
#4385=ORIENTED_EDGE('',*,*,#3425,.F.);
#4386=ORIENTED_EDGE('',*,*,#3426,.F.);
#4387=ORIENTED_EDGE('',*,*,#3422,.F.);
#4388=ORIENTED_EDGE('',*,*,#3427,.F.);
#4389=ORIENTED_EDGE('',*,*,#3428,.T.);
#4390=ORIENTED_EDGE('',*,*,#3429,.F.);
#4391=ORIENTED_EDGE('',*,*,#3430,.F.);
#4392=ORIENTED_EDGE('',*,*,#3431,.F.);
#4393=ORIENTED_EDGE('',*,*,#3432,.T.);
#4394=ORIENTED_EDGE('',*,*,#3433,.F.);
#4395=ORIENTED_EDGE('',*,*,#3428,.F.);
#4396=ORIENTED_EDGE('',*,*,#3434,.F.);
#4397=ORIENTED_EDGE('',*,*,#3435,.F.);
#4398=ORIENTED_EDGE('',*,*,#3436,.F.);
#4399=ORIENTED_EDGE('',*,*,#3432,.F.);
#4400=ORIENTED_EDGE('',*,*,#3437,.F.);
#4401=ORIENTED_EDGE('',*,*,#3438,.T.);
#4402=ORIENTED_EDGE('',*,*,#3439,.F.);
#4403=ORIENTED_EDGE('',*,*,#3440,.F.);
#4404=ORIENTED_EDGE('',*,*,#3441,.F.);
#4405=ORIENTED_EDGE('',*,*,#3442,.T.);
#4406=ORIENTED_EDGE('',*,*,#3443,.F.);
#4407=ORIENTED_EDGE('',*,*,#3438,.F.);
#4408=ORIENTED_EDGE('',*,*,#3444,.F.);
#4409=ORIENTED_EDGE('',*,*,#3445,.F.);
#4410=ORIENTED_EDGE('',*,*,#3446,.F.);
#4411=ORIENTED_EDGE('',*,*,#3442,.F.);
#4412=ORIENTED_EDGE('',*,*,#3447,.F.);
#4413=ORIENTED_EDGE('',*,*,#3448,.T.);
#4414=ORIENTED_EDGE('',*,*,#3449,.F.);
#4415=ORIENTED_EDGE('',*,*,#3450,.F.);
#4416=ORIENTED_EDGE('',*,*,#3451,.F.);
#4417=ORIENTED_EDGE('',*,*,#3452,.T.);
#4418=ORIENTED_EDGE('',*,*,#3453,.F.);
#4419=ORIENTED_EDGE('',*,*,#3448,.F.);
#4420=ORIENTED_EDGE('',*,*,#3454,.F.);
#4421=ORIENTED_EDGE('',*,*,#3455,.F.);
#4422=ORIENTED_EDGE('',*,*,#3456,.F.);
#4423=ORIENTED_EDGE('',*,*,#3452,.F.);
#4424=ORIENTED_EDGE('',*,*,#3457,.F.);
#4425=ORIENTED_EDGE('',*,*,#3458,.T.);
#4426=ORIENTED_EDGE('',*,*,#3459,.F.);
#4427=ORIENTED_EDGE('',*,*,#3460,.F.);
#4428=ORIENTED_EDGE('',*,*,#3461,.F.);
#4429=ORIENTED_EDGE('',*,*,#3462,.T.);
#4430=ORIENTED_EDGE('',*,*,#3463,.F.);
#4431=ORIENTED_EDGE('',*,*,#3458,.F.);
#4432=ORIENTED_EDGE('',*,*,#3464,.F.);
#4433=ORIENTED_EDGE('',*,*,#3465,.F.);
#4434=ORIENTED_EDGE('',*,*,#3466,.F.);
#4435=ORIENTED_EDGE('',*,*,#3462,.F.);
#4436=ORIENTED_EDGE('',*,*,#3229,.T.);
#4437=ORIENTED_EDGE('',*,*,#3233,.T.);
#4438=ORIENTED_EDGE('',*,*,#3236,.T.);
#4439=ORIENTED_EDGE('',*,*,#3467,.F.);
#4440=ORIENTED_EDGE('',*,*,#3449,.T.);
#4441=ORIENTED_EDGE('',*,*,#3453,.T.);
#4442=ORIENTED_EDGE('',*,*,#3456,.T.);
#4443=ORIENTED_EDGE('',*,*,#3468,.F.);
#4444=ORIENTED_EDGE('',*,*,#3349,.T.);
#4445=ORIENTED_EDGE('',*,*,#3353,.T.);
#4446=ORIENTED_EDGE('',*,*,#3356,.T.);
#4447=ORIENTED_EDGE('',*,*,#3469,.F.);
#4448=ORIENTED_EDGE('',*,*,#3329,.T.);
#4449=ORIENTED_EDGE('',*,*,#3333,.T.);
#4450=ORIENTED_EDGE('',*,*,#3336,.T.);
#4451=ORIENTED_EDGE('',*,*,#3470,.F.);
#4452=ORIENTED_EDGE('',*,*,#3239,.T.);
#4453=ORIENTED_EDGE('',*,*,#3243,.T.);
#4454=ORIENTED_EDGE('',*,*,#3246,.T.);
#4455=ORIENTED_EDGE('',*,*,#3471,.F.);
#4456=ORIENTED_EDGE('',*,*,#3359,.T.);
#4457=ORIENTED_EDGE('',*,*,#3363,.T.);
#4458=ORIENTED_EDGE('',*,*,#3366,.T.);
#4459=ORIENTED_EDGE('',*,*,#3472,.F.);
#4460=ORIENTED_EDGE('',*,*,#3439,.T.);
#4461=ORIENTED_EDGE('',*,*,#3443,.T.);
#4462=ORIENTED_EDGE('',*,*,#3446,.T.);
#4463=ORIENTED_EDGE('',*,*,#3473,.F.);
#4464=ORIENTED_EDGE('',*,*,#3319,.T.);
#4465=ORIENTED_EDGE('',*,*,#3323,.T.);
#4466=ORIENTED_EDGE('',*,*,#3326,.T.);
#4467=ORIENTED_EDGE('',*,*,#3474,.F.);
#4468=ORIENTED_EDGE('',*,*,#3249,.T.);
#4469=ORIENTED_EDGE('',*,*,#3253,.T.);
#4470=ORIENTED_EDGE('',*,*,#3256,.T.);
#4471=ORIENTED_EDGE('',*,*,#3475,.F.);
#4472=ORIENTED_EDGE('',*,*,#3369,.T.);
#4473=ORIENTED_EDGE('',*,*,#3373,.T.);
#4474=ORIENTED_EDGE('',*,*,#3376,.T.);
#4475=ORIENTED_EDGE('',*,*,#3476,.F.);
#4476=ORIENTED_EDGE('',*,*,#3429,.T.);
#4477=ORIENTED_EDGE('',*,*,#3433,.T.);
#4478=ORIENTED_EDGE('',*,*,#3436,.T.);
#4479=ORIENTED_EDGE('',*,*,#3477,.F.);
#4480=ORIENTED_EDGE('',*,*,#3309,.T.);
#4481=ORIENTED_EDGE('',*,*,#3313,.T.);
#4482=ORIENTED_EDGE('',*,*,#3316,.T.);
#4483=ORIENTED_EDGE('',*,*,#3478,.F.);
#4484=ORIENTED_EDGE('',*,*,#3259,.T.);
#4485=ORIENTED_EDGE('',*,*,#3263,.T.);
#4486=ORIENTED_EDGE('',*,*,#3266,.T.);
#4487=ORIENTED_EDGE('',*,*,#3479,.F.);
#4488=ORIENTED_EDGE('',*,*,#3379,.T.);
#4489=ORIENTED_EDGE('',*,*,#3383,.T.);
#4490=ORIENTED_EDGE('',*,*,#3386,.T.);
#4491=ORIENTED_EDGE('',*,*,#3480,.F.);
#4492=ORIENTED_EDGE('',*,*,#3419,.T.);
#4493=ORIENTED_EDGE('',*,*,#3423,.T.);
#4494=ORIENTED_EDGE('',*,*,#3426,.T.);
#4495=ORIENTED_EDGE('',*,*,#3481,.F.);
#4496=ORIENTED_EDGE('',*,*,#3299,.T.);
#4497=ORIENTED_EDGE('',*,*,#3303,.T.);
#4498=ORIENTED_EDGE('',*,*,#3306,.T.);
#4499=ORIENTED_EDGE('',*,*,#3482,.F.);
#4500=ORIENTED_EDGE('',*,*,#3269,.T.);
#4501=ORIENTED_EDGE('',*,*,#3273,.T.);
#4502=ORIENTED_EDGE('',*,*,#3276,.T.);
#4503=ORIENTED_EDGE('',*,*,#3483,.F.);
#4504=ORIENTED_EDGE('',*,*,#3399,.T.);
#4505=ORIENTED_EDGE('',*,*,#3403,.T.);
#4506=ORIENTED_EDGE('',*,*,#3406,.T.);
#4507=ORIENTED_EDGE('',*,*,#3484,.F.);
#4508=ORIENTED_EDGE('',*,*,#3279,.T.);
#4509=ORIENTED_EDGE('',*,*,#3283,.T.);
#4510=ORIENTED_EDGE('',*,*,#3286,.T.);
#4511=ORIENTED_EDGE('',*,*,#3485,.F.);
#4512=ORIENTED_EDGE('',*,*,#3289,.T.);
#4513=ORIENTED_EDGE('',*,*,#3293,.T.);
#4514=ORIENTED_EDGE('',*,*,#3296,.T.);
#4515=ORIENTED_EDGE('',*,*,#3486,.F.);
#4516=ORIENTED_EDGE('',*,*,#3409,.T.);
#4517=ORIENTED_EDGE('',*,*,#3413,.T.);
#4518=ORIENTED_EDGE('',*,*,#3416,.T.);
#4519=ORIENTED_EDGE('',*,*,#3487,.F.);
#4520=ORIENTED_EDGE('',*,*,#3389,.T.);
#4521=ORIENTED_EDGE('',*,*,#3393,.T.);
#4522=ORIENTED_EDGE('',*,*,#3396,.T.);
#4523=ORIENTED_EDGE('',*,*,#3488,.F.);
#4524=ORIENTED_EDGE('',*,*,#3459,.T.);
#4525=ORIENTED_EDGE('',*,*,#3463,.T.);
#4526=ORIENTED_EDGE('',*,*,#3466,.T.);
#4527=ORIENTED_EDGE('',*,*,#3489,.F.);
#4528=ORIENTED_EDGE('',*,*,#3339,.T.);
#4529=ORIENTED_EDGE('',*,*,#3343,.T.);
#4530=ORIENTED_EDGE('',*,*,#3346,.T.);
#4531=ORIENTED_EDGE('',*,*,#3490,.F.);
#4532=ORIENTED_EDGE('',*,*,#3109,.T.);
#4533=ORIENTED_EDGE('',*,*,#3113,.T.);
#4534=ORIENTED_EDGE('',*,*,#3116,.T.);
#4535=ORIENTED_EDGE('',*,*,#3118,.T.);
#4536=ORIENTED_EDGE('',*,*,#3121,.T.);
#4537=ORIENTED_EDGE('',*,*,#3125,.T.);
#4538=ORIENTED_EDGE('',*,*,#3128,.T.);
#4539=ORIENTED_EDGE('',*,*,#3130,.T.);
#4540=ORIENTED_EDGE('',*,*,#3133,.T.);
#4541=ORIENTED_EDGE('',*,*,#3137,.T.);
#4542=ORIENTED_EDGE('',*,*,#3140,.T.);
#4543=ORIENTED_EDGE('',*,*,#3142,.T.);
#4544=ORIENTED_EDGE('',*,*,#3145,.T.);
#4545=ORIENTED_EDGE('',*,*,#3149,.T.);
#4546=ORIENTED_EDGE('',*,*,#3152,.T.);
#4547=ORIENTED_EDGE('',*,*,#3154,.T.);
#4548=ORIENTED_EDGE('',*,*,#3157,.T.);
#4549=ORIENTED_EDGE('',*,*,#3161,.T.);
#4550=ORIENTED_EDGE('',*,*,#3164,.T.);
#4551=ORIENTED_EDGE('',*,*,#3166,.T.);
#4552=ORIENTED_EDGE('',*,*,#3169,.T.);
#4553=ORIENTED_EDGE('',*,*,#3173,.T.);
#4554=ORIENTED_EDGE('',*,*,#3176,.T.);
#4555=ORIENTED_EDGE('',*,*,#3178,.T.);
#4556=ORIENTED_EDGE('',*,*,#3181,.T.);
#4557=ORIENTED_EDGE('',*,*,#3185,.T.);
#4558=ORIENTED_EDGE('',*,*,#3188,.T.);
#4559=ORIENTED_EDGE('',*,*,#3190,.T.);
#4560=ORIENTED_EDGE('',*,*,#3193,.T.);
#4561=ORIENTED_EDGE('',*,*,#3197,.T.);
#4562=ORIENTED_EDGE('',*,*,#3200,.T.);
#4563=ORIENTED_EDGE('',*,*,#3202,.T.);
#4564=ORIENTED_EDGE('',*,*,#3205,.T.);
#4565=ORIENTED_EDGE('',*,*,#3209,.T.);
#4566=ORIENTED_EDGE('',*,*,#3212,.T.);
#4567=ORIENTED_EDGE('',*,*,#3214,.T.);
#4568=ORIENTED_EDGE('',*,*,#3217,.T.);
#4569=ORIENTED_EDGE('',*,*,#3221,.T.);
#4570=ORIENTED_EDGE('',*,*,#3224,.T.);
#4571=ORIENTED_EDGE('',*,*,#3226,.T.);
#4572=ORIENTED_EDGE('',*,*,#3104,.T.);
#4573=ORIENTED_EDGE('',*,*,#3395,.T.);
#4574=ORIENTED_EDGE('',*,*,#3491,.F.);
#4575=ORIENTED_EDGE('',*,*,#3460,.T.);
#4576=ORIENTED_EDGE('',*,*,#3488,.T.);
#4577=ORIENTED_EDGE('',*,*,#3390,.T.);
#4578=ORIENTED_EDGE('',*,*,#3487,.T.);
#4579=ORIENTED_EDGE('',*,*,#3415,.T.);
#4580=ORIENTED_EDGE('',*,*,#3492,.F.);
#4581=ORIENTED_EDGE('',*,*,#3385,.T.);
#4582=ORIENTED_EDGE('',*,*,#3493,.F.);
#4583=ORIENTED_EDGE('',*,*,#3420,.T.);
#4584=ORIENTED_EDGE('',*,*,#3480,.T.);
#4585=ORIENTED_EDGE('',*,*,#3375,.T.);
#4586=ORIENTED_EDGE('',*,*,#3494,.F.);
#4587=ORIENTED_EDGE('',*,*,#3430,.T.);
#4588=ORIENTED_EDGE('',*,*,#3476,.T.);
#4589=ORIENTED_EDGE('',*,*,#3365,.T.);
#4590=ORIENTED_EDGE('',*,*,#3495,.F.);
#4591=ORIENTED_EDGE('',*,*,#3440,.T.);
#4592=ORIENTED_EDGE('',*,*,#3472,.T.);
#4593=ORIENTED_EDGE('',*,*,#3350,.T.);
#4594=ORIENTED_EDGE('',*,*,#3468,.T.);
#4595=ORIENTED_EDGE('',*,*,#3455,.T.);
#4596=ORIENTED_EDGE('',*,*,#3496,.F.);
#4597=ORIENTED_EDGE('',*,*,#3340,.T.);
#4598=ORIENTED_EDGE('',*,*,#3489,.T.);
#4599=ORIENTED_EDGE('',*,*,#3465,.T.);
#4600=ORIENTED_EDGE('',*,*,#3497,.F.);
#4601=ORIENTED_EDGE('',*,*,#3330,.T.);
#4602=ORIENTED_EDGE('',*,*,#3469,.T.);
#4603=ORIENTED_EDGE('',*,*,#3355,.T.);
#4604=ORIENTED_EDGE('',*,*,#3498,.F.);
#4605=ORIENTED_EDGE('',*,*,#3320,.T.);
#4606=ORIENTED_EDGE('',*,*,#3473,.T.);
#4607=ORIENTED_EDGE('',*,*,#3445,.T.);
#4608=ORIENTED_EDGE('',*,*,#3499,.F.);
#4609=ORIENTED_EDGE('',*,*,#3310,.T.);
#4610=ORIENTED_EDGE('',*,*,#3477,.T.);
#4611=ORIENTED_EDGE('',*,*,#3435,.T.);
#4612=ORIENTED_EDGE('',*,*,#3500,.F.);
#4613=ORIENTED_EDGE('',*,*,#3300,.T.);
#4614=ORIENTED_EDGE('',*,*,#3481,.T.);
#4615=ORIENTED_EDGE('',*,*,#3425,.T.);
#4616=ORIENTED_EDGE('',*,*,#3501,.F.);
#4617=ORIENTED_EDGE('',*,*,#3295,.T.);
#4618=ORIENTED_EDGE('',*,*,#3502,.F.);
#4619=ORIENTED_EDGE('',*,*,#3410,.T.);
#4620=ORIENTED_EDGE('',*,*,#3486,.T.);
#4621=ORIENTED_EDGE('',*,*,#3285,.T.);
#4622=ORIENTED_EDGE('',*,*,#3503,.F.);
#4623=ORIENTED_EDGE('',*,*,#3290,.T.);
#4624=ORIENTED_EDGE('',*,*,#3485,.T.);
#4625=ORIENTED_EDGE('',*,*,#3280,.T.);
#4626=ORIENTED_EDGE('',*,*,#3484,.T.);
#4627=ORIENTED_EDGE('',*,*,#3405,.T.);
#4628=ORIENTED_EDGE('',*,*,#3504,.F.);
#4629=ORIENTED_EDGE('',*,*,#3275,.T.);
#4630=ORIENTED_EDGE('',*,*,#3505,.F.);
#4631=ORIENTED_EDGE('',*,*,#3400,.T.);
#4632=ORIENTED_EDGE('',*,*,#3483,.T.);
#4633=ORIENTED_EDGE('',*,*,#3270,.T.);
#4634=ORIENTED_EDGE('',*,*,#3482,.T.);
#4635=ORIENTED_EDGE('',*,*,#3305,.T.);
#4636=ORIENTED_EDGE('',*,*,#3506,.F.);
#4637=ORIENTED_EDGE('',*,*,#3265,.T.);
#4638=ORIENTED_EDGE('',*,*,#3507,.F.);
#4639=ORIENTED_EDGE('',*,*,#3380,.T.);
#4640=ORIENTED_EDGE('',*,*,#3479,.T.);
#4641=ORIENTED_EDGE('',*,*,#3260,.T.);
#4642=ORIENTED_EDGE('',*,*,#3478,.T.);
#4643=ORIENTED_EDGE('',*,*,#3315,.T.);
#4644=ORIENTED_EDGE('',*,*,#3508,.F.);
#4645=ORIENTED_EDGE('',*,*,#3255,.T.);
#4646=ORIENTED_EDGE('',*,*,#3509,.F.);
#4647=ORIENTED_EDGE('',*,*,#3370,.T.);
#4648=ORIENTED_EDGE('',*,*,#3475,.T.);
#4649=ORIENTED_EDGE('',*,*,#3250,.T.);
#4650=ORIENTED_EDGE('',*,*,#3474,.T.);
#4651=ORIENTED_EDGE('',*,*,#3325,.T.);
#4652=ORIENTED_EDGE('',*,*,#3510,.F.);
#4653=ORIENTED_EDGE('',*,*,#3245,.T.);
#4654=ORIENTED_EDGE('',*,*,#3511,.F.);
#4655=ORIENTED_EDGE('',*,*,#3360,.T.);
#4656=ORIENTED_EDGE('',*,*,#3471,.T.);
#4657=ORIENTED_EDGE('',*,*,#3240,.T.);
#4658=ORIENTED_EDGE('',*,*,#3470,.T.);
#4659=ORIENTED_EDGE('',*,*,#3335,.T.);
#4660=ORIENTED_EDGE('',*,*,#3512,.F.);
#4661=ORIENTED_EDGE('',*,*,#3235,.T.);
#4662=ORIENTED_EDGE('',*,*,#3513,.F.);
#4663=ORIENTED_EDGE('',*,*,#3450,.T.);
#4664=ORIENTED_EDGE('',*,*,#3467,.T.);
#4665=ORIENTED_EDGE('',*,*,#3230,.T.);
#4666=ORIENTED_EDGE('',*,*,#3490,.T.);
#4667=ORIENTED_EDGE('',*,*,#3345,.T.);
#4668=ORIENTED_EDGE('',*,*,#3514,.F.);
#4669=ORIENTED_EDGE('',*,*,#3227,.T.);
#4670=ORIENTED_EDGE('',*,*,#3514,.T.);
#4671=ORIENTED_EDGE('',*,*,#3344,.T.);
#4672=ORIENTED_EDGE('',*,*,#3341,.T.);
#4673=ORIENTED_EDGE('',*,*,#3337,.T.);
#4674=ORIENTED_EDGE('',*,*,#3497,.T.);
#4675=ORIENTED_EDGE('',*,*,#3464,.T.);
#4676=ORIENTED_EDGE('',*,*,#3461,.T.);
#4677=ORIENTED_EDGE('',*,*,#3457,.T.);
#4678=ORIENTED_EDGE('',*,*,#3491,.T.);
#4679=ORIENTED_EDGE('',*,*,#3394,.T.);
#4680=ORIENTED_EDGE('',*,*,#3391,.T.);
#4681=ORIENTED_EDGE('',*,*,#3387,.T.);
#4682=ORIENTED_EDGE('',*,*,#3492,.T.);
#4683=ORIENTED_EDGE('',*,*,#3414,.T.);
#4684=ORIENTED_EDGE('',*,*,#3411,.T.);
#4685=ORIENTED_EDGE('',*,*,#3407,.T.);
#4686=ORIENTED_EDGE('',*,*,#3502,.T.);
#4687=ORIENTED_EDGE('',*,*,#3294,.T.);
#4688=ORIENTED_EDGE('',*,*,#3291,.T.);
#4689=ORIENTED_EDGE('',*,*,#3287,.T.);
#4690=ORIENTED_EDGE('',*,*,#3503,.T.);
#4691=ORIENTED_EDGE('',*,*,#3284,.T.);
#4692=ORIENTED_EDGE('',*,*,#3281,.T.);
#4693=ORIENTED_EDGE('',*,*,#3277,.T.);
#4694=ORIENTED_EDGE('',*,*,#3504,.T.);
#4695=ORIENTED_EDGE('',*,*,#3404,.T.);
#4696=ORIENTED_EDGE('',*,*,#3401,.T.);
#4697=ORIENTED_EDGE('',*,*,#3397,.T.);
#4698=ORIENTED_EDGE('',*,*,#3505,.T.);
#4699=ORIENTED_EDGE('',*,*,#3274,.T.);
#4700=ORIENTED_EDGE('',*,*,#3271,.T.);
#4701=ORIENTED_EDGE('',*,*,#3267,.T.);
#4702=ORIENTED_EDGE('',*,*,#3506,.T.);
#4703=ORIENTED_EDGE('',*,*,#3304,.T.);
#4704=ORIENTED_EDGE('',*,*,#3301,.T.);
#4705=ORIENTED_EDGE('',*,*,#3297,.T.);
#4706=ORIENTED_EDGE('',*,*,#3501,.T.);
#4707=ORIENTED_EDGE('',*,*,#3424,.T.);
#4708=ORIENTED_EDGE('',*,*,#3421,.T.);
#4709=ORIENTED_EDGE('',*,*,#3417,.T.);
#4710=ORIENTED_EDGE('',*,*,#3493,.T.);
#4711=ORIENTED_EDGE('',*,*,#3384,.T.);
#4712=ORIENTED_EDGE('',*,*,#3381,.T.);
#4713=ORIENTED_EDGE('',*,*,#3377,.T.);
#4714=ORIENTED_EDGE('',*,*,#3507,.T.);
#4715=ORIENTED_EDGE('',*,*,#3264,.T.);
#4716=ORIENTED_EDGE('',*,*,#3261,.T.);
#4717=ORIENTED_EDGE('',*,*,#3257,.T.);
#4718=ORIENTED_EDGE('',*,*,#3508,.T.);
#4719=ORIENTED_EDGE('',*,*,#3314,.T.);
#4720=ORIENTED_EDGE('',*,*,#3311,.T.);
#4721=ORIENTED_EDGE('',*,*,#3307,.T.);
#4722=ORIENTED_EDGE('',*,*,#3500,.T.);
#4723=ORIENTED_EDGE('',*,*,#3434,.T.);
#4724=ORIENTED_EDGE('',*,*,#3431,.T.);
#4725=ORIENTED_EDGE('',*,*,#3427,.T.);
#4726=ORIENTED_EDGE('',*,*,#3494,.T.);
#4727=ORIENTED_EDGE('',*,*,#3374,.T.);
#4728=ORIENTED_EDGE('',*,*,#3371,.T.);
#4729=ORIENTED_EDGE('',*,*,#3367,.T.);
#4730=ORIENTED_EDGE('',*,*,#3509,.T.);
#4731=ORIENTED_EDGE('',*,*,#3254,.T.);
#4732=ORIENTED_EDGE('',*,*,#3251,.T.);
#4733=ORIENTED_EDGE('',*,*,#3247,.T.);
#4734=ORIENTED_EDGE('',*,*,#3510,.T.);
#4735=ORIENTED_EDGE('',*,*,#3324,.T.);
#4736=ORIENTED_EDGE('',*,*,#3321,.T.);
#4737=ORIENTED_EDGE('',*,*,#3317,.T.);
#4738=ORIENTED_EDGE('',*,*,#3499,.T.);
#4739=ORIENTED_EDGE('',*,*,#3444,.T.);
#4740=ORIENTED_EDGE('',*,*,#3441,.T.);
#4741=ORIENTED_EDGE('',*,*,#3437,.T.);
#4742=ORIENTED_EDGE('',*,*,#3495,.T.);
#4743=ORIENTED_EDGE('',*,*,#3364,.T.);
#4744=ORIENTED_EDGE('',*,*,#3361,.T.);
#4745=ORIENTED_EDGE('',*,*,#3357,.T.);
#4746=ORIENTED_EDGE('',*,*,#3511,.T.);
#4747=ORIENTED_EDGE('',*,*,#3244,.T.);
#4748=ORIENTED_EDGE('',*,*,#3241,.T.);
#4749=ORIENTED_EDGE('',*,*,#3237,.T.);
#4750=ORIENTED_EDGE('',*,*,#3512,.T.);
#4751=ORIENTED_EDGE('',*,*,#3334,.T.);
#4752=ORIENTED_EDGE('',*,*,#3331,.T.);
#4753=ORIENTED_EDGE('',*,*,#3327,.T.);
#4754=ORIENTED_EDGE('',*,*,#3498,.T.);
#4755=ORIENTED_EDGE('',*,*,#3354,.T.);
#4756=ORIENTED_EDGE('',*,*,#3351,.T.);
#4757=ORIENTED_EDGE('',*,*,#3347,.T.);
#4758=ORIENTED_EDGE('',*,*,#3496,.T.);
#4759=ORIENTED_EDGE('',*,*,#3454,.T.);
#4760=ORIENTED_EDGE('',*,*,#3451,.T.);
#4761=ORIENTED_EDGE('',*,*,#3447,.T.);
#4762=ORIENTED_EDGE('',*,*,#3513,.T.);
#4763=ORIENTED_EDGE('',*,*,#3234,.T.);
#4764=ORIENTED_EDGE('',*,*,#3231,.T.);
#4765=ORIENTED_EDGE('',*,*,#3215,.T.);
#4766=ORIENTED_EDGE('',*,*,#3225,.T.);
#4767=ORIENTED_EDGE('',*,*,#3222,.T.);
#4768=ORIENTED_EDGE('',*,*,#3219,.T.);
#4769=ORIENTED_EDGE('',*,*,#3203,.T.);
#4770=ORIENTED_EDGE('',*,*,#3213,.T.);
#4771=ORIENTED_EDGE('',*,*,#3210,.T.);
#4772=ORIENTED_EDGE('',*,*,#3207,.T.);
#4773=ORIENTED_EDGE('',*,*,#3191,.T.);
#4774=ORIENTED_EDGE('',*,*,#3201,.T.);
#4775=ORIENTED_EDGE('',*,*,#3198,.T.);
#4776=ORIENTED_EDGE('',*,*,#3195,.T.);
#4777=ORIENTED_EDGE('',*,*,#3179,.T.);
#4778=ORIENTED_EDGE('',*,*,#3189,.T.);
#4779=ORIENTED_EDGE('',*,*,#3186,.T.);
#4780=ORIENTED_EDGE('',*,*,#3183,.T.);
#4781=ORIENTED_EDGE('',*,*,#3167,.T.);
#4782=ORIENTED_EDGE('',*,*,#3177,.T.);
#4783=ORIENTED_EDGE('',*,*,#3174,.T.);
#4784=ORIENTED_EDGE('',*,*,#3171,.T.);
#4785=ORIENTED_EDGE('',*,*,#3155,.T.);
#4786=ORIENTED_EDGE('',*,*,#3165,.T.);
#4787=ORIENTED_EDGE('',*,*,#3162,.T.);
#4788=ORIENTED_EDGE('',*,*,#3159,.T.);
#4789=ORIENTED_EDGE('',*,*,#3143,.T.);
#4790=ORIENTED_EDGE('',*,*,#3153,.T.);
#4791=ORIENTED_EDGE('',*,*,#3150,.T.);
#4792=ORIENTED_EDGE('',*,*,#3147,.T.);
#4793=ORIENTED_EDGE('',*,*,#3131,.T.);
#4794=ORIENTED_EDGE('',*,*,#3141,.T.);
#4795=ORIENTED_EDGE('',*,*,#3138,.T.);
#4796=ORIENTED_EDGE('',*,*,#3135,.T.);
#4797=ORIENTED_EDGE('',*,*,#3119,.T.);
#4798=ORIENTED_EDGE('',*,*,#3129,.T.);
#4799=ORIENTED_EDGE('',*,*,#3126,.T.);
#4800=ORIENTED_EDGE('',*,*,#3123,.T.);
#4801=ORIENTED_EDGE('',*,*,#3107,.T.);
#4802=ORIENTED_EDGE('',*,*,#3117,.T.);
#4803=ORIENTED_EDGE('',*,*,#3114,.T.);
#4804=ORIENTED_EDGE('',*,*,#3111,.T.);
#4805=ORIENTED_EDGE('',*,*,#3515,.F.);
#4806=ORIENTED_EDGE('',*,*,#3516,.T.);
#4807=ORIENTED_EDGE('',*,*,#3517,.F.);
#4808=ORIENTED_EDGE('',*,*,#3516,.F.);
#4809=ORIENTED_EDGE('',*,*,#3518,.F.);
#4810=ORIENTED_EDGE('',*,*,#3519,.T.);
#4811=ORIENTED_EDGE('',*,*,#3520,.T.);
#4812=ORIENTED_EDGE('',*,*,#3519,.F.);
#4813=ORIENTED_EDGE('',*,*,#3518,.T.);
#4814=ORIENTED_EDGE('',*,*,#3515,.T.);
#4815=ORIENTED_EDGE('',*,*,#3520,.F.);
#4816=ORIENTED_EDGE('',*,*,#3517,.T.);
#4817=ORIENTED_EDGE('',*,*,#3521,.F.);
#4818=ORIENTED_EDGE('',*,*,#3522,.T.);
#4819=ORIENTED_EDGE('',*,*,#3523,.F.);
#4820=ORIENTED_EDGE('',*,*,#3522,.F.);
#4821=ORIENTED_EDGE('',*,*,#3521,.T.);
#4822=ORIENTED_EDGE('',*,*,#3523,.T.);
#4823=ORIENTED_EDGE('',*,*,#3524,.F.);
#4824=ORIENTED_EDGE('',*,*,#3525,.T.);
#4825=ORIENTED_EDGE('',*,*,#3526,.T.);
#4826=ORIENTED_EDGE('',*,*,#3526,.F.);
#4827=ORIENTED_EDGE('',*,*,#3527,.T.);
#4828=ORIENTED_EDGE('',*,*,#3524,.T.);
#4829=ORIENTED_EDGE('',*,*,#3527,.F.);
#4830=ORIENTED_EDGE('',*,*,#3528,.F.);
#4831=ORIENTED_EDGE('',*,*,#3525,.F.);
#4832=ORIENTED_EDGE('',*,*,#3529,.T.);
#4833=ORIENTED_EDGE('',*,*,#3528,.T.);
#4834=ORIENTED_EDGE('',*,*,#3529,.F.);
#4835=ORIENTED_EDGE('',*,*,#3530,.F.);
#4836=ORIENTED_EDGE('',*,*,#3531,.T.);
#4837=ORIENTED_EDGE('',*,*,#3532,.F.);
#4838=ORIENTED_EDGE('',*,*,#3533,.F.);
#4839=ORIENTED_EDGE('',*,*,#3534,.F.);
#4840=ORIENTED_EDGE('',*,*,#3533,.T.);
#4841=ORIENTED_EDGE('',*,*,#3535,.F.);
#4842=ORIENTED_EDGE('',*,*,#3536,.F.);
#4843=ORIENTED_EDGE('',*,*,#3537,.F.);
#4844=ORIENTED_EDGE('',*,*,#3536,.T.);
#4845=ORIENTED_EDGE('',*,*,#3538,.F.);
#4846=ORIENTED_EDGE('',*,*,#3539,.F.);
#4847=ORIENTED_EDGE('',*,*,#3540,.F.);
#4848=ORIENTED_EDGE('',*,*,#3539,.T.);
#4849=ORIENTED_EDGE('',*,*,#3541,.F.);
#4850=ORIENTED_EDGE('',*,*,#3531,.F.);
#4851=ORIENTED_EDGE('',*,*,#3541,.T.);
#4852=ORIENTED_EDGE('',*,*,#3538,.T.);
#4853=ORIENTED_EDGE('',*,*,#3535,.T.);
#4854=ORIENTED_EDGE('',*,*,#3532,.T.);
#4855=ORIENTED_EDGE('',*,*,#3540,.T.);
#4856=ORIENTED_EDGE('',*,*,#3530,.T.);
#4857=ORIENTED_EDGE('',*,*,#3534,.T.);
#4858=ORIENTED_EDGE('',*,*,#3537,.T.);
#4859=ORIENTED_EDGE('',*,*,#3542,.T.);
#4860=ORIENTED_EDGE('',*,*,#3543,.T.);
#4861=ORIENTED_EDGE('',*,*,#3544,.F.);
#4862=ORIENTED_EDGE('',*,*,#3545,.F.);
#4863=ORIENTED_EDGE('',*,*,#3546,.T.);
#4864=ORIENTED_EDGE('',*,*,#3545,.T.);
#4865=ORIENTED_EDGE('',*,*,#3547,.F.);
#4866=ORIENTED_EDGE('',*,*,#3548,.F.);
#4867=ORIENTED_EDGE('',*,*,#3549,.T.);
#4868=ORIENTED_EDGE('',*,*,#3548,.T.);
#4869=ORIENTED_EDGE('',*,*,#3550,.F.);
#4870=ORIENTED_EDGE('',*,*,#3551,.F.);
#4871=ORIENTED_EDGE('',*,*,#3552,.T.);
#4872=ORIENTED_EDGE('',*,*,#3551,.T.);
#4873=ORIENTED_EDGE('',*,*,#3553,.F.);
#4874=ORIENTED_EDGE('',*,*,#3543,.F.);
#4875=ORIENTED_EDGE('',*,*,#3553,.T.);
#4876=ORIENTED_EDGE('',*,*,#3550,.T.);
#4877=ORIENTED_EDGE('',*,*,#3547,.T.);
#4878=ORIENTED_EDGE('',*,*,#3544,.T.);
#4879=ORIENTED_EDGE('',*,*,#3552,.F.);
#4880=ORIENTED_EDGE('',*,*,#3542,.F.);
#4881=ORIENTED_EDGE('',*,*,#3546,.F.);
#4882=ORIENTED_EDGE('',*,*,#3549,.F.);
#4883=ORIENTED_EDGE('',*,*,#3554,.F.);
#4884=ORIENTED_EDGE('',*,*,#3555,.T.);
#4885=ORIENTED_EDGE('',*,*,#3556,.T.);
#4886=ORIENTED_EDGE('',*,*,#3555,.F.);
#4887=ORIENTED_EDGE('',*,*,#3554,.T.);
#4888=ORIENTED_EDGE('',*,*,#3556,.F.);
#4889=ORIENTED_EDGE('',*,*,#3557,.T.);
#4890=ORIENTED_EDGE('',*,*,#3558,.T.);
#4891=ORIENTED_EDGE('',*,*,#3559,.F.);
#4892=ORIENTED_EDGE('',*,*,#3560,.F.);
#4893=ORIENTED_EDGE('',*,*,#3561,.T.);
#4894=ORIENTED_EDGE('',*,*,#3560,.T.);
#4895=ORIENTED_EDGE('',*,*,#3562,.F.);
#4896=ORIENTED_EDGE('',*,*,#3563,.F.);
#4897=ORIENTED_EDGE('',*,*,#3564,.T.);
#4898=ORIENTED_EDGE('',*,*,#3563,.T.);
#4899=ORIENTED_EDGE('',*,*,#3565,.F.);
#4900=ORIENTED_EDGE('',*,*,#3566,.F.);
#4901=ORIENTED_EDGE('',*,*,#3567,.T.);
#4902=ORIENTED_EDGE('',*,*,#3566,.T.);
#4903=ORIENTED_EDGE('',*,*,#3568,.F.);
#4904=ORIENTED_EDGE('',*,*,#3558,.F.);
#4905=ORIENTED_EDGE('',*,*,#3568,.T.);
#4906=ORIENTED_EDGE('',*,*,#3565,.T.);
#4907=ORIENTED_EDGE('',*,*,#3562,.T.);
#4908=ORIENTED_EDGE('',*,*,#3559,.T.);
#4909=ORIENTED_EDGE('',*,*,#3567,.F.);
#4910=ORIENTED_EDGE('',*,*,#3557,.F.);
#4911=ORIENTED_EDGE('',*,*,#3561,.F.);
#4912=ORIENTED_EDGE('',*,*,#3564,.F.);
#4913=ORIENTED_EDGE('',*,*,#3569,.F.);
#4914=ORIENTED_EDGE('',*,*,#3570,.T.);
#4915=ORIENTED_EDGE('',*,*,#3571,.F.);
#4916=ORIENTED_EDGE('',*,*,#3570,.F.);
#4917=ORIENTED_EDGE('',*,*,#3569,.T.);
#4918=ORIENTED_EDGE('',*,*,#3572,.F.);
#4919=ORIENTED_EDGE('',*,*,#3573,.T.);
#4920=ORIENTED_EDGE('',*,*,#3574,.T.);
#4921=ORIENTED_EDGE('',*,*,#3573,.F.);
#4922=ORIENTED_EDGE('',*,*,#3572,.T.);
#4923=ORIENTED_EDGE('',*,*,#3571,.T.);
#4924=ORIENTED_EDGE('',*,*,#3574,.F.);
#4925=ORIENTED_EDGE('',*,*,#3575,.F.);
#4926=ORIENTED_EDGE('',*,*,#3576,.T.);
#4927=ORIENTED_EDGE('',*,*,#3577,.T.);
#4928=ORIENTED_EDGE('',*,*,#3576,.F.);
#4929=ORIENTED_EDGE('',*,*,#3575,.T.);
#4930=ORIENTED_EDGE('',*,*,#3577,.F.);
#4931=ORIENTED_EDGE('',*,*,#3578,.F.);
#4932=ORIENTED_EDGE('',*,*,#3579,.T.);
#4933=ORIENTED_EDGE('',*,*,#3580,.F.);
#4934=ORIENTED_EDGE('',*,*,#3579,.F.);
#4935=ORIENTED_EDGE('',*,*,#3581,.F.);
#4936=ORIENTED_EDGE('',*,*,#3582,.T.);
#4937=ORIENTED_EDGE('',*,*,#3583,.F.);
#4938=ORIENTED_EDGE('',*,*,#3582,.F.);
#4939=ORIENTED_EDGE('',*,*,#3584,.F.);
#4940=ORIENTED_EDGE('',*,*,#3585,.T.);
#4941=ORIENTED_EDGE('',*,*,#3586,.F.);
#4942=ORIENTED_EDGE('',*,*,#3585,.F.);
#4943=ORIENTED_EDGE('',*,*,#3587,.F.);
#4944=ORIENTED_EDGE('',*,*,#3588,.T.);
#4945=ORIENTED_EDGE('',*,*,#3589,.F.);
#4946=ORIENTED_EDGE('',*,*,#3588,.F.);
#4947=ORIENTED_EDGE('',*,*,#3590,.T.);
#4948=ORIENTED_EDGE('',*,*,#3591,.T.);
#4949=ORIENTED_EDGE('',*,*,#3592,.T.);
#4950=ORIENTED_EDGE('',*,*,#3593,.T.);
#4951=ORIENTED_EDGE('',*,*,#3593,.F.);
#4952=ORIENTED_EDGE('',*,*,#3594,.F.);
#4953=ORIENTED_EDGE('',*,*,#3595,.F.);
#4954=ORIENTED_EDGE('',*,*,#3596,.F.);
#4955=ORIENTED_EDGE('',*,*,#3592,.F.);
#4956=ORIENTED_EDGE('',*,*,#3597,.T.);
#4957=ORIENTED_EDGE('',*,*,#3598,.F.);
#4958=ORIENTED_EDGE('',*,*,#3599,.T.);
#4959=ORIENTED_EDGE('',*,*,#3600,.F.);
#4960=ORIENTED_EDGE('',*,*,#3601,.T.);
#4961=ORIENTED_EDGE('',*,*,#3602,.F.);
#4962=ORIENTED_EDGE('',*,*,#3594,.T.);
#4963=ORIENTED_EDGE('',*,*,#3580,.T.);
#4964=ORIENTED_EDGE('',*,*,#3583,.T.);
#4965=ORIENTED_EDGE('',*,*,#3586,.T.);
#4966=ORIENTED_EDGE('',*,*,#3589,.T.);
#4967=ORIENTED_EDGE('',*,*,#3603,.T.);
#4968=ORIENTED_EDGE('',*,*,#3604,.T.);
#4969=ORIENTED_EDGE('',*,*,#3598,.T.);
#4970=ORIENTED_EDGE('',*,*,#3605,.T.);
#4971=ORIENTED_EDGE('',*,*,#3604,.F.);
#4972=ORIENTED_EDGE('',*,*,#3606,.F.);
#4973=ORIENTED_EDGE('',*,*,#3607,.F.);
#4974=ORIENTED_EDGE('',*,*,#3599,.F.);
#4975=ORIENTED_EDGE('',*,*,#3608,.T.);
#4976=ORIENTED_EDGE('',*,*,#3609,.T.);
#4977=ORIENTED_EDGE('',*,*,#3600,.T.);
#4978=ORIENTED_EDGE('',*,*,#3607,.T.);
#4979=ORIENTED_EDGE('',*,*,#3610,.T.);
#4980=ORIENTED_EDGE('',*,*,#3595,.T.);
#4981=ORIENTED_EDGE('',*,*,#3602,.T.);
#4982=ORIENTED_EDGE('',*,*,#3611,.T.);
#4983=ORIENTED_EDGE('',*,*,#3591,.F.);
#4984=ORIENTED_EDGE('',*,*,#3612,.F.);
#4985=ORIENTED_EDGE('',*,*,#3605,.F.);
#4986=ORIENTED_EDGE('',*,*,#3597,.F.);
#4987=ORIENTED_EDGE('',*,*,#3609,.F.);
#4988=ORIENTED_EDGE('',*,*,#3613,.F.);
#4989=ORIENTED_EDGE('',*,*,#3611,.F.);
#4990=ORIENTED_EDGE('',*,*,#3601,.F.);
#4991=ORIENTED_EDGE('',*,*,#3590,.F.);
#4992=ORIENTED_EDGE('',*,*,#3596,.T.);
#4993=ORIENTED_EDGE('',*,*,#3610,.F.);
#4994=ORIENTED_EDGE('',*,*,#3613,.T.);
#4995=ORIENTED_EDGE('',*,*,#3608,.F.);
#4996=ORIENTED_EDGE('',*,*,#3606,.T.);
#4997=ORIENTED_EDGE('',*,*,#3603,.F.);
#4998=ORIENTED_EDGE('',*,*,#3612,.T.);
#4999=ORIENTED_EDGE('',*,*,#3578,.T.);
#5000=ORIENTED_EDGE('',*,*,#3581,.T.);
#5001=ORIENTED_EDGE('',*,*,#3584,.T.);
#5002=ORIENTED_EDGE('',*,*,#3587,.T.);
#5003=ORIENTED_EDGE('',*,*,#3614,.F.);
#5004=ORIENTED_EDGE('',*,*,#3615,.T.);
#5005=ORIENTED_EDGE('',*,*,#3616,.F.);
#5006=ORIENTED_EDGE('',*,*,#3615,.F.);
#5007=ORIENTED_EDGE('',*,*,#3614,.T.);
#5008=ORIENTED_EDGE('',*,*,#3617,.F.);
#5009=ORIENTED_EDGE('',*,*,#3618,.F.);
#5010=ORIENTED_EDGE('',*,*,#3619,.F.);
#5011=ORIENTED_EDGE('',*,*,#3620,.T.);
#5012=ORIENTED_EDGE('',*,*,#3621,.F.);
#5013=ORIENTED_EDGE('',*,*,#3620,.F.);
#5014=ORIENTED_EDGE('',*,*,#3619,.T.);
#5015=ORIENTED_EDGE('',*,*,#3622,.F.);
#5016=ORIENTED_EDGE('',*,*,#3623,.T.);
#5017=ORIENTED_EDGE('',*,*,#3624,.T.);
#5018=ORIENTED_EDGE('',*,*,#3623,.F.);
#5019=ORIENTED_EDGE('',*,*,#3625,.T.);
#5020=ORIENTED_EDGE('',*,*,#3626,.F.);
#5021=ORIENTED_EDGE('',*,*,#3627,.F.);
#5022=ORIENTED_EDGE('',*,*,#3628,.F.);
#5023=ORIENTED_EDGE('',*,*,#3629,.T.);
#5024=ORIENTED_EDGE('',*,*,#3628,.T.);
#5025=ORIENTED_EDGE('',*,*,#3630,.F.);
#5026=ORIENTED_EDGE('',*,*,#3631,.F.);
#5027=ORIENTED_EDGE('',*,*,#3632,.T.);
#5028=ORIENTED_EDGE('',*,*,#3631,.T.);
#5029=ORIENTED_EDGE('',*,*,#3633,.F.);
#5030=ORIENTED_EDGE('',*,*,#3634,.F.);
#5031=ORIENTED_EDGE('',*,*,#3634,.T.);
#5032=ORIENTED_EDGE('',*,*,#3635,.F.);
#5033=ORIENTED_EDGE('',*,*,#3636,.F.);
#5034=ORIENTED_EDGE('',*,*,#3637,.T.);
#5035=ORIENTED_EDGE('',*,*,#3626,.T.);
#5036=ORIENTED_EDGE('',*,*,#3638,.T.);
#5037=ORIENTED_EDGE('',*,*,#3639,.T.);
#5038=ORIENTED_EDGE('',*,*,#3640,.F.);
#5039=ORIENTED_EDGE('',*,*,#3641,.T.);
#5040=ORIENTED_EDGE('',*,*,#3642,.T.);
#5041=ORIENTED_EDGE('',*,*,#3643,.F.);
#5042=ORIENTED_EDGE('',*,*,#3644,.F.);
#5043=ORIENTED_EDGE('',*,*,#3645,.T.);
#5044=ORIENTED_EDGE('',*,*,#3644,.T.);
#5045=ORIENTED_EDGE('',*,*,#3646,.F.);
#5046=ORIENTED_EDGE('',*,*,#3642,.F.);
#5047=ORIENTED_EDGE('',*,*,#3647,.T.);
#5048=ORIENTED_EDGE('',*,*,#3648,.F.);
#5049=ORIENTED_EDGE('',*,*,#3649,.F.);
#5050=ORIENTED_EDGE('',*,*,#3650,.F.);
#5051=ORIENTED_EDGE('',*,*,#3651,.T.);
#5052=ORIENTED_EDGE('',*,*,#3650,.T.);
#5053=ORIENTED_EDGE('',*,*,#3652,.F.);
#5054=ORIENTED_EDGE('',*,*,#3653,.F.);
#5055=ORIENTED_EDGE('',*,*,#3654,.T.);
#5056=ORIENTED_EDGE('',*,*,#3653,.T.);
#5057=ORIENTED_EDGE('',*,*,#3655,.F.);
#5058=ORIENTED_EDGE('',*,*,#3639,.F.);
#5059=ORIENTED_EDGE('',*,*,#3648,.T.);
#5060=ORIENTED_EDGE('',*,*,#3656,.T.);
#5061=ORIENTED_EDGE('',*,*,#3657,.T.);
#5062=ORIENTED_EDGE('',*,*,#3658,.F.);
#5063=ORIENTED_EDGE('',*,*,#3659,.F.);
#5064=ORIENTED_EDGE('',*,*,#3660,.T.);
#5065=ORIENTED_EDGE('',*,*,#3618,.T.);
#5066=ORIENTED_EDGE('',*,*,#3660,.F.);
#5067=ORIENTED_EDGE('',*,*,#3661,.F.);
#5068=ORIENTED_EDGE('',*,*,#3662,.T.);
#5069=ORIENTED_EDGE('',*,*,#3617,.T.);
#5070=ORIENTED_EDGE('',*,*,#3662,.F.);
#5071=ORIENTED_EDGE('',*,*,#3663,.F.);
#5072=ORIENTED_EDGE('',*,*,#3664,.T.);
#5073=ORIENTED_EDGE('',*,*,#3665,.T.);
#5074=ORIENTED_EDGE('',*,*,#3664,.F.);
#5075=ORIENTED_EDGE('',*,*,#3666,.F.);
#5076=ORIENTED_EDGE('',*,*,#3667,.T.);
#5077=ORIENTED_EDGE('',*,*,#3668,.T.);
#5078=ORIENTED_EDGE('',*,*,#3667,.F.);
#5079=ORIENTED_EDGE('',*,*,#3669,.F.);
#5080=ORIENTED_EDGE('',*,*,#3670,.T.);
#5081=ORIENTED_EDGE('',*,*,#3671,.T.);
#5082=ORIENTED_EDGE('',*,*,#3670,.F.);
#5083=ORIENTED_EDGE('',*,*,#3672,.F.);
#5084=ORIENTED_EDGE('',*,*,#3673,.T.);
#5085=ORIENTED_EDGE('',*,*,#3674,.F.);
#5086=ORIENTED_EDGE('',*,*,#3675,.F.);
#5087=ORIENTED_EDGE('',*,*,#3676,.F.);
#5088=ORIENTED_EDGE('',*,*,#3675,.T.);
#5089=ORIENTED_EDGE('',*,*,#3677,.F.);
#5090=ORIENTED_EDGE('',*,*,#3657,.F.);
#5091=ORIENTED_EDGE('',*,*,#3678,.F.);
#5092=ORIENTED_EDGE('',*,*,#3636,.T.);
#5093=ORIENTED_EDGE('',*,*,#3679,.F.);
#5094=ORIENTED_EDGE('',*,*,#3680,.F.);
#5095=ORIENTED_EDGE('',*,*,#3681,.F.);
#5096=ORIENTED_EDGE('',*,*,#3680,.T.);
#5097=ORIENTED_EDGE('',*,*,#3682,.F.);
#5098=ORIENTED_EDGE('',*,*,#3683,.F.);
#5099=ORIENTED_EDGE('',*,*,#3684,.T.);
#5100=ORIENTED_EDGE('',*,*,#3683,.T.);
#5101=ORIENTED_EDGE('',*,*,#3685,.F.);
#5102=ORIENTED_EDGE('',*,*,#3673,.F.);
#5103=ORIENTED_EDGE('',*,*,#3685,.T.);
#5104=ORIENTED_EDGE('',*,*,#3682,.T.);
#5105=ORIENTED_EDGE('',*,*,#3679,.T.);
#5106=ORIENTED_EDGE('',*,*,#3635,.T.);
#5107=ORIENTED_EDGE('',*,*,#3633,.T.);
#5108=ORIENTED_EDGE('',*,*,#3630,.T.);
#5109=ORIENTED_EDGE('',*,*,#3627,.T.);
#5110=ORIENTED_EDGE('',*,*,#3640,.T.);
#5111=ORIENTED_EDGE('',*,*,#3655,.T.);
#5112=ORIENTED_EDGE('',*,*,#3652,.T.);
#5113=ORIENTED_EDGE('',*,*,#3649,.T.);
#5114=ORIENTED_EDGE('',*,*,#3658,.T.);
#5115=ORIENTED_EDGE('',*,*,#3677,.T.);
#5116=ORIENTED_EDGE('',*,*,#3674,.T.);
#5117=ORIENTED_EDGE('',*,*,#3622,.T.);
#5118=ORIENTED_EDGE('',*,*,#3646,.T.);
#5119=ORIENTED_EDGE('',*,*,#3643,.T.);
#5120=ORIENTED_EDGE('',*,*,#3616,.T.);
#5121=ORIENTED_EDGE('',*,*,#3659,.T.);
#5122=ORIENTED_EDGE('',*,*,#3661,.T.);
#5123=ORIENTED_EDGE('',*,*,#3669,.T.);
#5124=ORIENTED_EDGE('',*,*,#3666,.T.);
#5125=ORIENTED_EDGE('',*,*,#3663,.T.);
#5126=ORIENTED_EDGE('',*,*,#3684,.F.);
#5127=ORIENTED_EDGE('',*,*,#3672,.T.);
#5128=ORIENTED_EDGE('',*,*,#3676,.T.);
#5129=ORIENTED_EDGE('',*,*,#3656,.F.);
#5130=ORIENTED_EDGE('',*,*,#3647,.F.);
#5131=ORIENTED_EDGE('',*,*,#3651,.F.);
#5132=ORIENTED_EDGE('',*,*,#3654,.F.);
#5133=ORIENTED_EDGE('',*,*,#3638,.F.);
#5134=ORIENTED_EDGE('',*,*,#3625,.F.);
#5135=ORIENTED_EDGE('',*,*,#3629,.F.);
#5136=ORIENTED_EDGE('',*,*,#3632,.F.);
#5137=ORIENTED_EDGE('',*,*,#3637,.F.);
#5138=ORIENTED_EDGE('',*,*,#3678,.T.);
#5139=ORIENTED_EDGE('',*,*,#3681,.T.);
#5140=ORIENTED_EDGE('',*,*,#3665,.F.);
#5141=ORIENTED_EDGE('',*,*,#3668,.F.);
#5142=ORIENTED_EDGE('',*,*,#3671,.F.);
#5143=ORIENTED_EDGE('',*,*,#3645,.F.);
#5144=ORIENTED_EDGE('',*,*,#3641,.F.);
#5145=ORIENTED_EDGE('',*,*,#3624,.F.);
#5146=ORIENTED_EDGE('',*,*,#3621,.T.);
#5147=ORIENTED_EDGE('',*,*,#3686,.F.);
#5148=ORIENTED_EDGE('',*,*,#3687,.T.);
#5149=ORIENTED_EDGE('',*,*,#3688,.T.);
#5150=ORIENTED_EDGE('',*,*,#3687,.F.);
#5151=ORIENTED_EDGE('',*,*,#3686,.T.);
#5152=ORIENTED_EDGE('',*,*,#3688,.F.);
#5153=ORIENTED_EDGE('',*,*,#3689,.F.);
#5154=ORIENTED_EDGE('',*,*,#3690,.T.);
#5155=ORIENTED_EDGE('',*,*,#3691,.F.);
#5156=ORIENTED_EDGE('',*,*,#3690,.F.);
#5157=ORIENTED_EDGE('',*,*,#3691,.T.);
#5158=ORIENTED_EDGE('',*,*,#3689,.T.);
#5159=ORIENTED_EDGE('',*,*,#3692,.F.);
#5160=ORIENTED_EDGE('',*,*,#3693,.T.);
#5161=ORIENTED_EDGE('',*,*,#3694,.F.);
#5162=ORIENTED_EDGE('',*,*,#3693,.F.);
#5163=ORIENTED_EDGE('',*,*,#3694,.T.);
#5164=ORIENTED_EDGE('',*,*,#3692,.T.);
#5165=ORIENTED_EDGE('',*,*,#3695,.F.);
#5166=ORIENTED_EDGE('',*,*,#3696,.T.);
#5167=ORIENTED_EDGE('',*,*,#3697,.F.);
#5168=ORIENTED_EDGE('',*,*,#3696,.F.);
#5169=ORIENTED_EDGE('',*,*,#3697,.T.);
#5170=ORIENTED_EDGE('',*,*,#3695,.T.);
#5171=ORIENTED_EDGE('',*,*,#3698,.F.);
#5172=ORIENTED_EDGE('',*,*,#3699,.T.);
#5173=ORIENTED_EDGE('',*,*,#3700,.T.);
#5174=ORIENTED_EDGE('',*,*,#3699,.F.);
#5175=ORIENTED_EDGE('',*,*,#3698,.T.);
#5176=ORIENTED_EDGE('',*,*,#3700,.F.);
#5177=ORIENTED_EDGE('',*,*,#3701,.T.);
#5178=ORIENTED_EDGE('',*,*,#3702,.T.);
#5179=ORIENTED_EDGE('',*,*,#3703,.T.);
#5180=ORIENTED_EDGE('',*,*,#3704,.T.);
#5181=ORIENTED_EDGE('',*,*,#3704,.F.);
#5182=ORIENTED_EDGE('',*,*,#3705,.T.);
#5183=ORIENTED_EDGE('',*,*,#3706,.T.);
#5184=ORIENTED_EDGE('',*,*,#3707,.F.);
#5185=ORIENTED_EDGE('',*,*,#3703,.F.);
#5186=ORIENTED_EDGE('',*,*,#3708,.T.);
#5187=ORIENTED_EDGE('',*,*,#3709,.F.);
#5188=ORIENTED_EDGE('',*,*,#3710,.F.);
#5189=ORIENTED_EDGE('',*,*,#3711,.F.);
#5190=ORIENTED_EDGE('',*,*,#3712,.F.);
#5191=ORIENTED_EDGE('',*,*,#3713,.T.);
#5192=ORIENTED_EDGE('',*,*,#3705,.F.);
#5193=ORIENTED_EDGE('',*,*,#3714,.F.);
#5194=ORIENTED_EDGE('',*,*,#3715,.F.);
#5195=ORIENTED_EDGE('',*,*,#3716,.F.);
#5196=ORIENTED_EDGE('',*,*,#3717,.F.);
#5197=ORIENTED_EDGE('',*,*,#3718,.F.);
#5198=ORIENTED_EDGE('',*,*,#3719,.F.);
#5199=ORIENTED_EDGE('',*,*,#3720,.T.);
#5200=ORIENTED_EDGE('',*,*,#3721,.T.);
#5201=ORIENTED_EDGE('',*,*,#3711,.T.);
#5202=ORIENTED_EDGE('',*,*,#3722,.T.);
#5203=ORIENTED_EDGE('',*,*,#3721,.F.);
#5204=ORIENTED_EDGE('',*,*,#3723,.F.);
#5205=ORIENTED_EDGE('',*,*,#3724,.F.);
#5206=ORIENTED_EDGE('',*,*,#3712,.T.);
#5207=ORIENTED_EDGE('',*,*,#3715,.T.);
#5208=ORIENTED_EDGE('',*,*,#3725,.T.);
#5209=ORIENTED_EDGE('',*,*,#3726,.F.);
#5210=ORIENTED_EDGE('',*,*,#3727,.F.);
#5211=ORIENTED_EDGE('',*,*,#3716,.T.);
#5212=ORIENTED_EDGE('',*,*,#3727,.T.);
#5213=ORIENTED_EDGE('',*,*,#3728,.F.);
#5214=ORIENTED_EDGE('',*,*,#3729,.F.);
#5215=ORIENTED_EDGE('',*,*,#3717,.T.);
#5216=ORIENTED_EDGE('',*,*,#3729,.T.);
#5217=ORIENTED_EDGE('',*,*,#3730,.F.);
#5218=ORIENTED_EDGE('',*,*,#3731,.F.);
#5219=ORIENTED_EDGE('',*,*,#3718,.T.);
#5220=ORIENTED_EDGE('',*,*,#3731,.T.);
#5221=ORIENTED_EDGE('',*,*,#3732,.F.);
#5222=ORIENTED_EDGE('',*,*,#3733,.F.);
#5223=ORIENTED_EDGE('',*,*,#3719,.T.);
#5224=ORIENTED_EDGE('',*,*,#3733,.T.);
#5225=ORIENTED_EDGE('',*,*,#3734,.F.);
#5226=ORIENTED_EDGE('',*,*,#3735,.F.);
#5227=ORIENTED_EDGE('',*,*,#3714,.T.);
#5228=ORIENTED_EDGE('',*,*,#3735,.T.);
#5229=ORIENTED_EDGE('',*,*,#3736,.F.);
#5230=ORIENTED_EDGE('',*,*,#3725,.F.);
#5231=ORIENTED_EDGE('',*,*,#3713,.F.);
#5232=ORIENTED_EDGE('',*,*,#3724,.T.);
#5233=ORIENTED_EDGE('',*,*,#3737,.F.);
#5234=ORIENTED_EDGE('',*,*,#3706,.F.);
#5235=ORIENTED_EDGE('',*,*,#3702,.F.);
#5236=ORIENTED_EDGE('',*,*,#3738,.F.);
#5237=ORIENTED_EDGE('',*,*,#3739,.F.);
#5238=ORIENTED_EDGE('',*,*,#3708,.F.);
#5239=ORIENTED_EDGE('',*,*,#3709,.T.);
#5240=ORIENTED_EDGE('',*,*,#3739,.T.);
#5241=ORIENTED_EDGE('',*,*,#3740,.F.);
#5242=ORIENTED_EDGE('',*,*,#3741,.F.);
#5243=ORIENTED_EDGE('',*,*,#3722,.F.);
#5244=ORIENTED_EDGE('',*,*,#3710,.T.);
#5245=ORIENTED_EDGE('',*,*,#3741,.T.);
#5246=ORIENTED_EDGE('',*,*,#3742,.F.);
#5247=ORIENTED_EDGE('',*,*,#3701,.F.);
#5248=ORIENTED_EDGE('',*,*,#3707,.T.);
#5249=ORIENTED_EDGE('',*,*,#3737,.T.);
#5250=ORIENTED_EDGE('',*,*,#3723,.T.);
#5251=ORIENTED_EDGE('',*,*,#3720,.F.);
#5252=ORIENTED_EDGE('',*,*,#3742,.T.);
#5253=ORIENTED_EDGE('',*,*,#3740,.T.);
#5254=ORIENTED_EDGE('',*,*,#3738,.T.);
#5255=ORIENTED_EDGE('',*,*,#3736,.T.);
#5256=ORIENTED_EDGE('',*,*,#3734,.T.);
#5257=ORIENTED_EDGE('',*,*,#3732,.T.);
#5258=ORIENTED_EDGE('',*,*,#3730,.T.);
#5259=ORIENTED_EDGE('',*,*,#3728,.T.);
#5260=ORIENTED_EDGE('',*,*,#3726,.T.);
#5261=CYLINDRICAL_SURFACE('',#5847,2.5);
#5262=CYLINDRICAL_SURFACE('',#5851,2.5);
#5263=CYLINDRICAL_SURFACE('',#5855,2.5);
#5264=CYLINDRICAL_SURFACE('',#5859,2.5);
#5265=CYLINDRICAL_SURFACE('',#5863,2.5);
#5266=CYLINDRICAL_SURFACE('',#5866,2.5);
#5267=CYLINDRICAL_SURFACE('',#5869,2.5);
#5268=CYLINDRICAL_SURFACE('',#5872,2.5);
#5269=CYLINDRICAL_SURFACE('',#5875,2.5);
#5270=CYLINDRICAL_SURFACE('',#5878,2.5);
#5271=CYLINDRICAL_SURFACE('',#5881,2.5);
#5272=CYLINDRICAL_SURFACE('',#5884,2.5);
#5273=CYLINDRICAL_SURFACE('',#5887,2.5);
#5274=CYLINDRICAL_SURFACE('',#5893,2.5);
#5275=CYLINDRICAL_SURFACE('',#5896,5.);
#5276=CYLINDRICAL_SURFACE('',#5900,5.);
#5277=CYLINDRICAL_SURFACE('',#5904,5.);
#5278=CYLINDRICAL_SURFACE('',#5908,5.);
#5279=CYLINDRICAL_SURFACE('',#5925,1.5);
#5280=CYLINDRICAL_SURFACE('',#5929,2.);
#5281=CYLINDRICAL_SURFACE('',#5933,3.5);
#5282=CYLINDRICAL_SURFACE('',#5937,12.5);
#5283=CYLINDRICAL_SURFACE('',#5947,1.5);
#5284=CYLINDRICAL_SURFACE('',#5950,6.75);
#5285=CYLINDRICAL_SURFACE('',#5956,2.5);
#5286=CYLINDRICAL_SURFACE('',#5960,15.);
#5287=CYLINDRICAL_SURFACE('',#5964,7.50000000000002);
#5288=CYLINDRICAL_SURFACE('',#5968,15.);
#5289=CYLINDRICAL_SURFACE('',#5972,7.50000000000002);
#5290=CYLINDRICAL_SURFACE('',#5976,15.);
#5291=CYLINDRICAL_SURFACE('',#5980,7.50000000000002);
#5292=CYLINDRICAL_SURFACE('',#5984,15.);
#5293=CYLINDRICAL_SURFACE('',#5988,7.50000000000002);
#5294=CYLINDRICAL_SURFACE('',#5992,15.);
#5295=CYLINDRICAL_SURFACE('',#5996,7.50000000000002);
#5296=CYLINDRICAL_SURFACE('',#6000,15.);
#5297=CYLINDRICAL_SURFACE('',#6004,7.50000000000002);
#5298=CYLINDRICAL_SURFACE('',#6009,7.50000000000001);
#5299=CYLINDRICAL_SURFACE('',#6013,15.);
#5300=CYLINDRICAL_SURFACE('',#6016,15.);
#5301=CYLINDRICAL_SURFACE('',#6020,7.50000000000002);
#5302=CYLINDRICAL_SURFACE('',#6024,15.);
#5303=CYLINDRICAL_SURFACE('',#6028,7.50000000000002);
#5304=CYLINDRICAL_SURFACE('',#6032,15.);
#5305=CYLINDRICAL_SURFACE('',#6036,7.50000000000002);
#5306=CYLINDRICAL_SURFACE('',#6137,27.5);
#5307=CYLINDRICAL_SURFACE('',#6139,27.5);
#5308=CYLINDRICAL_SURFACE('',#6141,27.5);
#5309=CYLINDRICAL_SURFACE('',#6143,27.5);
#5310=CYLINDRICAL_SURFACE('',#6145,27.5);
#5311=CYLINDRICAL_SURFACE('',#6147,27.5);
#5312=CYLINDRICAL_SURFACE('',#6149,27.5);
#5313=CYLINDRICAL_SURFACE('',#6151,27.5);
#5314=CYLINDRICAL_SURFACE('',#6153,27.5);
#5315=CYLINDRICAL_SURFACE('',#6155,27.5);
#5316=CYLINDRICAL_SURFACE('',#6157,27.5);
#5317=CYLINDRICAL_SURFACE('',#6159,27.5);
#5318=CYLINDRICAL_SURFACE('',#6161,27.5);
#5319=CYLINDRICAL_SURFACE('',#6163,27.5);
#5320=CYLINDRICAL_SURFACE('',#6165,27.5);
#5321=CYLINDRICAL_SURFACE('',#6167,27.5);
#5322=CYLINDRICAL_SURFACE('',#6169,27.5);
#5323=CYLINDRICAL_SURFACE('',#6171,27.5);
#5324=CYLINDRICAL_SURFACE('',#6173,27.5);
#5325=CYLINDRICAL_SURFACE('',#6175,27.5);
#5326=CYLINDRICAL_SURFACE('',#6177,27.5);
#5327=CYLINDRICAL_SURFACE('',#6179,27.5);
#5328=CYLINDRICAL_SURFACE('',#6181,27.5);
#5329=CYLINDRICAL_SURFACE('',#6183,27.5);
#5330=CYLINDRICAL_SURFACE('',#6187,20.);
#5331=CYLINDRICAL_SURFACE('',#6190,25.);
#5332=CYLINDRICAL_SURFACE('',#6195,2.5);
#5333=CYLINDRICAL_SURFACE('',#6205,20.);
#5334=CYLINDRICAL_SURFACE('',#6208,2.5);
#5335=CYLINDRICAL_SURFACE('',#6224,45.);
#5336=CYLINDRICAL_SURFACE('',#6237,1.5);
#5337=CYLINDRICAL_SURFACE('',#6241,5.);
#5338=CYLINDRICAL_SURFACE('',#6246,1.5);
#5339=CYLINDRICAL_SURFACE('',#6252,1.33555);
#5340=CYLINDRICAL_SURFACE('',#6255,1.33555);
#5341=CYLINDRICAL_SURFACE('',#6258,1.33555);
#5342=CYLINDRICAL_SURFACE('',#6261,1.33555);
#5343=CYLINDRICAL_SURFACE('',#6264,5.);
#5344=CYLINDRICAL_SURFACE('',#6272,5.);
#5345=CYLINDRICAL_SURFACE('',#6275,5.);
#5346=CYLINDRICAL_SURFACE('',#6277,5.);
#5347=CYLINDRICAL_SURFACE('',#6283,5.);
#5348=CYLINDRICAL_SURFACE('',#6291,12.7423877378724);
#5349=CYLINDRICAL_SURFACE('',#6295,2.5);
#5350=CYLINDRICAL_SURFACE('',#6299,2.96959860733342);
#5351=CYLINDRICAL_SURFACE('',#6303,33.0571429969191);
#5352=CYLINDRICAL_SURFACE('',#6306,33.0571429969191);
#5353=CYLINDRICAL_SURFACE('',#6309,2.5);
#5354=CYLINDRICAL_SURFACE('',#6312,2.5);
#5355=CYLINDRICAL_SURFACE('',#6316,2.9695986073334);
#5356=CYLINDRICAL_SURFACE('',#6320,33.0571429969191);
#5357=CYLINDRICAL_SURFACE('',#6323,2.5);
#5358=CYLINDRICAL_SURFACE('',#6325,2.5);
#5359=CYLINDRICAL_SURFACE('',#6327,32.75);
#5360=CYLINDRICAL_SURFACE('',#6330,2.5);
#5361=CYLINDRICAL_SURFACE('',#6333,2.5);
#5362=CYLINDRICAL_SURFACE('',#6340,13.0722218416164);
#5363=CYLINDRICAL_SURFACE('',#6345,32.75);
#5364=CYLINDRICAL_SURFACE('',#6350,2.5);
#5365=CYLINDRICAL_SURFACE('',#6355,2.5);
#5366=CYLINDRICAL_SURFACE('',#6360,2.5);
#5367=CYLINDRICAL_SURFACE('',#6365,2.5);
#5368=CYLINDRICAL_SURFACE('',#6371,10.5);
#5369=CYLINDRICAL_SURFACE('',#6374,28.9579115411856);
#5370=CYLINDRICAL_SURFACE('',#6384,10.5);
#5371=CYLINDRICAL_SURFACE('',#6386,28.272978583229);
#5372=CYLINDRICAL_SURFACE('',#6389,24.7655324028658);
#5373=CYLINDRICAL_SURFACE('',#6392,51.9999831914963);
#5374=CYLINDRICAL_SURFACE('',#6395,25.9366017510531);
#5375=CYLINDRICAL_SURFACE('',#6399,65.);
#5376=ADVANCED_FACE('',(#480),#5261,.T.);
#5377=ADVANCED_FACE('',(#481),#280,.T.);
#5378=ADVANCED_FACE('',(#482),#5262,.T.);
#5379=ADVANCED_FACE('',(#483),#281,.T.);
#5380=ADVANCED_FACE('',(#484),#5263,.T.);
#5381=ADVANCED_FACE('',(#485),#282,.T.);
#5382=ADVANCED_FACE('',(#486),#5264,.T.);
#5383=ADVANCED_FACE('',(#487),#283,.T.);
#5384=ADVANCED_FACE('',(#488),#5265,.F.);
#5385=ADVANCED_FACE('',(#489),#5266,.F.);
#5386=ADVANCED_FACE('',(#490),#5267,.F.);
#5387=ADVANCED_FACE('',(#491),#5268,.F.);
#5388=ADVANCED_FACE('',(#492),#5269,.F.);
#5389=ADVANCED_FACE('',(#493),#5270,.F.);
#5390=ADVANCED_FACE('',(#494),#5271,.F.);
#5391=ADVANCED_FACE('',(#495),#5272,.F.);
#5392=ADVANCED_FACE('',(#496),#5273,.T.);
#5393=ADVANCED_FACE('',(#497,#200,#201,#202,#203),#284,.T.);
#5394=ADVANCED_FACE('',(#498),#285,.F.);
#5395=ADVANCED_FACE('',(#499),#5274,.T.);
#5396=ADVANCED_FACE('',(#500,#204,#205,#206,#207),#286,.T.);
#5397=ADVANCED_FACE('',(#501),#5275,.T.);
#5398=ADVANCED_FACE('',(#502,#208),#287,.T.);
#5399=ADVANCED_FACE('',(#503),#5276,.T.);
#5400=ADVANCED_FACE('',(#504,#209),#288,.T.);
#5401=ADVANCED_FACE('',(#505),#5277,.T.);
#5402=ADVANCED_FACE('',(#506,#210),#289,.T.);
#5403=ADVANCED_FACE('',(#507),#5278,.T.);
#5404=ADVANCED_FACE('',(#508,#211),#290,.T.);
#5405=ADVANCED_FACE('',(#509,#212,#213,#214,#215),#291,.T.);
#5406=ADVANCED_FACE('',(#510),#292,.T.);
#5407=ADVANCED_FACE('',(#511,#216,#217,#218,#219),#293,.T.);
#5408=ADVANCED_FACE('',(#512),#294,.T.);
#5409=ADVANCED_FACE('',(#513,#220,#221,#222,#223),#295,.T.);
#5410=ADVANCED_FACE('',(#514),#296,.T.);
#5411=ADVANCED_FACE('',(#515),#297,.T.);
#5412=ADVANCED_FACE('',(#516),#298,.T.);
#5413=ADVANCED_FACE('',(#517),#299,.T.);
#5414=ADVANCED_FACE('',(#518),#300,.T.);
#5415=ADVANCED_FACE('',(#519),#301,.T.);
#5416=ADVANCED_FACE('',(#520),#302,.T.);
#5417=ADVANCED_FACE('',(#521),#5279,.T.);
#5418=ADVANCED_FACE('',(#522),#303,.T.);
#5419=ADVANCED_FACE('',(#523),#5280,.T.);
#5420=ADVANCED_FACE('',(#524),#304,.T.);
#5421=ADVANCED_FACE('',(#525),#5281,.T.);
#5422=ADVANCED_FACE('',(#526,#224),#305,.T.);
#5423=ADVANCED_FACE('',(#527),#5282,.T.);
#5424=ADVANCED_FACE('',(#528,#225),#306,.T.);
#5425=ADVANCED_FACE('',(#529,#226,#227,#228),#307,.F.);
#5426=ADVANCED_FACE('',(#530),#308,.T.);
#5427=ADVANCED_FACE('',(#531),#309,.T.);
#5428=ADVANCED_FACE('',(#532),#310,.T.);
#5429=ADVANCED_FACE('',(#533),#311,.T.);
#5430=ADVANCED_FACE('',(#534),#312,.T.);
#5431=ADVANCED_FACE('',(#535),#5283,.F.);
#5432=ADVANCED_FACE('',(#536),#5284,.T.);
#5433=ADVANCED_FACE('',(#537,#229),#313,.T.);
#5434=ADVANCED_FACE('',(#538,#230),#314,.F.);
#5435=ADVANCED_FACE('',(#539),#5285,.F.);
#5436=ADVANCED_FACE('',(#540),#315,.T.);
#5437=ADVANCED_FACE('',(#541),#5286,.F.);
#5438=ADVANCED_FACE('',(#542),#316,.F.);
#5439=ADVANCED_FACE('',(#543),#5287,.T.);
#5440=ADVANCED_FACE('',(#544),#317,.F.);
#5441=ADVANCED_FACE('',(#545),#5288,.F.);
#5442=ADVANCED_FACE('',(#546),#318,.F.);
#5443=ADVANCED_FACE('',(#547),#5289,.T.);
#5444=ADVANCED_FACE('',(#548),#319,.F.);
#5445=ADVANCED_FACE('',(#549),#5290,.F.);
#5446=ADVANCED_FACE('',(#550),#320,.F.);
#5447=ADVANCED_FACE('',(#551),#5291,.T.);
#5448=ADVANCED_FACE('',(#552),#321,.F.);
#5449=ADVANCED_FACE('',(#553),#5292,.F.);
#5450=ADVANCED_FACE('',(#554),#322,.F.);
#5451=ADVANCED_FACE('',(#555),#5293,.T.);
#5452=ADVANCED_FACE('',(#556),#323,.F.);
#5453=ADVANCED_FACE('',(#557),#5294,.F.);
#5454=ADVANCED_FACE('',(#558),#324,.F.);
#5455=ADVANCED_FACE('',(#559),#5295,.T.);
#5456=ADVANCED_FACE('',(#560),#325,.F.);
#5457=ADVANCED_FACE('',(#561),#5296,.F.);
#5458=ADVANCED_FACE('',(#562),#326,.F.);
#5459=ADVANCED_FACE('',(#563),#5297,.T.);
#5460=ADVANCED_FACE('',(#564),#327,.F.);
#5461=ADVANCED_FACE('',(#565),#328,.F.);
#5462=ADVANCED_FACE('',(#566),#5298,.T.);
#5463=ADVANCED_FACE('',(#567),#329,.F.);
#5464=ADVANCED_FACE('',(#568),#5299,.F.);
#5465=ADVANCED_FACE('',(#569),#5300,.F.);
#5466=ADVANCED_FACE('',(#570),#330,.F.);
#5467=ADVANCED_FACE('',(#571),#5301,.T.);
#5468=ADVANCED_FACE('',(#572),#331,.F.);
#5469=ADVANCED_FACE('',(#573),#5302,.F.);
#5470=ADVANCED_FACE('',(#574),#332,.F.);
#5471=ADVANCED_FACE('',(#575),#5303,.T.);
#5472=ADVANCED_FACE('',(#576),#333,.F.);
#5473=ADVANCED_FACE('',(#577),#5304,.F.);
#5474=ADVANCED_FACE('',(#578),#334,.F.);
#5475=ADVANCED_FACE('',(#579),#5305,.T.);
#5476=ADVANCED_FACE('',(#580),#335,.F.);
#5477=ADVANCED_FACE('',(#581),#336,.F.);
#5478=ADVANCED_FACE('',(#582),#337,.F.);
#5479=ADVANCED_FACE('',(#583),#338,.F.);
#5480=ADVANCED_FACE('',(#584),#339,.F.);
#5481=ADVANCED_FACE('',(#585),#340,.F.);
#5482=ADVANCED_FACE('',(#586),#341,.F.);
#5483=ADVANCED_FACE('',(#587),#342,.F.);
#5484=ADVANCED_FACE('',(#588),#343,.F.);
#5485=ADVANCED_FACE('',(#589),#344,.F.);
#5486=ADVANCED_FACE('',(#590),#345,.F.);
#5487=ADVANCED_FACE('',(#591),#346,.F.);
#5488=ADVANCED_FACE('',(#592),#347,.F.);
#5489=ADVANCED_FACE('',(#593),#348,.F.);
#5490=ADVANCED_FACE('',(#594),#349,.F.);
#5491=ADVANCED_FACE('',(#595),#350,.F.);
#5492=ADVANCED_FACE('',(#596),#351,.F.);
#5493=ADVANCED_FACE('',(#597),#352,.F.);
#5494=ADVANCED_FACE('',(#598),#353,.F.);
#5495=ADVANCED_FACE('',(#599),#354,.F.);
#5496=ADVANCED_FACE('',(#600),#355,.F.);
#5497=ADVANCED_FACE('',(#601),#356,.F.);
#5498=ADVANCED_FACE('',(#602),#357,.F.);
#5499=ADVANCED_FACE('',(#603),#358,.F.);
#5500=ADVANCED_FACE('',(#604),#359,.F.);
#5501=ADVANCED_FACE('',(#605),#360,.F.);
#5502=ADVANCED_FACE('',(#606),#361,.F.);
#5503=ADVANCED_FACE('',(#607),#362,.F.);
#5504=ADVANCED_FACE('',(#608),#363,.F.);
#5505=ADVANCED_FACE('',(#609),#364,.F.);
#5506=ADVANCED_FACE('',(#610),#365,.F.);
#5507=ADVANCED_FACE('',(#611),#366,.F.);
#5508=ADVANCED_FACE('',(#612),#367,.F.);
#5509=ADVANCED_FACE('',(#613),#368,.F.);
#5510=ADVANCED_FACE('',(#614),#369,.F.);
#5511=ADVANCED_FACE('',(#615),#370,.F.);
#5512=ADVANCED_FACE('',(#616),#371,.F.);
#5513=ADVANCED_FACE('',(#617),#372,.F.);
#5514=ADVANCED_FACE('',(#618),#373,.F.);
#5515=ADVANCED_FACE('',(#619),#374,.F.);
#5516=ADVANCED_FACE('',(#620),#375,.F.);
#5517=ADVANCED_FACE('',(#621),#376,.F.);
#5518=ADVANCED_FACE('',(#622),#377,.F.);
#5519=ADVANCED_FACE('',(#623),#378,.F.);
#5520=ADVANCED_FACE('',(#624),#379,.F.);
#5521=ADVANCED_FACE('',(#625),#380,.F.);
#5522=ADVANCED_FACE('',(#626),#381,.F.);
#5523=ADVANCED_FACE('',(#627),#382,.F.);
#5524=ADVANCED_FACE('',(#628),#383,.F.);
#5525=ADVANCED_FACE('',(#629),#384,.F.);
#5526=ADVANCED_FACE('',(#630),#385,.F.);
#5527=ADVANCED_FACE('',(#631),#386,.F.);
#5528=ADVANCED_FACE('',(#632),#387,.F.);
#5529=ADVANCED_FACE('',(#633),#388,.F.);
#5530=ADVANCED_FACE('',(#634),#389,.F.);
#5531=ADVANCED_FACE('',(#635),#390,.F.);
#5532=ADVANCED_FACE('',(#636),#391,.F.);
#5533=ADVANCED_FACE('',(#637),#392,.F.);
#5534=ADVANCED_FACE('',(#638),#393,.F.);
#5535=ADVANCED_FACE('',(#639),#394,.F.);
#5536=ADVANCED_FACE('',(#640),#395,.F.);
#5537=ADVANCED_FACE('',(#641),#396,.F.);
#5538=ADVANCED_FACE('',(#642),#397,.F.);
#5539=ADVANCED_FACE('',(#643),#398,.F.);
#5540=ADVANCED_FACE('',(#644),#399,.F.);
#5541=ADVANCED_FACE('',(#645),#400,.F.);
#5542=ADVANCED_FACE('',(#646),#401,.F.);
#5543=ADVANCED_FACE('',(#647),#402,.F.);
#5544=ADVANCED_FACE('',(#648),#403,.F.);
#5545=ADVANCED_FACE('',(#649),#404,.F.);
#5546=ADVANCED_FACE('',(#650),#405,.F.);
#5547=ADVANCED_FACE('',(#651),#406,.F.);
#5548=ADVANCED_FACE('',(#652),#407,.F.);
#5549=ADVANCED_FACE('',(#653,#231,#232,#233,#234,#235,#236,#237,#238,#239,
#240,#241),#408,.F.);
#5550=ADVANCED_FACE('',(#654),#5306,.T.);
#5551=ADVANCED_FACE('',(#655),#5307,.T.);
#5552=ADVANCED_FACE('',(#656),#5308,.T.);
#5553=ADVANCED_FACE('',(#657),#5309,.T.);
#5554=ADVANCED_FACE('',(#658),#5310,.T.);
#5555=ADVANCED_FACE('',(#659),#5311,.T.);
#5556=ADVANCED_FACE('',(#660),#5312,.T.);
#5557=ADVANCED_FACE('',(#661),#5313,.T.);
#5558=ADVANCED_FACE('',(#662),#5314,.T.);
#5559=ADVANCED_FACE('',(#663),#5315,.T.);
#5560=ADVANCED_FACE('',(#664),#5316,.T.);
#5561=ADVANCED_FACE('',(#665),#5317,.T.);
#5562=ADVANCED_FACE('',(#666),#5318,.T.);
#5563=ADVANCED_FACE('',(#667),#5319,.T.);
#5564=ADVANCED_FACE('',(#668),#5320,.T.);
#5565=ADVANCED_FACE('',(#669),#5321,.T.);
#5566=ADVANCED_FACE('',(#670),#5322,.T.);
#5567=ADVANCED_FACE('',(#671),#5323,.T.);
#5568=ADVANCED_FACE('',(#672),#5324,.T.);
#5569=ADVANCED_FACE('',(#673),#5325,.T.);
#5570=ADVANCED_FACE('',(#674),#5326,.T.);
#5571=ADVANCED_FACE('',(#675),#5327,.T.);
#5572=ADVANCED_FACE('',(#676),#5328,.T.);
#5573=ADVANCED_FACE('',(#677),#5329,.T.);
#5574=ADVANCED_FACE('',(#678,#242,#243,#244,#245,#246,#247,#248,#249,#250,
#251),#409,.T.);
#5575=ADVANCED_FACE('',(#679),#5330,.F.);
#5576=ADVANCED_FACE('',(#680),#5331,.T.);
#5577=ADVANCED_FACE('',(#681,#252),#410,.T.);
#5578=ADVANCED_FACE('',(#682,#253),#411,.F.);
#5579=ADVANCED_FACE('',(#683),#5332,.T.);
#5580=ADVANCED_FACE('',(#684),#412,.T.);
#5581=ADVANCED_FACE('',(#685),#413,.F.);
#5582=ADVANCED_FACE('',(#686,#254),#414,.F.);
#5583=ADVANCED_FACE('',(#687),#415,.T.);
#5584=ADVANCED_FACE('',(#688),#5333,.T.);
#5585=ADVANCED_FACE('',(#689),#416,.T.);
#5586=ADVANCED_FACE('',(#690),#5334,.F.);
#5587=ADVANCED_FACE('',(#691),#417,.T.);
#5588=ADVANCED_FACE('',(#692),#418,.T.);
#5589=ADVANCED_FACE('',(#693),#419,.T.);
#5590=ADVANCED_FACE('',(#694),#420,.T.);
#5591=ADVANCED_FACE('',(#695),#421,.T.);
#5592=ADVANCED_FACE('',(#696),#422,.F.);
#5593=ADVANCED_FACE('',(#697),#423,.T.);
#5594=ADVANCED_FACE('',(#698),#424,.T.);
#5595=ADVANCED_FACE('',(#699),#425,.T.);
#5596=ADVANCED_FACE('',(#700),#426,.T.);
#5597=ADVANCED_FACE('',(#701),#427,.T.);
#5598=ADVANCED_FACE('',(#702),#428,.F.);
#5599=ADVANCED_FACE('',(#703),#5335,.T.);
#5600=ADVANCED_FACE('',(#704),#429,.T.);
#5601=ADVANCED_FACE('',(#705),#430,.F.);
#5602=ADVANCED_FACE('',(#706),#431,.T.);
#5603=ADVANCED_FACE('',(#707),#432,.T.);
#5604=ADVANCED_FACE('',(#708),#433,.T.);
#5605=ADVANCED_FACE('',(#709),#434,.T.);
#5606=ADVANCED_FACE('',(#710),#435,.T.);
#5607=ADVANCED_FACE('',(#711),#436,.F.);
#5608=ADVANCED_FACE('',(#712),#5336,.T.);
#5609=ADVANCED_FACE('',(#713),#437,.T.);
#5610=ADVANCED_FACE('',(#714),#5337,.T.);
#5611=ADVANCED_FACE('',(#715,#255),#438,.T.);
#5612=ADVANCED_FACE('',(#716),#439,.F.);
#5613=ADVANCED_FACE('',(#717),#5338,.T.);
#5614=ADVANCED_FACE('',(#718),#440,.T.);
#5615=ADVANCED_FACE('',(#719),#441,.F.);
#5616=ADVANCED_FACE('',(#720),#5339,.F.);
#5617=ADVANCED_FACE('',(#721),#5340,.F.);
#5618=ADVANCED_FACE('',(#722),#5341,.F.);
#5619=ADVANCED_FACE('',(#723),#5342,.F.);
#5620=ADVANCED_FACE('',(#724),#5343,.T.);
#5621=ADVANCED_FACE('',(#725),#442,.T.);
#5622=ADVANCED_FACE('',(#726,#256,#257,#258,#259),#443,.F.);
#5623=ADVANCED_FACE('',(#727),#5344,.T.);
#5624=ADVANCED_FACE('',(#728),#444,.T.);
#5625=ADVANCED_FACE('',(#729),#5345,.T.);
#5626=ADVANCED_FACE('',(#730),#5346,.T.);
#5627=ADVANCED_FACE('',(#731),#445,.T.);
#5628=ADVANCED_FACE('',(#732),#446,.T.);
#5629=ADVANCED_FACE('',(#733,#260,#261,#262,#263),#447,.T.);
#5630=ADVANCED_FACE('',(#734),#5347,.T.);
#5631=ADVANCED_FACE('',(#735),#448,.T.);
#5632=ADVANCED_FACE('',(#736),#449,.T.);
#5633=ADVANCED_FACE('',(#737),#450,.T.);
#5634=ADVANCED_FACE('',(#738),#5348,.T.);
#5635=ADVANCED_FACE('',(#739),#451,.F.);
#5636=ADVANCED_FACE('',(#740),#5349,.F.);
#5637=ADVANCED_FACE('',(#741),#452,.T.);
#5638=ADVANCED_FACE('',(#742),#5350,.T.);
#5639=ADVANCED_FACE('',(#743),#453,.T.);
#5640=ADVANCED_FACE('',(#744),#5351,.T.);
#5641=ADVANCED_FACE('',(#745),#5352,.T.);
#5642=ADVANCED_FACE('',(#746),#5353,.F.);
#5643=ADVANCED_FACE('',(#747),#5354,.F.);
#5644=ADVANCED_FACE('',(#748),#454,.T.);
#5645=ADVANCED_FACE('',(#749),#5355,.T.);
#5646=ADVANCED_FACE('',(#750),#455,.T.);
#5647=ADVANCED_FACE('',(#751),#5356,.T.);
#5648=ADVANCED_FACE('',(#752),#5357,.F.);
#5649=ADVANCED_FACE('',(#753),#5358,.F.);
#5650=ADVANCED_FACE('',(#754),#5359,.F.);
#5651=ADVANCED_FACE('',(#755),#5360,.F.);
#5652=ADVANCED_FACE('',(#756),#5361,.F.);
#5653=ADVANCED_FACE('',(#757),#456,.T.);
#5654=ADVANCED_FACE('',(#758),#457,.T.);
#5655=ADVANCED_FACE('',(#759),#458,.T.);
#5656=ADVANCED_FACE('',(#760),#459,.T.);
#5657=ADVANCED_FACE('',(#761),#5362,.T.);
#5658=ADVANCED_FACE('',(#762,#264,#265,#266,#267,#268,#269,#270,#271),#460,
 .T.);
#5659=ADVANCED_FACE('',(#763,#272,#273,#274,#275,#276,#277),#461,.F.);
#5660=ADVANCED_FACE('',(#764),#5363,.T.);
#5661=ADVANCED_FACE('',(#765),#462,.T.);
#5662=ADVANCED_FACE('',(#766),#463,.F.);
#5663=ADVANCED_FACE('',(#767),#5364,.T.);
#5664=ADVANCED_FACE('',(#768),#464,.T.);
#5665=ADVANCED_FACE('',(#769),#465,.F.);
#5666=ADVANCED_FACE('',(#770),#5365,.T.);
#5667=ADVANCED_FACE('',(#771),#466,.T.);
#5668=ADVANCED_FACE('',(#772),#467,.F.);
#5669=ADVANCED_FACE('',(#773),#5366,.T.);
#5670=ADVANCED_FACE('',(#774),#468,.T.);
#5671=ADVANCED_FACE('',(#775),#469,.F.);
#5672=ADVANCED_FACE('',(#776),#5367,.T.);
#5673=ADVANCED_FACE('',(#777),#470,.T.);
#5674=ADVANCED_FACE('',(#778),#471,.F.);
#5675=ADVANCED_FACE('',(#779),#5368,.T.);
#5676=ADVANCED_FACE('',(#780),#5369,.T.);
#5677=ADVANCED_FACE('',(#781,#278),#472,.F.);
#5678=ADVANCED_FACE('',(#782),#5370,.T.);
#5679=ADVANCED_FACE('',(#783),#5371,.T.);
#5680=ADVANCED_FACE('',(#784),#473,.T.);
#5681=ADVANCED_FACE('',(#785),#5372,.F.);
#5682=ADVANCED_FACE('',(#786),#474,.T.);
#5683=ADVANCED_FACE('',(#787),#5373,.F.);
#5684=ADVANCED_FACE('',(#788),#475,.T.);
#5685=ADVANCED_FACE('',(#789),#5374,.F.);
#5686=ADVANCED_FACE('',(#790),#476,.T.);
#5687=ADVANCED_FACE('',(#791),#477,.T.);
#5688=ADVANCED_FACE('',(#792),#5375,.T.);
#5689=ADVANCED_FACE('',(#793),#478,.T.);
#5690=ADVANCED_FACE('',(#794,#279),#479,.T.);
#5691=CLOSED_SHELL('',(#5376,#5377,#5378,#5379,#5380,#5381,#5382,#5383,
#5384,#5385,#5386,#5387,#5388,#5389,#5390,#5391,#5392,#5393,#5394,#5395,
#5396,#5397,#5398,#5399,#5400,#5401,#5402,#5403,#5404,#5405,#5406,#5407,
#5408,#5409,#5410,#5411));
#5692=CLOSED_SHELL('',(#5412,#5413,#5414,#5415,#5416,#5417,#5418,#5419,
#5420,#5421,#5422,#5423,#5424,#5425,#5426,#5427,#5428,#5429,#5430));
#5693=CLOSED_SHELL('',(#5431,#5432,#5433,#5434));
#5694=CLOSED_SHELL('',(#5435,#5436,#5437,#5438,#5439,#5440,#5441,#5442,
#5443,#5444,#5445,#5446,#5447,#5448,#5449,#5450,#5451,#5452,#5453,#5454,
#5455,#5456,#5457,#5458,#5459,#5460,#5461,#5462,#5463,#5464,#5465,#5466,
#5467,#5468,#5469,#5470,#5471,#5472,#5473,#5474,#5475,#5476,#5477,#5478,
#5479,#5480,#5481,#5482,#5483,#5484,#5485,#5486,#5487,#5488,#5489,#5490,
#5491,#5492,#5493,#5494,#5495,#5496,#5497,#5498,#5499,#5500,#5501,#5502,
#5503,#5504,#5505,#5506,#5507,#5508,#5509,#5510,#5511,#5512,#5513,#5514,
#5515,#5516,#5517,#5518,#5519,#5520,#5521,#5522,#5523,#5524,#5525,#5526,
#5527,#5528,#5529,#5530,#5531,#5532,#5533,#5534,#5535,#5536,#5537,#5538,
#5539,#5540,#5541,#5542,#5543,#5544,#5545,#5546,#5547,#5548,#5549,#5550,
#5551,#5552,#5553,#5554,#5555,#5556,#5557,#5558,#5559,#5560,#5561,#5562,
#5563,#5564,#5565,#5566,#5567,#5568,#5569,#5570,#5571,#5572,#5573,#5574));
#5695=CLOSED_SHELL('',(#5575,#5576,#5577,#5578));
#5696=CLOSED_SHELL('',(#5579,#5580,#5581));
#5697=CLOSED_SHELL('',(#5582,#5583,#5584,#5585,#5586));
#5698=CLOSED_SHELL('',(#5587,#5588,#5589,#5590,#5591,#5592));
#5699=CLOSED_SHELL('',(#5593,#5594,#5595,#5596,#5597,#5598));
#5700=CLOSED_SHELL('',(#5599,#5600,#5601));
#5701=CLOSED_SHELL('',(#5602,#5603,#5604,#5605,#5606,#5607));
#5702=CLOSED_SHELL('',(#5608,#5609,#5610,#5611,#5612));
#5703=CLOSED_SHELL('',(#5613,#5614,#5615));
#5704=CLOSED_SHELL('',(#5616,#5617,#5618,#5619,#5620,#5621,#5622,#5623,
#5624,#5625,#5626,#5627,#5628,#5629));
#5705=CLOSED_SHELL('',(#5630,#5631,#5632,#5633,#5634,#5635,#5636,#5637,
#5638,#5639,#5640,#5641,#5642,#5643,#5644,#5645,#5646,#5647,#5648,#5649,
#5650,#5651,#5652,#5653,#5654,#5655,#5656,#5657,#5658,#5659));
#5706=CLOSED_SHELL('',(#5660,#5661,#5662));
#5707=CLOSED_SHELL('',(#5663,#5664,#5665));
#5708=CLOSED_SHELL('',(#5666,#5667,#5668));
#5709=CLOSED_SHELL('',(#5669,#5670,#5671));
#5710=CLOSED_SHELL('',(#5672,#5673,#5674));
#5711=CLOSED_SHELL('',(#5675,#5676,#5677,#5678,#5679,#5680,#5681,#5682,
#5683,#5684,#5685,#5686,#5687,#5688,#5689,#5690));
#5712=DERIVED_UNIT_ELEMENT(#5736,1.);
#5713=DERIVED_UNIT_ELEMENT(#9778,-3.);
#5714=DERIVED_UNIT_ELEMENT(#5736,1.);
#5715=DERIVED_UNIT_ELEMENT(#9778,-3.);
#5716=DERIVED_UNIT_ELEMENT(#5736,1.);
#5717=DERIVED_UNIT_ELEMENT(#9778,-3.);
#5718=DERIVED_UNIT_ELEMENT(#5736,1.);
#5719=DERIVED_UNIT_ELEMENT(#9778,-3.);
#5720=DERIVED_UNIT_ELEMENT(#5736,1.);
#5721=DERIVED_UNIT_ELEMENT(#9778,-3.);
#5722=DERIVED_UNIT_ELEMENT(#5736,1.);
#5723=DERIVED_UNIT_ELEMENT(#9778,-3.);
#5724=DERIVED_UNIT_ELEMENT(#5736,1.);
#5725=DERIVED_UNIT_ELEMENT(#9778,-3.);
#5726=DERIVED_UNIT_ELEMENT(#5736,1.);
#5727=DERIVED_UNIT_ELEMENT(#9778,-3.);
#5728=DERIVED_UNIT_ELEMENT(#5736,1.);
#5729=DERIVED_UNIT_ELEMENT(#9778,-3.);
#5730=DERIVED_UNIT_ELEMENT(#5736,1.);
#5731=DERIVED_UNIT_ELEMENT(#9778,-3.);
#5732=DERIVED_UNIT_ELEMENT(#5736,1.);
#5733=DERIVED_UNIT_ELEMENT(#9778,-3.);
#5734=DERIVED_UNIT_ELEMENT(#5736,1.);
#5735=DERIVED_UNIT_ELEMENT(#9778,-3.);
#5736=(
MASS_UNIT()
NAMED_UNIT(*)
SI_UNIT(.KILO.,.GRAM.)
);
#5737=DERIVED_UNIT((#5712,#5713));
#5738=DERIVED_UNIT((#5714,#5715));
#5739=DERIVED_UNIT((#5716,#5717));
#5740=DERIVED_UNIT((#5718,#5719));
#5741=DERIVED_UNIT((#5720,#5721));
#5742=DERIVED_UNIT((#5722,#5723));
#5743=DERIVED_UNIT((#5724,#5725));
#5744=DERIVED_UNIT((#5726,#5727));
#5745=DERIVED_UNIT((#5728,#5729));
#5746=DERIVED_UNIT((#5730,#5731));
#5747=DERIVED_UNIT((#5732,#5733));
#5748=DERIVED_UNIT((#5734,#5735));
#5749=MEASURE_REPRESENTATION_ITEM('density measure',
POSITIVE_RATIO_MEASURE(7850.),#5737);
#5750=MEASURE_REPRESENTATION_ITEM('density measure',
POSITIVE_RATIO_MEASURE(7850.),#5738);
#5751=MEASURE_REPRESENTATION_ITEM('density measure',
POSITIVE_RATIO_MEASURE(7850.),#5739);
#5752=MEASURE_REPRESENTATION_ITEM('density measure',
POSITIVE_RATIO_MEASURE(7850.),#5740);
#5753=MEASURE_REPRESENTATION_ITEM('density measure',
POSITIVE_RATIO_MEASURE(1380.),#5741);
#5754=MEASURE_REPRESENTATION_ITEM('density measure',
POSITIVE_RATIO_MEASURE(7850.),#5742);
#5755=MEASURE_REPRESENTATION_ITEM('density measure',
POSITIVE_RATIO_MEASURE(7850.),#5743);
#5756=MEASURE_REPRESENTATION_ITEM('density measure',
POSITIVE_RATIO_MEASURE(7850.),#5744);
#5757=MEASURE_REPRESENTATION_ITEM('density measure',
POSITIVE_RATIO_MEASURE(7850.),#5745);
#5758=MEASURE_REPRESENTATION_ITEM('density measure',
POSITIVE_RATIO_MEASURE(7850.),#5746);
#5759=MEASURE_REPRESENTATION_ITEM('density measure',
POSITIVE_RATIO_MEASURE(7850.),#5747);
#5760=MEASURE_REPRESENTATION_ITEM('density measure',
POSITIVE_RATIO_MEASURE(7850.),#5748);
#5761=PROPERTY_DEFINITION_REPRESENTATION(#5821,#5785);
#5762=PROPERTY_DEFINITION_REPRESENTATION(#5822,#5786);
#5763=PROPERTY_DEFINITION_REPRESENTATION(#5823,#5787);
#5764=PROPERTY_DEFINITION_REPRESENTATION(#5824,#5788);
#5765=PROPERTY_DEFINITION_REPRESENTATION(#5825,#5789);
#5766=PROPERTY_DEFINITION_REPRESENTATION(#5826,#5790);
#5767=PROPERTY_DEFINITION_REPRESENTATION(#5827,#5791);
#5768=PROPERTY_DEFINITION_REPRESENTATION(#5828,#5792);
#5769=PROPERTY_DEFINITION_REPRESENTATION(#5829,#5793);
#5770=PROPERTY_DEFINITION_REPRESENTATION(#5830,#5794);
#5771=PROPERTY_DEFINITION_REPRESENTATION(#5831,#5795);
#5772=PROPERTY_DEFINITION_REPRESENTATION(#5832,#5796);
#5773=PROPERTY_DEFINITION_REPRESENTATION(#5833,#5797);
#5774=PROPERTY_DEFINITION_REPRESENTATION(#5834,#5798);
#5775=PROPERTY_DEFINITION_REPRESENTATION(#5835,#5799);
#5776=PROPERTY_DEFINITION_REPRESENTATION(#5836,#5800);
#5777=PROPERTY_DEFINITION_REPRESENTATION(#5837,#5801);
#5778=PROPERTY_DEFINITION_REPRESENTATION(#5838,#5802);
#5779=PROPERTY_DEFINITION_REPRESENTATION(#5839,#5803);
#5780=PROPERTY_DEFINITION_REPRESENTATION(#5840,#5804);
#5781=PROPERTY_DEFINITION_REPRESENTATION(#5841,#5805);
#5782=PROPERTY_DEFINITION_REPRESENTATION(#5842,#5806);
#5783=PROPERTY_DEFINITION_REPRESENTATION(#5843,#5807);
#5784=PROPERTY_DEFINITION_REPRESENTATION(#5844,#5808);
#5785=REPRESENTATION('material name',(#5809),#9764);
#5786=REPRESENTATION('density',(#5749),#9764);
#5787=REPRESENTATION('material name',(#5810),#9765);
#5788=REPRESENTATION('density',(#5750),#9765);
#5789=REPRESENTATION('material name',(#5811),#9766);
#5790=REPRESENTATION('density',(#5751),#9766);
#5791=REPRESENTATION('material name',(#5812),#9767);
#5792=REPRESENTATION('density',(#5752),#9767);
#5793=REPRESENTATION('material name',(#5813),#9768);
#5794=REPRESENTATION('density',(#5753),#9768);
#5795=REPRESENTATION('material name',(#5814),#9769);
#5796=REPRESENTATION('density',(#5754),#9769);
#5797=REPRESENTATION('material name',(#5815),#9770);
#5798=REPRESENTATION('density',(#5755),#9770);
#5799=REPRESENTATION('material name',(#5816),#9771);
#5800=REPRESENTATION('density',(#5756),#9771);
#5801=REPRESENTATION('material name',(#5817),#9772);
#5802=REPRESENTATION('density',(#5757),#9772);
#5803=REPRESENTATION('material name',(#5818),#9773);
#5804=REPRESENTATION('density',(#5758),#9773);
#5805=REPRESENTATION('material name',(#5819),#9774);
#5806=REPRESENTATION('density',(#5759),#9774);
#5807=REPRESENTATION('material name',(#5820),#9775);
#5808=REPRESENTATION('density',(#5760),#9775);
#5809=DESCRIPTIVE_REPRESENTATION_ITEM('Acero','Acero');
#5810=DESCRIPTIVE_REPRESENTATION_ITEM('Acero','Acero');
#5811=DESCRIPTIVE_REPRESENTATION_ITEM('Acero','Acero');
#5812=DESCRIPTIVE_REPRESENTATION_ITEM('Acero','Acero');
#5813=DESCRIPTIVE_REPRESENTATION_ITEM('Laminado, azul, mate',
'Laminado, azul, mate');
#5814=DESCRIPTIVE_REPRESENTATION_ITEM('Acero','Acero');
#5815=DESCRIPTIVE_REPRESENTATION_ITEM('Acero','Acero');
#5816=DESCRIPTIVE_REPRESENTATION_ITEM('Acero','Acero');
#5817=DESCRIPTIVE_REPRESENTATION_ITEM('Acero','Acero');
#5818=DESCRIPTIVE_REPRESENTATION_ITEM('Acero','Acero');
#5819=DESCRIPTIVE_REPRESENTATION_ITEM('Acero','Acero');
#5820=DESCRIPTIVE_REPRESENTATION_ITEM('Acero','Acero');
#5821=PROPERTY_DEFINITION('material property','material name',#9848);
#5822=PROPERTY_DEFINITION('material property','density of part',#9848);
#5823=PROPERTY_DEFINITION('material property','material name',#9849);
#5824=PROPERTY_DEFINITION('material property','density of part',#9849);
#5825=PROPERTY_DEFINITION('material property','material name',#9850);
#5826=PROPERTY_DEFINITION('material property','density of part',#9850);
#5827=PROPERTY_DEFINITION('material property','material name',#9851);
#5828=PROPERTY_DEFINITION('material property','density of part',#9851);
#5829=PROPERTY_DEFINITION('material property','material name',#9852);
#5830=PROPERTY_DEFINITION('material property','density of part',#9852);
#5831=PROPERTY_DEFINITION('material property','material name',#9853);
#5832=PROPERTY_DEFINITION('material property','density of part',#9853);
#5833=PROPERTY_DEFINITION('material property','material name',#9854);
#5834=PROPERTY_DEFINITION('material property','density of part',#9854);
#5835=PROPERTY_DEFINITION('material property','material name',#9855);
#5836=PROPERTY_DEFINITION('material property','density of part',#9855);
#5837=PROPERTY_DEFINITION('material property','material name',#9856);
#5838=PROPERTY_DEFINITION('material property','density of part',#9856);
#5839=PROPERTY_DEFINITION('material property','material name',#9857);
#5840=PROPERTY_DEFINITION('material property','density of part',#9857);
#5841=PROPERTY_DEFINITION('material property','material name',#9858);
#5842=PROPERTY_DEFINITION('material property','density of part',#9858);
#5843=PROPERTY_DEFINITION('material property','material name',#9859);
#5844=PROPERTY_DEFINITION('material property','density of part',#9859);
#5845=AXIS2_PLACEMENT_3D('',#8129,#6430,#6431);
#5846=AXIS2_PLACEMENT_3D('',#8130,#6432,#6433);
#5847=AXIS2_PLACEMENT_3D('',#8131,#6434,#6435);
#5848=AXIS2_PLACEMENT_3D('',#8133,#6436,#6437);
#5849=AXIS2_PLACEMENT_3D('',#8136,#6439,#6440);
#5850=AXIS2_PLACEMENT_3D('',#8137,#6441,#6442);
#5851=AXIS2_PLACEMENT_3D('',#8138,#6443,#6444);
#5852=AXIS2_PLACEMENT_3D('',#8140,#6445,#6446);
#5853=AXIS2_PLACEMENT_3D('',#8143,#6448,#6449);
#5854=AXIS2_PLACEMENT_3D('',#8144,#6450,#6451);
#5855=AXIS2_PLACEMENT_3D('',#8145,#6452,#6453);
#5856=AXIS2_PLACEMENT_3D('',#8147,#6454,#6455);
#5857=AXIS2_PLACEMENT_3D('',#8150,#6457,#6458);
#5858=AXIS2_PLACEMENT_3D('',#8151,#6459,#6460);
#5859=AXIS2_PLACEMENT_3D('',#8152,#6461,#6462);
#5860=AXIS2_PLACEMENT_3D('',#8154,#6463,#6464);
#5861=AXIS2_PLACEMENT_3D('',#8157,#6466,#6467);
#5862=AXIS2_PLACEMENT_3D('',#8158,#6468,#6469);
#5863=AXIS2_PLACEMENT_3D('',#8159,#6470,#6471);
#5864=AXIS2_PLACEMENT_3D('',#8161,#6472,#6473);
#5865=AXIS2_PLACEMENT_3D('',#8164,#6475,#6476);
#5866=AXIS2_PLACEMENT_3D('',#8165,#6477,#6478);
#5867=AXIS2_PLACEMENT_3D('',#8167,#6479,#6480);
#5868=AXIS2_PLACEMENT_3D('',#8170,#6482,#6483);
#5869=AXIS2_PLACEMENT_3D('',#8171,#6484,#6485);
#5870=AXIS2_PLACEMENT_3D('',#8173,#6486,#6487);
#5871=AXIS2_PLACEMENT_3D('',#8176,#6489,#6490);
#5872=AXIS2_PLACEMENT_3D('',#8177,#6491,#6492);
#5873=AXIS2_PLACEMENT_3D('',#8179,#6493,#6494);
#5874=AXIS2_PLACEMENT_3D('',#8182,#6496,#6497);
#5875=AXIS2_PLACEMENT_3D('',#8183,#6498,#6499);
#5876=AXIS2_PLACEMENT_3D('',#8185,#6500,#6501);
#5877=AXIS2_PLACEMENT_3D('',#8188,#6503,#6504);
#5878=AXIS2_PLACEMENT_3D('',#8189,#6505,#6506);
#5879=AXIS2_PLACEMENT_3D('',#8191,#6507,#6508);
#5880=AXIS2_PLACEMENT_3D('',#8194,#6510,#6511);
#5881=AXIS2_PLACEMENT_3D('',#8195,#6512,#6513);
#5882=AXIS2_PLACEMENT_3D('',#8197,#6514,#6515);
#5883=AXIS2_PLACEMENT_3D('',#8200,#6517,#6518);
#5884=AXIS2_PLACEMENT_3D('',#8201,#6519,#6520);
#5885=AXIS2_PLACEMENT_3D('',#8203,#6521,#6522);
#5886=AXIS2_PLACEMENT_3D('',#8206,#6524,#6525);
#5887=AXIS2_PLACEMENT_3D('',#8207,#6526,#6527);
#5888=AXIS2_PLACEMENT_3D('',#8210,#6528,#6529);
#5889=AXIS2_PLACEMENT_3D('',#8214,#6531,#6532);
#5890=AXIS2_PLACEMENT_3D('',#8216,#6534,#6535);
#5891=AXIS2_PLACEMENT_3D('',#8222,#6539,#6540);
#5892=AXIS2_PLACEMENT_3D('',#8226,#6542,#6543);
#5893=AXIS2_PLACEMENT_3D('',#8238,#6550,#6551);
#5894=AXIS2_PLACEMENT_3D('',#8241,#6552,#6553);
#5895=AXIS2_PLACEMENT_3D('',#8244,#6556,#6557);
#5896=AXIS2_PLACEMENT_3D('',#8248,#6560,#6561);
#5897=AXIS2_PLACEMENT_3D('',#8250,#6562,#6563);
#5898=AXIS2_PLACEMENT_3D('',#8253,#6565,#6566);
#5899=AXIS2_PLACEMENT_3D('',#8254,#6567,#6568);
#5900=AXIS2_PLACEMENT_3D('',#8255,#6569,#6570);
#5901=AXIS2_PLACEMENT_3D('',#8257,#6571,#6572);
#5902=AXIS2_PLACEMENT_3D('',#8260,#6574,#6575);
#5903=AXIS2_PLACEMENT_3D('',#8261,#6576,#6577);
#5904=AXIS2_PLACEMENT_3D('',#8262,#6578,#6579);
#5905=AXIS2_PLACEMENT_3D('',#8264,#6580,#6581);
#5906=AXIS2_PLACEMENT_3D('',#8267,#6583,#6584);
#5907=AXIS2_PLACEMENT_3D('',#8268,#6585,#6586);
#5908=AXIS2_PLACEMENT_3D('',#8269,#6587,#6588);
#5909=AXIS2_PLACEMENT_3D('',#8271,#6589,#6590);
#5910=AXIS2_PLACEMENT_3D('',#8274,#6592,#6593);
#5911=AXIS2_PLACEMENT_3D('',#8275,#6594,#6595);
#5912=AXIS2_PLACEMENT_3D('',#8276,#6596,#6597);
#5913=AXIS2_PLACEMENT_3D('',#8282,#6601,#6602);
#5914=AXIS2_PLACEMENT_3D('',#8286,#6605,#6606);
#5915=AXIS2_PLACEMENT_3D('',#8290,#6609,#6610);
#5916=AXIS2_PLACEMENT_3D('',#8292,#6612,#6613);
#5917=AXIS2_PLACEMENT_3D('',#8294,#6615,#6616);
#5918=AXIS2_PLACEMENT_3D('',#8296,#6618,#6619);
#5919=AXIS2_PLACEMENT_3D('',#8297,#6620,#6621);
#5920=AXIS2_PLACEMENT_3D('',#8298,#6622,#6623);
#5921=AXIS2_PLACEMENT_3D('',#8307,#6628,#6629);
#5922=AXIS2_PLACEMENT_3D('',#8313,#6633,#6634);
#5923=AXIS2_PLACEMENT_3D('',#8319,#6638,#6639);
#5924=AXIS2_PLACEMENT_3D('',#8322,#6642,#6643);
#5925=AXIS2_PLACEMENT_3D('',#8323,#6644,#6645);
#5926=AXIS2_PLACEMENT_3D('',#8325,#6646,#6647);
#5927=AXIS2_PLACEMENT_3D('',#8328,#6649,#6650);
#5928=AXIS2_PLACEMENT_3D('',#8329,#6651,#6652);
#5929=AXIS2_PLACEMENT_3D('',#8330,#6653,#6654);
#5930=AXIS2_PLACEMENT_3D('',#8332,#6655,#6656);
#5931=AXIS2_PLACEMENT_3D('',#8335,#6658,#6659);
#5932=AXIS2_PLACEMENT_3D('',#8336,#6660,#6661);
#5933=AXIS2_PLACEMENT_3D('',#8337,#6662,#6663);
#5934=AXIS2_PLACEMENT_3D('',#8339,#6664,#6665);
#5935=AXIS2_PLACEMENT_3D('',#8342,#6667,#6668);
#5936=AXIS2_PLACEMENT_3D('',#8343,#6669,#6670);
#5937=AXIS2_PLACEMENT_3D('',#8344,#6671,#6672);
#5938=AXIS2_PLACEMENT_3D('',#8346,#6673,#6674);
#5939=AXIS2_PLACEMENT_3D('',#8349,#6676,#6677);
#5940=AXIS2_PLACEMENT_3D('',#8350,#6678,#6679);
#5941=AXIS2_PLACEMENT_3D('',#8351,#6680,#6681);
#5942=AXIS2_PLACEMENT_3D('',#8360,#6686,#6687);
#5943=AXIS2_PLACEMENT_3D('',#8366,#6691,#6692);
#5944=AXIS2_PLACEMENT_3D('',#8370,#6695,#6696);
#5945=AXIS2_PLACEMENT_3D('',#8374,#6699,#6700);
#5946=AXIS2_PLACEMENT_3D('',#8376,#6702,#6703);
#5947=AXIS2_PLACEMENT_3D('',#8377,#6704,#6705);
#5948=AXIS2_PLACEMENT_3D('',#8379,#6706,#6707);
#5949=AXIS2_PLACEMENT_3D('',#8382,#6709,#6710);
#5950=AXIS2_PLACEMENT_3D('',#8383,#6711,#6712);
#5951=AXIS2_PLACEMENT_3D('',#8385,#6713,#6714);
#5952=AXIS2_PLACEMENT_3D('',#8388,#6716,#6717);
#5953=AXIS2_PLACEMENT_3D('',#8389,#6718,#6719);
#5954=AXIS2_PLACEMENT_3D('',#8390,#6720,#6721);
#5955=AXIS2_PLACEMENT_3D('',#8391,#6722,#6723);
#5956=AXIS2_PLACEMENT_3D('',#8392,#6724,#6725);
#5957=AXIS2_PLACEMENT_3D('',#8394,#6726,#6727);
#5958=AXIS2_PLACEMENT_3D('',#8397,#6729,#6730);
#5959=AXIS2_PLACEMENT_3D('',#8398,#6731,#6732);
#5960=AXIS2_PLACEMENT_3D('',#8399,#6733,#6734);
#5961=AXIS2_PLACEMENT_3D('',#8402,#6735,#6736);
#5962=AXIS2_PLACEMENT_3D('',#8406,#6738,#6739);
#5963=AXIS2_PLACEMENT_3D('',#8408,#6741,#6742);
#5964=AXIS2_PLACEMENT_3D('',#8414,#6746,#6747);
#5965=AXIS2_PLACEMENT_3D('',#8416,#6748,#6749);
#5966=AXIS2_PLACEMENT_3D('',#8419,#6751,#6752);
#5967=AXIS2_PLACEMENT_3D('',#8420,#6753,#6754);
#5968=AXIS2_PLACEMENT_3D('',#8423,#6757,#6758);
#5969=AXIS2_PLACEMENT_3D('',#8426,#6759,#6760);
#5970=AXIS2_PLACEMENT_3D('',#8430,#6762,#6763);
#5971=AXIS2_PLACEMENT_3D('',#8432,#6765,#6766);
#5972=AXIS2_PLACEMENT_3D('',#8438,#6770,#6771);
#5973=AXIS2_PLACEMENT_3D('',#8440,#6772,#6773);
#5974=AXIS2_PLACEMENT_3D('',#8443,#6775,#6776);
#5975=AXIS2_PLACEMENT_3D('',#8444,#6777,#6778);
#5976=AXIS2_PLACEMENT_3D('',#8447,#6781,#6782);
#5977=AXIS2_PLACEMENT_3D('',#8450,#6783,#6784);
#5978=AXIS2_PLACEMENT_3D('',#8454,#6786,#6787);
#5979=AXIS2_PLACEMENT_3D('',#8456,#6789,#6790);
#5980=AXIS2_PLACEMENT_3D('',#8462,#6794,#6795);
#5981=AXIS2_PLACEMENT_3D('',#8464,#6796,#6797);
#5982=AXIS2_PLACEMENT_3D('',#8467,#6799,#6800);
#5983=AXIS2_PLACEMENT_3D('',#8468,#6801,#6802);
#5984=AXIS2_PLACEMENT_3D('',#8471,#6805,#6806);
#5985=AXIS2_PLACEMENT_3D('',#8474,#6807,#6808);
#5986=AXIS2_PLACEMENT_3D('',#8478,#6810,#6811);
#5987=AXIS2_PLACEMENT_3D('',#8480,#6813,#6814);
#5988=AXIS2_PLACEMENT_3D('',#8486,#6818,#6819);
#5989=AXIS2_PLACEMENT_3D('',#8488,#6820,#6821);
#5990=AXIS2_PLACEMENT_3D('',#8491,#6823,#6824);
#5991=AXIS2_PLACEMENT_3D('',#8492,#6825,#6826);
#5992=AXIS2_PLACEMENT_3D('',#8495,#6829,#6830);
#5993=AXIS2_PLACEMENT_3D('',#8498,#6831,#6832);
#5994=AXIS2_PLACEMENT_3D('',#8502,#6834,#6835);
#5995=AXIS2_PLACEMENT_3D('',#8504,#6837,#6838);
#5996=AXIS2_PLACEMENT_3D('',#8510,#6842,#6843);
#5997=AXIS2_PLACEMENT_3D('',#8512,#6844,#6845);
#5998=AXIS2_PLACEMENT_3D('',#8515,#6847,#6848);
#5999=AXIS2_PLACEMENT_3D('',#8516,#6849,#6850);
#6000=AXIS2_PLACEMENT_3D('',#8519,#6853,#6854);
#6001=AXIS2_PLACEMENT_3D('',#8522,#6855,#6856);
#6002=AXIS2_PLACEMENT_3D('',#8526,#6858,#6859);
#6003=AXIS2_PLACEMENT_3D('',#8528,#6861,#6862);
#6004=AXIS2_PLACEMENT_3D('',#8534,#6866,#6867);
#6005=AXIS2_PLACEMENT_3D('',#8536,#6868,#6869);
#6006=AXIS2_PLACEMENT_3D('',#8539,#6871,#6872);
#6007=AXIS2_PLACEMENT_3D('',#8540,#6873,#6874);
#6008=AXIS2_PLACEMENT_3D('',#8543,#6877,#6878);
#6009=AXIS2_PLACEMENT_3D('',#8552,#6883,#6884);
#6010=AXIS2_PLACEMENT_3D('',#8554,#6885,#6886);
#6011=AXIS2_PLACEMENT_3D('',#8557,#6888,#6889);
#6012=AXIS2_PLACEMENT_3D('',#8558,#6890,#6891);
#6013=AXIS2_PLACEMENT_3D('',#8564,#6895,#6896);
#6014=AXIS2_PLACEMENT_3D('',#8565,#6897,#6898);
#6015=AXIS2_PLACEMENT_3D('',#8566,#6899,#6900);
#6016=AXIS2_PLACEMENT_3D('',#8567,#6901,#6902);
#6017=AXIS2_PLACEMENT_3D('',#8570,#6903,#6904);
#6018=AXIS2_PLACEMENT_3D('',#8574,#6906,#6907);
#6019=AXIS2_PLACEMENT_3D('',#8576,#6909,#6910);
#6020=AXIS2_PLACEMENT_3D('',#8582,#6914,#6915);
#6021=AXIS2_PLACEMENT_3D('',#8584,#6916,#6917);
#6022=AXIS2_PLACEMENT_3D('',#8587,#6919,#6920);
#6023=AXIS2_PLACEMENT_3D('',#8588,#6921,#6922);
#6024=AXIS2_PLACEMENT_3D('',#8591,#6925,#6926);
#6025=AXIS2_PLACEMENT_3D('',#8594,#6927,#6928);
#6026=AXIS2_PLACEMENT_3D('',#8598,#6930,#6931);
#6027=AXIS2_PLACEMENT_3D('',#8600,#6933,#6934);
#6028=AXIS2_PLACEMENT_3D('',#8606,#6938,#6939);
#6029=AXIS2_PLACEMENT_3D('',#8608,#6940,#6941);
#6030=AXIS2_PLACEMENT_3D('',#8611,#6943,#6944);
#6031=AXIS2_PLACEMENT_3D('',#8612,#6945,#6946);
#6032=AXIS2_PLACEMENT_3D('',#8615,#6949,#6950);
#6033=AXIS2_PLACEMENT_3D('',#8618,#6951,#6952);
#6034=AXIS2_PLACEMENT_3D('',#8622,#6954,#6955);
#6035=AXIS2_PLACEMENT_3D('',#8624,#6957,#6958);
#6036=AXIS2_PLACEMENT_3D('',#8630,#6962,#6963);
#6037=AXIS2_PLACEMENT_3D('',#8632,#6964,#6965);
#6038=AXIS2_PLACEMENT_3D('',#8635,#6967,#6968);
#6039=AXIS2_PLACEMENT_3D('',#8636,#6969,#6970);
#6040=AXIS2_PLACEMENT_3D('',#8639,#6973,#6974);
#6041=AXIS2_PLACEMENT_3D('',#8648,#6979,#6980);
#6042=AXIS2_PLACEMENT_3D('',#8654,#6984,#6985);
#6043=AXIS2_PLACEMENT_3D('',#8660,#6989,#6990);
#6044=AXIS2_PLACEMENT_3D('',#8669,#6995,#6996);
#6045=AXIS2_PLACEMENT_3D('',#8675,#7000,#7001);
#6046=AXIS2_PLACEMENT_3D('',#8681,#7005,#7006);
#6047=AXIS2_PLACEMENT_3D('',#8690,#7011,#7012);
#6048=AXIS2_PLACEMENT_3D('',#8696,#7016,#7017);
#6049=AXIS2_PLACEMENT_3D('',#8702,#7021,#7022);
#6050=AXIS2_PLACEMENT_3D('',#8711,#7027,#7028);
#6051=AXIS2_PLACEMENT_3D('',#8717,#7032,#7033);
#6052=AXIS2_PLACEMENT_3D('',#8723,#7037,#7038);
#6053=AXIS2_PLACEMENT_3D('',#8732,#7043,#7044);
#6054=AXIS2_PLACEMENT_3D('',#8738,#7048,#7049);
#6055=AXIS2_PLACEMENT_3D('',#8744,#7053,#7054);
#6056=AXIS2_PLACEMENT_3D('',#8753,#7059,#7060);
#6057=AXIS2_PLACEMENT_3D('',#8759,#7064,#7065);
#6058=AXIS2_PLACEMENT_3D('',#8765,#7069,#7070);
#6059=AXIS2_PLACEMENT_3D('',#8774,#7075,#7076);
#6060=AXIS2_PLACEMENT_3D('',#8780,#7080,#7081);
#6061=AXIS2_PLACEMENT_3D('',#8786,#7085,#7086);
#6062=AXIS2_PLACEMENT_3D('',#8795,#7091,#7092);
#6063=AXIS2_PLACEMENT_3D('',#8801,#7096,#7097);
#6064=AXIS2_PLACEMENT_3D('',#8807,#7101,#7102);
#6065=AXIS2_PLACEMENT_3D('',#8816,#7107,#7108);
#6066=AXIS2_PLACEMENT_3D('',#8822,#7112,#7113);
#6067=AXIS2_PLACEMENT_3D('',#8828,#7117,#7118);
#6068=AXIS2_PLACEMENT_3D('',#8837,#7123,#7124);
#6069=AXIS2_PLACEMENT_3D('',#8843,#7128,#7129);
#6070=AXIS2_PLACEMENT_3D('',#8849,#7133,#7134);
#6071=AXIS2_PLACEMENT_3D('',#8858,#7139,#7140);
#6072=AXIS2_PLACEMENT_3D('',#8864,#7144,#7145);
#6073=AXIS2_PLACEMENT_3D('',#8870,#7149,#7150);
#6074=AXIS2_PLACEMENT_3D('',#8879,#7155,#7156);
#6075=AXIS2_PLACEMENT_3D('',#8885,#7160,#7161);
#6076=AXIS2_PLACEMENT_3D('',#8891,#7165,#7166);
#6077=AXIS2_PLACEMENT_3D('',#8900,#7171,#7172);
#6078=AXIS2_PLACEMENT_3D('',#8906,#7176,#7177);
#6079=AXIS2_PLACEMENT_3D('',#8912,#7181,#7182);
#6080=AXIS2_PLACEMENT_3D('',#8921,#7187,#7188);
#6081=AXIS2_PLACEMENT_3D('',#8927,#7192,#7193);
#6082=AXIS2_PLACEMENT_3D('',#8933,#7197,#7198);
#6083=AXIS2_PLACEMENT_3D('',#8942,#7203,#7204);
#6084=AXIS2_PLACEMENT_3D('',#8948,#7208,#7209);
#6085=AXIS2_PLACEMENT_3D('',#8954,#7213,#7214);
#6086=AXIS2_PLACEMENT_3D('',#8963,#7219,#7220);
#6087=AXIS2_PLACEMENT_3D('',#8969,#7224,#7225);
#6088=AXIS2_PLACEMENT_3D('',#8975,#7229,#7230);
#6089=AXIS2_PLACEMENT_3D('',#8984,#7235,#7236);
#6090=AXIS2_PLACEMENT_3D('',#8990,#7240,#7241);
#6091=AXIS2_PLACEMENT_3D('',#8996,#7245,#7246);
#6092=AXIS2_PLACEMENT_3D('',#9005,#7251,#7252);
#6093=AXIS2_PLACEMENT_3D('',#9011,#7256,#7257);
#6094=AXIS2_PLACEMENT_3D('',#9017,#7261,#7262);
#6095=AXIS2_PLACEMENT_3D('',#9026,#7267,#7268);
#6096=AXIS2_PLACEMENT_3D('',#9032,#7272,#7273);
#6097=AXIS2_PLACEMENT_3D('',#9038,#7277,#7278);
#6098=AXIS2_PLACEMENT_3D('',#9047,#7283,#7284);
#6099=AXIS2_PLACEMENT_3D('',#9053,#7288,#7289);
#6100=AXIS2_PLACEMENT_3D('',#9059,#7293,#7294);
#6101=AXIS2_PLACEMENT_3D('',#9068,#7299,#7300);
#6102=AXIS2_PLACEMENT_3D('',#9074,#7304,#7305);
#6103=AXIS2_PLACEMENT_3D('',#9080,#7309,#7310);
#6104=AXIS2_PLACEMENT_3D('',#9089,#7315,#7316);
#6105=AXIS2_PLACEMENT_3D('',#9095,#7320,#7321);
#6106=AXIS2_PLACEMENT_3D('',#9101,#7325,#7326);
#6107=AXIS2_PLACEMENT_3D('',#9110,#7331,#7332);
#6108=AXIS2_PLACEMENT_3D('',#9116,#7336,#7337);
#6109=AXIS2_PLACEMENT_3D('',#9122,#7341,#7342);
#6110=AXIS2_PLACEMENT_3D('',#9131,#7347,#7348);
#6111=AXIS2_PLACEMENT_3D('',#9137,#7352,#7353);
#6112=AXIS2_PLACEMENT_3D('',#9143,#7357,#7358);
#6113=AXIS2_PLACEMENT_3D('',#9144,#7359,#7360);
#6114=AXIS2_PLACEMENT_3D('',#9145,#7361,#7362);
#6115=AXIS2_PLACEMENT_3D('',#9146,#7363,#7364);
#6116=AXIS2_PLACEMENT_3D('',#9147,#7365,#7366);
#6117=AXIS2_PLACEMENT_3D('',#9148,#7367,#7368);
#6118=AXIS2_PLACEMENT_3D('',#9149,#7369,#7370);
#6119=AXIS2_PLACEMENT_3D('',#9150,#7371,#7372);
#6120=AXIS2_PLACEMENT_3D('',#9151,#7373,#7374);
#6121=AXIS2_PLACEMENT_3D('',#9152,#7375,#7376);
#6122=AXIS2_PLACEMENT_3D('',#9153,#7377,#7378);
#6123=AXIS2_PLACEMENT_3D('',#9154,#7379,#7380);
#6124=AXIS2_PLACEMENT_3D('',#9155,#7381,#7382);
#6125=AXIS2_PLACEMENT_3D('',#9156,#7383,#7384);
#6126=AXIS2_PLACEMENT_3D('',#9157,#7385,#7386);
#6127=AXIS2_PLACEMENT_3D('',#9158,#7387,#7388);
#6128=AXIS2_PLACEMENT_3D('',#9159,#7389,#7390);
#6129=AXIS2_PLACEMENT_3D('',#9160,#7391,#7392);
#6130=AXIS2_PLACEMENT_3D('',#9161,#7393,#7394);
#6131=AXIS2_PLACEMENT_3D('',#9162,#7395,#7396);
#6132=AXIS2_PLACEMENT_3D('',#9163,#7397,#7398);
#6133=AXIS2_PLACEMENT_3D('',#9164,#7399,#7400);
#6134=AXIS2_PLACEMENT_3D('',#9165,#7401,#7402);
#6135=AXIS2_PLACEMENT_3D('',#9166,#7403,#7404);
#6136=AXIS2_PLACEMENT_3D('',#9167,#7405,#7406);
#6137=AXIS2_PLACEMENT_3D('',#9168,#7407,#7408);
#6138=AXIS2_PLACEMENT_3D('',#9169,#7409,#7410);
#6139=AXIS2_PLACEMENT_3D('',#9170,#7411,#7412);
#6140=AXIS2_PLACEMENT_3D('',#9171,#7413,#7414);
#6141=AXIS2_PLACEMENT_3D('',#9172,#7415,#7416);
#6142=AXIS2_PLACEMENT_3D('',#9173,#7417,#7418);
#6143=AXIS2_PLACEMENT_3D('',#9174,#7419,#7420);
#6144=AXIS2_PLACEMENT_3D('',#9175,#7421,#7422);
#6145=AXIS2_PLACEMENT_3D('',#9176,#7423,#7424);
#6146=AXIS2_PLACEMENT_3D('',#9177,#7425,#7426);
#6147=AXIS2_PLACEMENT_3D('',#9178,#7427,#7428);
#6148=AXIS2_PLACEMENT_3D('',#9179,#7429,#7430);
#6149=AXIS2_PLACEMENT_3D('',#9180,#7431,#7432);
#6150=AXIS2_PLACEMENT_3D('',#9181,#7433,#7434);
#6151=AXIS2_PLACEMENT_3D('',#9182,#7435,#7436);
#6152=AXIS2_PLACEMENT_3D('',#9183,#7437,#7438);
#6153=AXIS2_PLACEMENT_3D('',#9184,#7439,#7440);
#6154=AXIS2_PLACEMENT_3D('',#9185,#7441,#7442);
#6155=AXIS2_PLACEMENT_3D('',#9186,#7443,#7444);
#6156=AXIS2_PLACEMENT_3D('',#9187,#7445,#7446);
#6157=AXIS2_PLACEMENT_3D('',#9188,#7447,#7448);
#6158=AXIS2_PLACEMENT_3D('',#9189,#7449,#7450);
#6159=AXIS2_PLACEMENT_3D('',#9190,#7451,#7452);
#6160=AXIS2_PLACEMENT_3D('',#9191,#7453,#7454);
#6161=AXIS2_PLACEMENT_3D('',#9192,#7455,#7456);
#6162=AXIS2_PLACEMENT_3D('',#9193,#7457,#7458);
#6163=AXIS2_PLACEMENT_3D('',#9194,#7459,#7460);
#6164=AXIS2_PLACEMENT_3D('',#9195,#7461,#7462);
#6165=AXIS2_PLACEMENT_3D('',#9196,#7463,#7464);
#6166=AXIS2_PLACEMENT_3D('',#9197,#7465,#7466);
#6167=AXIS2_PLACEMENT_3D('',#9198,#7467,#7468);
#6168=AXIS2_PLACEMENT_3D('',#9199,#7469,#7470);
#6169=AXIS2_PLACEMENT_3D('',#9200,#7471,#7472);
#6170=AXIS2_PLACEMENT_3D('',#9201,#7473,#7474);
#6171=AXIS2_PLACEMENT_3D('',#9202,#7475,#7476);
#6172=AXIS2_PLACEMENT_3D('',#9203,#7477,#7478);
#6173=AXIS2_PLACEMENT_3D('',#9204,#7479,#7480);
#6174=AXIS2_PLACEMENT_3D('',#9205,#7481,#7482);
#6175=AXIS2_PLACEMENT_3D('',#9206,#7483,#7484);
#6176=AXIS2_PLACEMENT_3D('',#9207,#7485,#7486);
#6177=AXIS2_PLACEMENT_3D('',#9208,#7487,#7488);
#6178=AXIS2_PLACEMENT_3D('',#9209,#7489,#7490);
#6179=AXIS2_PLACEMENT_3D('',#9210,#7491,#7492);
#6180=AXIS2_PLACEMENT_3D('',#9211,#7493,#7494);
#6181=AXIS2_PLACEMENT_3D('',#9212,#7495,#7496);
#6182=AXIS2_PLACEMENT_3D('',#9213,#7497,#7498);
#6183=AXIS2_PLACEMENT_3D('',#9214,#7499,#7500);
#6184=AXIS2_PLACEMENT_3D('',#9215,#7501,#7502);
#6185=AXIS2_PLACEMENT_3D('',#9216,#7503,#7504);
#6186=AXIS2_PLACEMENT_3D('',#9217,#7505,#7506);
#6187=AXIS2_PLACEMENT_3D('',#9218,#7507,#7508);
#6188=AXIS2_PLACEMENT_3D('',#9220,#7509,#7510);
#6189=AXIS2_PLACEMENT_3D('',#9223,#7512,#7513);
#6190=AXIS2_PLACEMENT_3D('',#9224,#7514,#7515);
#6191=AXIS2_PLACEMENT_3D('',#9226,#7516,#7517);
#6192=AXIS2_PLACEMENT_3D('',#9229,#7519,#7520);
#6193=AXIS2_PLACEMENT_3D('',#9230,#7521,#7522);
#6194=AXIS2_PLACEMENT_3D('',#9231,#7523,#7524);
#6195=AXIS2_PLACEMENT_3D('',#9232,#7525,#7526);
#6196=AXIS2_PLACEMENT_3D('',#9234,#7527,#7528);
#6197=AXIS2_PLACEMENT_3D('',#9237,#7530,#7531);
#6198=AXIS2_PLACEMENT_3D('',#9238,#7532,#7533);
#6199=AXIS2_PLACEMENT_3D('',#9239,#7534,#7535);
#6200=AXIS2_PLACEMENT_3D('',#9240,#7536,#7537);
#6201=AXIS2_PLACEMENT_3D('',#9242,#7538,#7539);
#6202=AXIS2_PLACEMENT_3D('',#9244,#7540,#7541);
#6203=AXIS2_PLACEMENT_3D('',#9245,#7542,#7543);
#6204=AXIS2_PLACEMENT_3D('',#9247,#7544,#7545);
#6205=AXIS2_PLACEMENT_3D('',#9248,#7546,#7547);
#6206=AXIS2_PLACEMENT_3D('',#9250,#7549,#7550);
#6207=AXIS2_PLACEMENT_3D('',#9252,#7551,#7552);
#6208=AXIS2_PLACEMENT_3D('',#9253,#7553,#7554);
#6209=AXIS2_PLACEMENT_3D('',#9255,#7556,#7557);
#6210=AXIS2_PLACEMENT_3D('',#9256,#7558,#7559);
#6211=AXIS2_PLACEMENT_3D('',#9265,#7564,#7565);
#6212=AXIS2_PLACEMENT_3D('',#9271,#7569,#7570);
#6213=AXIS2_PLACEMENT_3D('',#9277,#7574,#7575);
#6214=AXIS2_PLACEMENT_3D('',#9280,#7578,#7579);
#6215=AXIS2_PLACEMENT_3D('',#9281,#7580,#7581);
#6216=AXIS2_PLACEMENT_3D('',#9282,#7582,#7583);
#6217=AXIS2_PLACEMENT_3D('',#9283,#7584,#7585);
#6218=AXIS2_PLACEMENT_3D('',#9292,#7590,#7591);
#6219=AXIS2_PLACEMENT_3D('',#9298,#7595,#7596);
#6220=AXIS2_PLACEMENT_3D('',#9304,#7600,#7601);
#6221=AXIS2_PLACEMENT_3D('',#9307,#7604,#7605);
#6222=AXIS2_PLACEMENT_3D('',#9308,#7606,#7607);
#6223=AXIS2_PLACEMENT_3D('',#9309,#7608,#7609);
#6224=AXIS2_PLACEMENT_3D('',#9310,#7610,#7611);
#6225=AXIS2_PLACEMENT_3D('',#9312,#7612,#7613);
#6226=AXIS2_PLACEMENT_3D('',#9315,#7615,#7616);
#6227=AXIS2_PLACEMENT_3D('',#9316,#7617,#7618);
#6228=AXIS2_PLACEMENT_3D('',#9317,#7619,#7620);
#6229=AXIS2_PLACEMENT_3D('',#9318,#7621,#7622);
#6230=AXIS2_PLACEMENT_3D('',#9319,#7623,#7624);
#6231=AXIS2_PLACEMENT_3D('',#9328,#7629,#7630);
#6232=AXIS2_PLACEMENT_3D('',#9334,#7634,#7635);
#6233=AXIS2_PLACEMENT_3D('',#9340,#7639,#7640);
#6234=AXIS2_PLACEMENT_3D('',#9343,#7643,#7644);
#6235=AXIS2_PLACEMENT_3D('',#9344,#7645,#7646);
#6236=AXIS2_PLACEMENT_3D('',#9345,#7647,#7648);
#6237=AXIS2_PLACEMENT_3D('',#9346,#7649,#7650);
#6238=AXIS2_PLACEMENT_3D('',#9348,#7651,#7652);
#6239=AXIS2_PLACEMENT_3D('',#9351,#7654,#7655);
#6240=AXIS2_PLACEMENT_3D('',#9352,#7656,#7657);
#6241=AXIS2_PLACEMENT_3D('',#9353,#7658,#7659);
#6242=AXIS2_PLACEMENT_3D('',#9355,#7660,#7661);
#6243=AXIS2_PLACEMENT_3D('',#9358,#7663,#7664);
#6244=AXIS2_PLACEMENT_3D('',#9359,#7665,#7666);
#6245=AXIS2_PLACEMENT_3D('',#9360,#7667,#7668);
#6246=AXIS2_PLACEMENT_3D('',#9361,#7669,#7670);
#6247=AXIS2_PLACEMENT_3D('',#9363,#7671,#7672);
#6248=AXIS2_PLACEMENT_3D('',#9366,#7674,#7675);
#6249=AXIS2_PLACEMENT_3D('',#9367,#7676,#7677);
#6250=AXIS2_PLACEMENT_3D('',#9368,#7678,#7679);
#6251=AXIS2_PLACEMENT_3D('',#9369,#7680,#7681);
#6252=AXIS2_PLACEMENT_3D('',#9370,#7682,#7683);
#6253=AXIS2_PLACEMENT_3D('',#9372,#7684,#7685);
#6254=AXIS2_PLACEMENT_3D('',#9375,#7687,#7688);
#6255=AXIS2_PLACEMENT_3D('',#9376,#7689,#7690);
#6256=AXIS2_PLACEMENT_3D('',#9378,#7691,#7692);
#6257=AXIS2_PLACEMENT_3D('',#9381,#7694,#7695);
#6258=AXIS2_PLACEMENT_3D('',#9382,#7696,#7697);
#6259=AXIS2_PLACEMENT_3D('',#9384,#7698,#7699);
#6260=AXIS2_PLACEMENT_3D('',#9387,#7701,#7702);
#6261=AXIS2_PLACEMENT_3D('',#9388,#7703,#7704);
#6262=AXIS2_PLACEMENT_3D('',#9390,#7705,#7706);
#6263=AXIS2_PLACEMENT_3D('',#9393,#7708,#7709);
#6264=AXIS2_PLACEMENT_3D('',#9394,#7710,#7711);
#6265=AXIS2_PLACEMENT_3D('',#9397,#7712,#7713);
#6266=AXIS2_PLACEMENT_3D('',#9401,#7715,#7716);
#6267=AXIS2_PLACEMENT_3D('',#9403,#7718,#7719);
#6268=AXIS2_PLACEMENT_3D('',#9409,#7723,#7724);
#6269=AXIS2_PLACEMENT_3D('',#9413,#7726,#7727);
#6270=AXIS2_PLACEMENT_3D('',#9417,#7729,#7730);
#6271=AXIS2_PLACEMENT_3D('',#9420,#7732,#7733);
#6272=AXIS2_PLACEMENT_3D('',#9421,#7734,#7735);
#6273=AXIS2_PLACEMENT_3D('',#9424,#7736,#7737);
#6274=AXIS2_PLACEMENT_3D('',#9427,#7740,#7741);
#6275=AXIS2_PLACEMENT_3D('',#9431,#7744,#7745);
#6276=AXIS2_PLACEMENT_3D('',#9433,#7746,#7747);
#6277=AXIS2_PLACEMENT_3D('',#9435,#7749,#7750);
#6278=AXIS2_PLACEMENT_3D('',#9437,#7751,#7752);
#6279=AXIS2_PLACEMENT_3D('',#9439,#7754,#7755);
#6280=AXIS2_PLACEMENT_3D('',#9441,#7757,#7758);
#6281=AXIS2_PLACEMENT_3D('',#9443,#7760,#7761);
#6282=AXIS2_PLACEMENT_3D('',#9444,#7762,#7763);
#6283=AXIS2_PLACEMENT_3D('',#9445,#7764,#7765);
#6284=AXIS2_PLACEMENT_3D('',#9447,#7766,#7767);
#6285=AXIS2_PLACEMENT_3D('',#9450,#7769,#7770);
#6286=AXIS2_PLACEMENT_3D('',#9451,#7771,#7772);
#6287=AXIS2_PLACEMENT_3D('',#9452,#7773,#7774);
#6288=AXIS2_PLACEMENT_3D('',#9454,#7775,#7776);
#6289=AXIS2_PLACEMENT_3D('',#9455,#7777,#7778);
#6290=AXIS2_PLACEMENT_3D('',#9457,#7779,#7780);
#6291=AXIS2_PLACEMENT_3D('',#9458,#7781,#7782);
#6292=AXIS2_PLACEMENT_3D('',#9460,#7783,#7784);
#6293=AXIS2_PLACEMENT_3D('',#9463,#7786,#7787);
#6294=AXIS2_PLACEMENT_3D('',#9464,#7788,#7789);
#6295=AXIS2_PLACEMENT_3D('',#9465,#7790,#7791);
#6296=AXIS2_PLACEMENT_3D('',#9467,#7792,#7793);
#6297=AXIS2_PLACEMENT_3D('',#9470,#7795,#7796);
#6298=AXIS2_PLACEMENT_3D('',#9471,#7797,#7798);
#6299=AXIS2_PLACEMENT_3D('',#9480,#7803,#7804);
#6300=AXIS2_PLACEMENT_3D('',#9482,#7805,#7806);
#6301=AXIS2_PLACEMENT_3D('',#9484,#7807,#7808);
#6302=AXIS2_PLACEMENT_3D('',#9486,#7810,#7811);
#6303=AXIS2_PLACEMENT_3D('',#9492,#7815,#7816);
#6304=AXIS2_PLACEMENT_3D('',#9494,#7817,#7818);
#6305=AXIS2_PLACEMENT_3D('',#9497,#7820,#7821);
#6306=AXIS2_PLACEMENT_3D('',#9498,#7822,#7823);
#6307=AXIS2_PLACEMENT_3D('',#9500,#7824,#7825);
#6308=AXIS2_PLACEMENT_3D('',#9503,#7827,#7828);
#6309=AXIS2_PLACEMENT_3D('',#9504,#7829,#7830);
#6310=AXIS2_PLACEMENT_3D('',#9507,#7831,#7832);
#6311=AXIS2_PLACEMENT_3D('',#9511,#7834,#7835);
#6312=AXIS2_PLACEMENT_3D('',#9513,#7837,#7838);
#6313=AXIS2_PLACEMENT_3D('',#9514,#7839,#7840);
#6314=AXIS2_PLACEMENT_3D('',#9515,#7841,#7842);
#6315=AXIS2_PLACEMENT_3D('',#9516,#7843,#7844);
#6316=AXIS2_PLACEMENT_3D('',#9525,#7849,#7850);
#6317=AXIS2_PLACEMENT_3D('',#9527,#7851,#7852);
#6318=AXIS2_PLACEMENT_3D('',#9529,#7853,#7854);
#6319=AXIS2_PLACEMENT_3D('',#9531,#7856,#7857);
#6320=AXIS2_PLACEMENT_3D('',#9534,#7860,#7861);
#6321=AXIS2_PLACEMENT_3D('',#9536,#7862,#7863);
#6322=AXIS2_PLACEMENT_3D('',#9539,#7865,#7866);
#6323=AXIS2_PLACEMENT_3D('',#9540,#7867,#7868);
#6324=AXIS2_PLACEMENT_3D('',#9542,#7869,#7870);
#6325=AXIS2_PLACEMENT_3D('',#9544,#7872,#7873);
#6326=AXIS2_PLACEMENT_3D('',#9546,#7874,#7875);
#6327=AXIS2_PLACEMENT_3D('',#9548,#7877,#7878);
#6328=AXIS2_PLACEMENT_3D('',#9550,#7879,#7880);
#6329=AXIS2_PLACEMENT_3D('',#9553,#7882,#7883);
#6330=AXIS2_PLACEMENT_3D('',#9554,#7884,#7885);
#6331=AXIS2_PLACEMENT_3D('',#9556,#7886,#7887);
#6332=AXIS2_PLACEMENT_3D('',#9559,#7889,#7890);
#6333=AXIS2_PLACEMENT_3D('',#9560,#7891,#7892);
#6334=AXIS2_PLACEMENT_3D('',#9562,#7893,#7894);
#6335=AXIS2_PLACEMENT_3D('',#9565,#7896,#7897);
#6336=AXIS2_PLACEMENT_3D('',#9566,#7898,#7899);
#6337=AXIS2_PLACEMENT_3D('',#9575,#7904,#7905);
#6338=AXIS2_PLACEMENT_3D('',#9578,#7908,#7909);
#6339=AXIS2_PLACEMENT_3D('',#9584,#7913,#7914);
#6340=AXIS2_PLACEMENT_3D('',#9590,#7918,#7919);
#6341=AXIS2_PLACEMENT_3D('',#9591,#7920,#7921);
#6342=AXIS2_PLACEMENT_3D('',#9592,#7922,#7923);
#6343=AXIS2_PLACEMENT_3D('',#9593,#7924,#7925);
#6344=AXIS2_PLACEMENT_3D('',#9594,#7926,#7927);
#6345=AXIS2_PLACEMENT_3D('',#9595,#7928,#7929);
#6346=AXIS2_PLACEMENT_3D('',#9597,#7930,#7931);
#6347=AXIS2_PLACEMENT_3D('',#9600,#7933,#7934);
#6348=AXIS2_PLACEMENT_3D('',#9601,#7935,#7936);
#6349=AXIS2_PLACEMENT_3D('',#9602,#7937,#7938);
#6350=AXIS2_PLACEMENT_3D('',#9603,#7939,#7940);
#6351=AXIS2_PLACEMENT_3D('',#9605,#7941,#7942);
#6352=AXIS2_PLACEMENT_3D('',#9608,#7944,#7945);
#6353=AXIS2_PLACEMENT_3D('',#9609,#7946,#7947);
#6354=AXIS2_PLACEMENT_3D('',#9610,#7948,#7949);
#6355=AXIS2_PLACEMENT_3D('',#9611,#7950,#7951);
#6356=AXIS2_PLACEMENT_3D('',#9613,#7952,#7953);
#6357=AXIS2_PLACEMENT_3D('',#9616,#7955,#7956);
#6358=AXIS2_PLACEMENT_3D('',#9617,#7957,#7958);
#6359=AXIS2_PLACEMENT_3D('',#9618,#7959,#7960);
#6360=AXIS2_PLACEMENT_3D('',#9619,#7961,#7962);
#6361=AXIS2_PLACEMENT_3D('',#9621,#7963,#7964);
#6362=AXIS2_PLACEMENT_3D('',#9624,#7966,#7967);
#6363=AXIS2_PLACEMENT_3D('',#9625,#7968,#7969);
#6364=AXIS2_PLACEMENT_3D('',#9626,#7970,#7971);
#6365=AXIS2_PLACEMENT_3D('',#9627,#7972,#7973);
#6366=AXIS2_PLACEMENT_3D('',#9629,#7974,#7975);
#6367=AXIS2_PLACEMENT_3D('',#9632,#7977,#7978);
#6368=AXIS2_PLACEMENT_3D('',#9633,#7979,#7980);
#6369=AXIS2_PLACEMENT_3D('',#9634,#7981,#7982);
#6370=AXIS2_PLACEMENT_3D('',#9635,#7983,#7984);
#6371=AXIS2_PLACEMENT_3D('',#9636,#7985,#7986);
#6372=AXIS2_PLACEMENT_3D('',#9639,#7987,#7988);
#6373=AXIS2_PLACEMENT_3D('',#9643,#7990,#7991);
#6374=AXIS2_PLACEMENT_3D('',#9645,#7993,#7994);
#6375=AXIS2_PLACEMENT_3D('',#9647,#7995,#7996);
#6376=AXIS2_PLACEMENT_3D('',#9650,#7998,#7999);
#6377=AXIS2_PLACEMENT_3D('',#9651,#8000,#8001);
#6378=AXIS2_PLACEMENT_3D('',#9655,#8003,#8004);
#6379=AXIS2_PLACEMENT_3D('',#9659,#8006,#8007);
#6380=AXIS2_PLACEMENT_3D('',#9661,#8008,#8009);
#6381=AXIS2_PLACEMENT_3D('',#9665,#8011,#8012);
#6382=AXIS2_PLACEMENT_3D('',#9669,#8014,#8015);
#6383=AXIS2_PLACEMENT_3D('',#9673,#8017,#8018);
#6384=AXIS2_PLACEMENT_3D('',#9675,#8020,#8021);
#6385=AXIS2_PLACEMENT_3D('',#9678,#8022,#8023);
#6386=AXIS2_PLACEMENT_3D('',#9681,#8026,#8027);
#6387=AXIS2_PLACEMENT_3D('',#9683,#8028,#8029);
#6388=AXIS2_PLACEMENT_3D('',#9685,#8031,#8032);
#6389=AXIS2_PLACEMENT_3D('',#9691,#8036,#8037);
#6390=AXIS2_PLACEMENT_3D('',#9693,#8038,#8039);
#6391=AXIS2_PLACEMENT_3D('',#9695,#8041,#8042);
#6392=AXIS2_PLACEMENT_3D('',#9699,#8045,#8046);
#6393=AXIS2_PLACEMENT_3D('',#9701,#8047,#8048);
#6394=AXIS2_PLACEMENT_3D('',#9703,#8050,#8051);
#6395=AXIS2_PLACEMENT_3D('',#9707,#8054,#8055);
#6396=AXIS2_PLACEMENT_3D('',#9708,#8056,#8057);
#6397=AXIS2_PLACEMENT_3D('',#9709,#8058,#8059);
#6398=AXIS2_PLACEMENT_3D('',#9711,#8061,#8062);
#6399=AXIS2_PLACEMENT_3D('',#9715,#8065,#8066);
#6400=AXIS2_PLACEMENT_3D('',#9717,#8067,#8068);
#6401=AXIS2_PLACEMENT_3D('',#9719,#8070,#8071);
#6402=AXIS2_PLACEMENT_3D('',#9721,#8073,#8074);
#6403=AXIS2_PLACEMENT_3D('',#9722,#8075,#8076);
#6404=AXIS2_PLACEMENT_3D('',#9723,#8077,#8078);
#6405=AXIS2_PLACEMENT_3D('',#9724,#8079,#8080);
#6406=AXIS2_PLACEMENT_3D('',#9725,#8081,#8082);
#6407=AXIS2_PLACEMENT_3D('',#9726,#8083,#8084);
#6408=AXIS2_PLACEMENT_3D('',#9727,#8085,#8086);
#6409=AXIS2_PLACEMENT_3D('',#9728,#8087,#8088);
#6410=AXIS2_PLACEMENT_3D('',#9729,#8089,#8090);
#6411=AXIS2_PLACEMENT_3D('',#9730,#8091,#8092);
#6412=AXIS2_PLACEMENT_3D('',#9731,#8093,#8094);
#6413=AXIS2_PLACEMENT_3D('',#9732,#8095,#8096);
#6414=AXIS2_PLACEMENT_3D('',#9733,#8097,#8098);
#6415=AXIS2_PLACEMENT_3D('',#9734,#8099,#8100);
#6416=AXIS2_PLACEMENT_3D('',#9735,#8101,#8102);
#6417=AXIS2_PLACEMENT_3D('',#9736,#8103,#8104);
#6418=AXIS2_PLACEMENT_3D('',#9737,#8105,#8106);
#6419=AXIS2_PLACEMENT_3D('',#9738,#8107,#8108);
#6420=AXIS2_PLACEMENT_3D('',#9739,#8109,#8110);
#6421=AXIS2_PLACEMENT_3D('',#9740,#8111,#8112);
#6422=AXIS2_PLACEMENT_3D('',#9741,#8113,#8114);
#6423=AXIS2_PLACEMENT_3D('',#9742,#8115,#8116);
#6424=AXIS2_PLACEMENT_3D('',#9743,#8117,#8118);
#6425=AXIS2_PLACEMENT_3D('',#9744,#8119,#8120);
#6426=AXIS2_PLACEMENT_3D('',#9745,#8121,#8122);
#6427=AXIS2_PLACEMENT_3D('',#9746,#8123,#8124);
#6428=AXIS2_PLACEMENT_3D('',#9747,#8125,#8126);
#6429=AXIS2_PLACEMENT_3D('',#9748,#8127,#8128);
#6430=DIRECTION('axis',(0.,0.,1.));
#6431=DIRECTION('refdir',(1.,0.,0.));
#6432=DIRECTION('axis',(0.,0.,1.));
#6433=DIRECTION('refdir',(1.,0.,0.));
#6434=DIRECTION('center_axis',(0.,1.,0.));
#6435=DIRECTION('ref_axis',(-1.,0.,0.));
#6436=DIRECTION('center_axis',(0.,1.,0.));
#6437=DIRECTION('ref_axis',(-1.,0.,0.));
#6438=DIRECTION('',(0.,-1.,0.));
#6439=DIRECTION('center_axis',(0.,-1.,2.22044604925031E-16));
#6440=DIRECTION('ref_axis',(-1.,0.,0.));
#6441=DIRECTION('center_axis',(0.,1.,0.));
#6442=DIRECTION('ref_axis',(-1.,0.,0.));
#6443=DIRECTION('center_axis',(0.,1.,0.));
#6444=DIRECTION('ref_axis',(-1.,0.,0.));
#6445=DIRECTION('center_axis',(0.,1.,0.));
#6446=DIRECTION('ref_axis',(-1.,0.,0.));
#6447=DIRECTION('',(0.,-1.,0.));
#6448=DIRECTION('center_axis',(0.,-1.,2.22044604925031E-16));
#6449=DIRECTION('ref_axis',(-1.,0.,0.));
#6450=DIRECTION('center_axis',(0.,1.,0.));
#6451=DIRECTION('ref_axis',(-1.,0.,0.));
#6452=DIRECTION('center_axis',(0.,1.,0.));
#6453=DIRECTION('ref_axis',(-1.,0.,0.));
#6454=DIRECTION('center_axis',(0.,1.,0.));
#6455=DIRECTION('ref_axis',(-1.,0.,0.));
#6456=DIRECTION('',(0.,-1.,0.));
#6457=DIRECTION('center_axis',(0.,-1.,2.22044604925031E-16));
#6458=DIRECTION('ref_axis',(-1.,0.,0.));
#6459=DIRECTION('center_axis',(0.,1.,0.));
#6460=DIRECTION('ref_axis',(-1.,0.,0.));
#6461=DIRECTION('center_axis',(0.,1.,0.));
#6462=DIRECTION('ref_axis',(-1.,0.,0.));
#6463=DIRECTION('center_axis',(0.,1.,0.));
#6464=DIRECTION('ref_axis',(-1.,0.,0.));
#6465=DIRECTION('',(0.,-1.,0.));
#6466=DIRECTION('center_axis',(0.,-1.,2.22044604925031E-16));
#6467=DIRECTION('ref_axis',(-1.,0.,0.));
#6468=DIRECTION('center_axis',(0.,1.,0.));
#6469=DIRECTION('ref_axis',(-1.,0.,0.));
#6470=DIRECTION('center_axis',(0.,0.,1.));
#6471=DIRECTION('ref_axis',(-1.,0.,0.));
#6472=DIRECTION('center_axis',(0.,0.,1.));
#6473=DIRECTION('ref_axis',(-1.,0.,0.));
#6474=DIRECTION('',(0.,0.,1.));
#6475=DIRECTION('center_axis',(0.,0.,-1.));
#6476=DIRECTION('ref_axis',(-1.,0.,0.));
#6477=DIRECTION('center_axis',(0.,0.,1.));
#6478=DIRECTION('ref_axis',(-1.,0.,0.));
#6479=DIRECTION('center_axis',(0.,0.,1.));
#6480=DIRECTION('ref_axis',(-1.,0.,0.));
#6481=DIRECTION('',(0.,0.,1.));
#6482=DIRECTION('center_axis',(0.,0.,-1.));
#6483=DIRECTION('ref_axis',(-1.,0.,0.));
#6484=DIRECTION('center_axis',(0.,0.,1.));
#6485=DIRECTION('ref_axis',(-1.,0.,0.));
#6486=DIRECTION('center_axis',(0.,0.,1.));
#6487=DIRECTION('ref_axis',(-1.,0.,0.));
#6488=DIRECTION('',(0.,0.,1.));
#6489=DIRECTION('center_axis',(0.,0.,-1.));
#6490=DIRECTION('ref_axis',(-1.,0.,0.));
#6491=DIRECTION('center_axis',(0.,0.,1.));
#6492=DIRECTION('ref_axis',(-1.,0.,0.));
#6493=DIRECTION('center_axis',(0.,0.,1.));
#6494=DIRECTION('ref_axis',(-1.,0.,0.));
#6495=DIRECTION('',(0.,0.,1.));
#6496=DIRECTION('center_axis',(0.,0.,-1.));
#6497=DIRECTION('ref_axis',(-1.,0.,0.));
#6498=DIRECTION('center_axis',(0.,0.,-1.));
#6499=DIRECTION('ref_axis',(1.,0.,0.));
#6500=DIRECTION('center_axis',(0.,0.,-1.));
#6501=DIRECTION('ref_axis',(1.,0.,0.));
#6502=DIRECTION('',(0.,0.,-1.));
#6503=DIRECTION('center_axis',(0.,0.,1.));
#6504=DIRECTION('ref_axis',(1.,0.,0.));
#6505=DIRECTION('center_axis',(0.,0.,-1.));
#6506=DIRECTION('ref_axis',(1.,0.,0.));
#6507=DIRECTION('center_axis',(0.,0.,-1.));
#6508=DIRECTION('ref_axis',(1.,0.,0.));
#6509=DIRECTION('',(0.,0.,-1.));
#6510=DIRECTION('center_axis',(0.,0.,1.));
#6511=DIRECTION('ref_axis',(1.,0.,0.));
#6512=DIRECTION('center_axis',(0.,0.,-1.));
#6513=DIRECTION('ref_axis',(1.,0.,0.));
#6514=DIRECTION('center_axis',(0.,0.,-1.));
#6515=DIRECTION('ref_axis',(1.,0.,0.));
#6516=DIRECTION('',(0.,0.,-1.));
#6517=DIRECTION('center_axis',(0.,0.,1.));
#6518=DIRECTION('ref_axis',(1.,0.,0.));
#6519=DIRECTION('center_axis',(0.,0.,-1.));
#6520=DIRECTION('ref_axis',(1.,0.,0.));
#6521=DIRECTION('center_axis',(0.,0.,-1.));
#6522=DIRECTION('ref_axis',(1.,0.,0.));
#6523=DIRECTION('',(0.,0.,-1.));
#6524=DIRECTION('center_axis',(0.,0.,1.));
#6525=DIRECTION('ref_axis',(1.,0.,0.));
#6526=DIRECTION('center_axis',(1.,0.,0.));
#6527=DIRECTION('ref_axis',(0.,0.707106781186547,0.707106781186547));
#6528=DIRECTION('center_axis',(-1.,0.,0.));
#6529=DIRECTION('ref_axis',(0.,0.707106781186547,0.707106781186547));
#6530=DIRECTION('',(-1.,0.,0.));
#6531=DIRECTION('center_axis',(1.,0.,0.));
#6532=DIRECTION('ref_axis',(0.,0.707106781186547,0.707106781186547));
#6533=DIRECTION('',(1.,0.,0.));
#6534=DIRECTION('center_axis',(0.,0.,1.));
#6535=DIRECTION('ref_axis',(0.,-1.,0.));
#6536=DIRECTION('',(0.,-1.,0.));
#6537=DIRECTION('',(1.,0.,0.));
#6538=DIRECTION('',(0.,-1.,0.));
#6539=DIRECTION('center_axis',(1.,0.,0.));
#6540=DIRECTION('ref_axis',(0.,0.,-1.));
#6541=DIRECTION('',(0.,0.,1.));
#6542=DIRECTION('center_axis',(1.,0.,0.));
#6543=DIRECTION('ref_axis',(0.,0.707106781186547,-0.707106781186547));
#6544=DIRECTION('',(0.,1.,0.));
#6545=DIRECTION('',(0.,-1.77635683940025E-15,-1.));
#6546=DIRECTION('',(0.,-1.,0.));
#6547=DIRECTION('',(0.,0.,-1.));
#6548=DIRECTION('',(0.,1.,0.));
#6549=DIRECTION('',(0.,0.,-1.));
#6550=DIRECTION('center_axis',(1.,0.,0.));
#6551=DIRECTION('ref_axis',(0.,0.707106781186547,-0.707106781186547));
#6552=DIRECTION('center_axis',(-1.,0.,0.));
#6553=DIRECTION('ref_axis',(0.,0.707106781186547,-0.707106781186547));
#6554=DIRECTION('',(-1.,0.,0.));
#6555=DIRECTION('',(1.,0.,0.));
#6556=DIRECTION('center_axis',(0.,0.,-1.));
#6557=DIRECTION('ref_axis',(0.,1.,0.));
#6558=DIRECTION('',(0.,1.,0.));
#6559=DIRECTION('',(1.,0.,0.));
#6560=DIRECTION('center_axis',(0.,1.,-2.22044604925031E-16));
#6561=DIRECTION('ref_axis',(1.,0.,0.));
#6562=DIRECTION('center_axis',(0.,1.,-2.22044604925031E-16));
#6563=DIRECTION('ref_axis',(1.,0.,0.));
#6564=DIRECTION('',(0.,-1.,2.22044604925031E-16));
#6565=DIRECTION('center_axis',(0.,-1.,0.));
#6566=DIRECTION('ref_axis',(1.,0.,0.));
#6567=DIRECTION('center_axis',(0.,1.,-2.22044604925031E-16));
#6568=DIRECTION('ref_axis',(1.,0.,0.));
#6569=DIRECTION('center_axis',(0.,1.,-2.22044604925031E-16));
#6570=DIRECTION('ref_axis',(1.,0.,0.));
#6571=DIRECTION('center_axis',(0.,1.,-2.22044604925031E-16));
#6572=DIRECTION('ref_axis',(1.,0.,0.));
#6573=DIRECTION('',(0.,-1.,2.22044604925031E-16));
#6574=DIRECTION('center_axis',(0.,-1.,0.));
#6575=DIRECTION('ref_axis',(1.,0.,0.));
#6576=DIRECTION('center_axis',(0.,1.,-2.22044604925031E-16));
#6577=DIRECTION('ref_axis',(1.,0.,0.));
#6578=DIRECTION('center_axis',(0.,1.,-2.22044604925031E-16));
#6579=DIRECTION('ref_axis',(1.,0.,0.));
#6580=DIRECTION('center_axis',(0.,1.,-2.22044604925031E-16));
#6581=DIRECTION('ref_axis',(1.,0.,0.));
#6582=DIRECTION('',(0.,-1.,2.22044604925031E-16));
#6583=DIRECTION('center_axis',(0.,-1.,0.));
#6584=DIRECTION('ref_axis',(1.,0.,0.));
#6585=DIRECTION('center_axis',(0.,1.,-2.22044604925031E-16));
#6586=DIRECTION('ref_axis',(1.,0.,0.));
#6587=DIRECTION('center_axis',(0.,1.,-2.22044604925031E-16));
#6588=DIRECTION('ref_axis',(1.,0.,0.));
#6589=DIRECTION('center_axis',(0.,1.,-2.22044604925031E-16));
#6590=DIRECTION('ref_axis',(1.,0.,0.));
#6591=DIRECTION('',(0.,-1.,2.22044604925031E-16));
#6592=DIRECTION('center_axis',(0.,-1.,0.));
#6593=DIRECTION('ref_axis',(1.,0.,0.));
#6594=DIRECTION('center_axis',(0.,1.,-2.22044604925031E-16));
#6595=DIRECTION('ref_axis',(1.,0.,0.));
#6596=DIRECTION('center_axis',(0.,0.,1.));
#6597=DIRECTION('ref_axis',(0.,-1.,0.));
#6598=DIRECTION('',(1.,0.,0.));
#6599=DIRECTION('',(0.,-1.,0.));
#6600=DIRECTION('',(1.,0.,0.));
#6601=DIRECTION('center_axis',(0.,-1.,0.));
#6602=DIRECTION('ref_axis',(0.,0.,-1.));
#6603=DIRECTION('',(0.,0.,-1.));
#6604=DIRECTION('',(1.,0.,0.));
#6605=DIRECTION('center_axis',(0.,0.,-1.));
#6606=DIRECTION('ref_axis',(0.,1.,0.));
#6607=DIRECTION('',(0.,1.,0.));
#6608=DIRECTION('',(1.,0.,0.));
#6609=DIRECTION('center_axis',(0.,-1.,0.));
#6610=DIRECTION('ref_axis',(0.,0.,-1.));
#6611=DIRECTION('',(0.,0.,-1.));
#6612=DIRECTION('center_axis',(0.,1.,0.));
#6613=DIRECTION('ref_axis',(0.,0.,1.));
#6614=DIRECTION('',(0.,0.,1.));
#6615=DIRECTION('center_axis',(0.,-1.,1.77635683940025E-15));
#6616=DIRECTION('ref_axis',(0.,-1.77635683940025E-15,-1.));
#6617=DIRECTION('',(0.,-1.77635683940025E-15,-1.));
#6618=DIRECTION('center_axis',(1.,0.,0.));
#6619=DIRECTION('ref_axis',(0.,0.,-1.));
#6620=DIRECTION('axis',(0.,0.,1.));
#6621=DIRECTION('refdir',(1.,0.,0.));
#6622=DIRECTION('center_axis',(-0.707106781186548,0.707106781186548,0.));
#6623=DIRECTION('ref_axis',(0.707106781186548,0.707106781186548,0.));
#6624=DIRECTION('',(-0.707106781186548,-0.707106781186548,0.));
#6625=DIRECTION('',(0.,0.,-1.));
#6626=DIRECTION('',(0.707106781186547,0.707106781186547,0.));
#6627=DIRECTION('',(0.,0.,-1.));
#6628=DIRECTION('center_axis',(-0.707106781186548,-0.707106781186548,0.));
#6629=DIRECTION('ref_axis',(-0.707106781186548,0.707106781186548,0.));
#6630=DIRECTION('',(0.707106781186548,-0.707106781186548,0.));
#6631=DIRECTION('',(-0.707106781186547,0.707106781186547,0.));
#6632=DIRECTION('',(0.,0.,-1.));
#6633=DIRECTION('center_axis',(0.707106781186548,-0.707106781186548,0.));
#6634=DIRECTION('ref_axis',(-0.707106781186548,-0.707106781186548,0.));
#6635=DIRECTION('',(0.707106781186548,0.707106781186548,0.));
#6636=DIRECTION('',(-0.707106781186547,-0.707106781186547,0.));
#6637=DIRECTION('',(0.,0.,-1.));
#6638=DIRECTION('center_axis',(0.707106781186548,0.707106781186548,0.));
#6639=DIRECTION('ref_axis',(0.707106781186548,-0.707106781186548,0.));
#6640=DIRECTION('',(-0.707106781186548,0.707106781186548,0.));
#6641=DIRECTION('',(0.707106781186547,-0.707106781186547,0.));
#6642=DIRECTION('center_axis',(0.,0.,-1.));
#6643=DIRECTION('ref_axis',(-1.,0.,0.));
#6644=DIRECTION('center_axis',(0.,0.,-1.));
#6645=DIRECTION('ref_axis',(-1.,0.,0.));
#6646=DIRECTION('center_axis',(0.,0.,-1.));
#6647=DIRECTION('ref_axis',(-1.,0.,0.));
#6648=DIRECTION('',(0.,0.,1.));
#6649=DIRECTION('center_axis',(0.,0.,1.));
#6650=DIRECTION('ref_axis',(-1.,0.,0.));
#6651=DIRECTION('center_axis',(0.,0.,-1.));
#6652=DIRECTION('ref_axis',(-1.,0.,0.));
#6653=DIRECTION('center_axis',(0.,0.,1.));
#6654=DIRECTION('ref_axis',(1.,0.,0.));
#6655=DIRECTION('center_axis',(0.,0.,1.));
#6656=DIRECTION('ref_axis',(1.,0.,0.));
#6657=DIRECTION('',(0.,0.,-1.));
#6658=DIRECTION('center_axis',(0.,0.,-1.));
#6659=DIRECTION('ref_axis',(1.,0.,0.));
#6660=DIRECTION('center_axis',(0.,0.,1.));
#6661=DIRECTION('ref_axis',(1.,0.,0.));
#6662=DIRECTION('center_axis',(0.,0.,1.));
#6663=DIRECTION('ref_axis',(1.,0.,0.));
#6664=DIRECTION('center_axis',(0.,0.,1.));
#6665=DIRECTION('ref_axis',(1.,0.,0.));
#6666=DIRECTION('',(0.,0.,-1.));
#6667=DIRECTION('center_axis',(0.,0.,-1.));
#6668=DIRECTION('ref_axis',(1.,0.,0.));
#6669=DIRECTION('center_axis',(0.,0.,1.));
#6670=DIRECTION('ref_axis',(1.,0.,0.));
#6671=DIRECTION('center_axis',(0.,0.,1.));
#6672=DIRECTION('ref_axis',(1.,0.,0.));
#6673=DIRECTION('center_axis',(0.,0.,1.));
#6674=DIRECTION('ref_axis',(1.,0.,0.));
#6675=DIRECTION('',(0.,0.,-1.));
#6676=DIRECTION('center_axis',(0.,0.,1.));
#6677=DIRECTION('ref_axis',(1.,0.,0.));
#6678=DIRECTION('center_axis',(0.,0.,1.));
#6679=DIRECTION('ref_axis',(1.,0.,0.));
#6680=DIRECTION('center_axis',(0.,0.,1.));
#6681=DIRECTION('ref_axis',(1.,0.,0.));
#6682=DIRECTION('',(0.707106781186548,-0.707106781186548,0.));
#6683=DIRECTION('',(0.707106781186548,0.707106781186548,0.));
#6684=DIRECTION('',(-0.707106781186548,0.707106781186548,0.));
#6685=DIRECTION('',(-0.707106781186548,-0.707106781186548,0.));
#6686=DIRECTION('center_axis',(-0.707106781186548,-0.707106781186548,0.));
#6687=DIRECTION('ref_axis',(-0.707106781186548,0.707106781186548,0.));
#6688=DIRECTION('',(0.,0.,-1.));
#6689=DIRECTION('',(-0.707106781186547,0.707106781186547,0.));
#6690=DIRECTION('',(0.,0.,-1.));
#6691=DIRECTION('center_axis',(0.707106781186548,-0.707106781186548,0.));
#6692=DIRECTION('ref_axis',(-0.707106781186548,-0.707106781186548,0.));
#6693=DIRECTION('',(-0.707106781186547,-0.707106781186547,0.));
#6694=DIRECTION('',(0.,0.,-1.));
#6695=DIRECTION('center_axis',(0.707106781186548,0.707106781186548,0.));
#6696=DIRECTION('ref_axis',(0.707106781186548,-0.707106781186548,0.));
#6697=DIRECTION('',(0.707106781186547,-0.707106781186547,0.));
#6698=DIRECTION('',(0.,0.,-1.));
#6699=DIRECTION('center_axis',(-0.707106781186548,0.707106781186548,0.));
#6700=DIRECTION('ref_axis',(0.707106781186548,0.707106781186548,0.));
#6701=DIRECTION('',(0.707106781186547,0.707106781186547,0.));
#6702=DIRECTION('center_axis',(0.,0.,-1.));
#6703=DIRECTION('ref_axis',(-6.12323399573677E-17,-1.,0.));
#6704=DIRECTION('center_axis',(0.,0.,-1.));
#6705=DIRECTION('ref_axis',(-1.,0.,0.));
#6706=DIRECTION('center_axis',(0.,0.,1.));
#6707=DIRECTION('ref_axis',(-1.,0.,0.));
#6708=DIRECTION('',(0.,0.,1.));
#6709=DIRECTION('center_axis',(0.,0.,1.));
#6710=DIRECTION('ref_axis',(-1.,0.,0.));
#6711=DIRECTION('center_axis',(0.,0.,-1.));
#6712=DIRECTION('ref_axis',(-1.,0.,0.));
#6713=DIRECTION('center_axis',(0.,0.,-1.));
#6714=DIRECTION('ref_axis',(-1.,0.,0.));
#6715=DIRECTION('',(0.,0.,1.));
#6716=DIRECTION('center_axis',(0.,0.,-1.));
#6717=DIRECTION('ref_axis',(-1.,0.,0.));
#6718=DIRECTION('center_axis',(0.,0.,-1.));
#6719=DIRECTION('ref_axis',(-1.,0.,0.));
#6720=DIRECTION('center_axis',(0.,0.,-1.));
#6721=DIRECTION('ref_axis',(-1.,0.,0.));
#6722=DIRECTION('axis',(0.,0.,1.));
#6723=DIRECTION('refdir',(1.,0.,0.));
#6724=DIRECTION('center_axis',(0.,0.,1.));
#6725=DIRECTION('ref_axis',(-1.,0.,0.));
#6726=DIRECTION('center_axis',(0.,0.,1.));
#6727=DIRECTION('ref_axis',(-1.,0.,0.));
#6728=DIRECTION('',(0.,0.,1.));
#6729=DIRECTION('center_axis',(0.,0.,1.));
#6730=DIRECTION('ref_axis',(-1.,0.,0.));
#6731=DIRECTION('center_axis',(0.,0.,-1.));
#6732=DIRECTION('ref_axis',(-1.,0.,0.));
#6733=DIRECTION('center_axis',(0.,0.,-1.));
#6734=DIRECTION('ref_axis',(-0.234764524343729,-0.972052271284658,0.));
#6735=DIRECTION('center_axis',(0.,0.,-1.));
#6736=DIRECTION('ref_axis',(-0.234764524343729,-0.972052271284658,0.));
#6737=DIRECTION('',(0.,0.,-1.));
#6738=DIRECTION('center_axis',(0.,0.,1.));
#6739=DIRECTION('ref_axis',(-0.234764524343729,-0.972052271284658,0.));
#6740=DIRECTION('',(0.,0.,-1.));
#6741=DIRECTION('center_axis',(0.972052271284658,0.23476452434373,0.));
#6742=DIRECTION('ref_axis',(0.23476452434373,-0.972052271284658,0.));
#6743=DIRECTION('',(0.23476452434373,-0.972052271284658,0.));
#6744=DIRECTION('',(0.,0.,-1.));
#6745=DIRECTION('',(-0.23476452434373,0.972052271284658,0.));
#6746=DIRECTION('center_axis',(0.,0.,-1.));
#6747=DIRECTION('ref_axis',(-0.234764524343729,-0.972052271284658,0.));
#6748=DIRECTION('center_axis',(0.,0.,1.));
#6749=DIRECTION('ref_axis',(-0.234764524343729,-0.972052271284658,0.));
#6750=DIRECTION('',(0.,0.,-1.));
#6751=DIRECTION('center_axis',(0.,0.,-1.));
#6752=DIRECTION('ref_axis',(-0.234764524343729,-0.972052271284658,0.));
#6753=DIRECTION('center_axis',(-0.972052271284658,0.23476452434373,0.));
#6754=DIRECTION('ref_axis',(0.23476452434373,0.972052271284658,0.));
#6755=DIRECTION('',(0.23476452434373,0.972052271284658,0.));
#6756=DIRECTION('',(-0.23476452434373,-0.972052271284658,0.));
#6757=DIRECTION('center_axis',(0.,0.,-1.));
#6758=DIRECTION('ref_axis',(0.761286479388953,0.648415681719353,0.));
#6759=DIRECTION('center_axis',(0.,0.,-1.));
#6760=DIRECTION('ref_axis',(0.761286479388953,0.648415681719353,0.));
#6761=DIRECTION('',(0.,0.,-1.));
#6762=DIRECTION('center_axis',(0.,0.,1.));
#6763=DIRECTION('ref_axis',(0.761286479388953,0.648415681719353,0.));
#6764=DIRECTION('',(0.,0.,-1.));
#6765=DIRECTION('center_axis',(-0.924397932060757,0.381429499648096,0.));
#6766=DIRECTION('ref_axis',(0.381429499648096,0.924397932060757,0.));
#6767=DIRECTION('',(0.381429499648096,0.924397932060757,0.));
#6768=DIRECTION('',(0.,0.,-1.));
#6769=DIRECTION('',(-0.381429499648096,-0.924397932060757,0.));
#6770=DIRECTION('center_axis',(0.,0.,-1.));
#6771=DIRECTION('ref_axis',(0.761286479388952,0.648415681719354,0.));
#6772=DIRECTION('center_axis',(0.,0.,1.));
#6773=DIRECTION('ref_axis',(0.761286479388952,0.648415681719354,0.));
#6774=DIRECTION('',(0.,0.,-1.));
#6775=DIRECTION('center_axis',(0.,0.,-1.));
#6776=DIRECTION('ref_axis',(0.761286479388952,0.648415681719354,0.));
#6777=DIRECTION('center_axis',(0.648415681719353,-0.761286479388953,0.));
#6778=DIRECTION('ref_axis',(-0.761286479388953,-0.648415681719353,0.));
#6779=DIRECTION('',(-0.761286479388953,-0.648415681719353,0.));
#6780=DIRECTION('',(0.761286479388953,0.648415681719353,0.));
#6781=DIRECTION('center_axis',(0.,0.,-1.));
#6782=DIRECTION('ref_axis',(-0.851930419086215,0.523655001919762,0.));
#6783=DIRECTION('center_axis',(0.,0.,-1.));
#6784=DIRECTION('ref_axis',(-0.851930419086215,0.523655001919762,0.));
#6785=DIRECTION('',(0.,0.,-1.));
#6786=DIRECTION('center_axis',(0.,0.,1.));
#6787=DIRECTION('ref_axis',(-0.851930419086215,0.523655001919762,0.));
#6788=DIRECTION('',(0.,0.,-1.));
#6789=DIRECTION('center_axis',(-0.0771063405756896,-0.997022874483342,0.));
#6790=DIRECTION('ref_axis',(-0.997022874483342,0.0771063405756896,0.));
#6791=DIRECTION('',(-0.997022874483342,0.0771063405756896,0.));
#6792=DIRECTION('',(0.,0.,-1.));
#6793=DIRECTION('',(0.997022874483342,-0.0771063405756896,0.));
#6794=DIRECTION('center_axis',(0.,0.,-1.));
#6795=DIRECTION('ref_axis',(-0.851930419086215,0.523655001919761,0.));
#6796=DIRECTION('center_axis',(0.,0.,1.));
#6797=DIRECTION('ref_axis',(-0.851930419086215,0.523655001919761,0.));
#6798=DIRECTION('',(0.,0.,-1.));
#6799=DIRECTION('center_axis',(0.,0.,-1.));
#6800=DIRECTION('ref_axis',(-0.851930419086215,0.523655001919761,0.));
#6801=DIRECTION('center_axis',(0.523655001919762,0.851930419086215,0.));
#6802=DIRECTION('ref_axis',(0.851930419086215,-0.523655001919762,0.));
#6803=DIRECTION('',(0.851930419086215,-0.523655001919762,0.));
#6804=DIRECTION('',(-0.851930419086215,0.523655001919762,0.));
#6805=DIRECTION('center_axis',(0.,0.,-1.));
#6806=DIRECTION('ref_axis',(0.997022874483342,0.0771063405756897,0.));
#6807=DIRECTION('center_axis',(0.,0.,-1.));
#6808=DIRECTION('ref_axis',(0.997022874483342,0.0771063405756897,0.));
#6809=DIRECTION('',(0.,0.,-1.));
#6810=DIRECTION('center_axis',(0.,0.,1.));
#6811=DIRECTION('ref_axis',(0.997022874483342,0.0771063405756897,0.));
#6812=DIRECTION('',(0.,0.,-1.));
#6813=DIRECTION('center_axis',(-0.523655001919762,0.851930419086215,0.));
#6814=DIRECTION('ref_axis',(0.851930419086215,0.523655001919762,0.));
#6815=DIRECTION('',(0.851930419086215,0.523655001919762,0.));
#6816=DIRECTION('',(0.,0.,-1.));
#6817=DIRECTION('',(-0.851930419086215,-0.523655001919762,0.));
#6818=DIRECTION('center_axis',(0.,0.,-1.));
#6819=DIRECTION('ref_axis',(0.997022874483342,0.0771063405756906,0.));
#6820=DIRECTION('center_axis',(0.,0.,1.));
#6821=DIRECTION('ref_axis',(0.997022874483342,0.0771063405756906,0.));
#6822=DIRECTION('',(0.,0.,-1.));
#6823=DIRECTION('center_axis',(0.,0.,-1.));
#6824=DIRECTION('ref_axis',(0.997022874483342,0.0771063405756906,0.));
#6825=DIRECTION('center_axis',(0.0771063405756894,-0.997022874483342,0.));
#6826=DIRECTION('ref_axis',(-0.997022874483342,-0.0771063405756894,0.));
#6827=DIRECTION('',(-0.997022874483342,-0.0771063405756894,0.));
#6828=DIRECTION('',(0.997022874483342,0.0771063405756894,0.));
#6829=DIRECTION('center_axis',(0.,0.,-1.));
#6830=DIRECTION('ref_axis',(-0.761286479388952,-0.648415681719354,0.));
#6831=DIRECTION('center_axis',(0.,0.,-1.));
#6832=DIRECTION('ref_axis',(-0.761286479388952,-0.648415681719354,0.));
#6833=DIRECTION('',(0.,0.,-1.));
#6834=DIRECTION('center_axis',(0.,0.,1.));
#6835=DIRECTION('ref_axis',(-0.761286479388952,-0.648415681719354,0.));
#6836=DIRECTION('',(0.,0.,-1.));
#6837=DIRECTION('center_axis',(0.924397932060757,-0.381429499648096,0.));
#6838=DIRECTION('ref_axis',(-0.381429499648096,-0.924397932060756,0.));
#6839=DIRECTION('',(-0.381429499648096,-0.924397932060756,0.));
#6840=DIRECTION('',(0.,0.,-1.));
#6841=DIRECTION('',(0.381429499648096,0.924397932060756,0.));
#6842=DIRECTION('center_axis',(0.,0.,-1.));
#6843=DIRECTION('ref_axis',(-0.761286479388952,-0.648415681719354,0.));
#6844=DIRECTION('center_axis',(0.,0.,1.));
#6845=DIRECTION('ref_axis',(-0.761286479388952,-0.648415681719354,0.));
#6846=DIRECTION('',(0.,0.,-1.));
#6847=DIRECTION('center_axis',(0.,0.,-1.));
#6848=DIRECTION('ref_axis',(-0.761286479388952,-0.648415681719354,0.));
#6849=DIRECTION('center_axis',(-0.648415681719353,0.761286479388953,0.));
#6850=DIRECTION('ref_axis',(0.761286479388953,0.648415681719353,0.));
#6851=DIRECTION('',(0.761286479388953,0.648415681719353,0.));
#6852=DIRECTION('',(-0.761286479388953,-0.648415681719353,0.));
#6853=DIRECTION('center_axis',(0.,0.,-1.));
#6854=DIRECTION('ref_axis',(0.381429499648096,-0.924397932060757,0.));
#6855=DIRECTION('center_axis',(0.,0.,-1.));
#6856=DIRECTION('ref_axis',(0.381429499648096,-0.924397932060757,0.));
#6857=DIRECTION('',(0.,0.,-1.));
#6858=DIRECTION('center_axis',(0.,0.,1.));
#6859=DIRECTION('ref_axis',(0.381429499648096,-0.924397932060757,0.));
#6860=DIRECTION('',(0.,0.,-1.));
#6861=DIRECTION('center_axis',(0.648415681719353,0.761286479388953,0.));
#6862=DIRECTION('ref_axis',(0.761286479388953,-0.648415681719353,0.));
#6863=DIRECTION('',(0.761286479388953,-0.648415681719353,0.));
#6864=DIRECTION('',(0.,0.,-1.));
#6865=DIRECTION('',(-0.761286479388953,0.648415681719353,0.));
#6866=DIRECTION('center_axis',(0.,0.,-1.));
#6867=DIRECTION('ref_axis',(0.381429499648097,-0.924397932060756,0.));
#6868=DIRECTION('center_axis',(0.,0.,1.));
#6869=DIRECTION('ref_axis',(0.381429499648097,-0.924397932060756,0.));
#6870=DIRECTION('',(0.,0.,-1.));
#6871=DIRECTION('center_axis',(0.,0.,-1.));
#6872=DIRECTION('ref_axis',(0.381429499648097,-0.924397932060756,0.));
#6873=DIRECTION('center_axis',(-0.924397932060757,-0.381429499648096,0.));
#6874=DIRECTION('ref_axis',(-0.381429499648096,0.924397932060757,0.));
#6875=DIRECTION('',(-0.381429499648096,0.924397932060757,0.));
#6876=DIRECTION('',(0.381429499648096,-0.924397932060757,0.));
#6877=DIRECTION('center_axis',(-0.972052271284658,-0.23476452434373,0.));
#6878=DIRECTION('ref_axis',(-0.23476452434373,0.972052271284658,0.));
#6879=DIRECTION('',(-0.23476452434373,0.972052271284658,0.));
#6880=DIRECTION('',(0.,0.,-1.));
#6881=DIRECTION('',(0.23476452434373,-0.972052271284658,0.));
#6882=DIRECTION('',(0.,0.,-1.));
#6883=DIRECTION('center_axis',(0.,0.,-1.));
#6884=DIRECTION('ref_axis',(0.23476452434373,0.972052271284658,0.));
#6885=DIRECTION('center_axis',(0.,0.,1.));
#6886=DIRECTION('ref_axis',(0.23476452434373,0.972052271284658,0.));
#6887=DIRECTION('',(0.,0.,-1.));
#6888=DIRECTION('center_axis',(0.,0.,-1.));
#6889=DIRECTION('ref_axis',(0.23476452434373,0.972052271284658,0.));
#6890=DIRECTION('center_axis',(0.972052271284658,-0.23476452434373,0.));
#6891=DIRECTION('ref_axis',(-0.23476452434373,-0.972052271284658,0.));
#6892=DIRECTION('',(-0.23476452434373,-0.972052271284658,0.));
#6893=DIRECTION('',(0.,0.,-1.));
#6894=DIRECTION('',(0.23476452434373,0.972052271284658,0.));
#6895=DIRECTION('center_axis',(0.,0.,-1.));
#6896=DIRECTION('ref_axis',(0.234764524343729,0.972052271284658,0.));
#6897=DIRECTION('center_axis',(0.,0.,-1.));
#6898=DIRECTION('ref_axis',(0.234764524343729,0.972052271284658,0.));
#6899=DIRECTION('center_axis',(0.,0.,1.));
#6900=DIRECTION('ref_axis',(0.234764524343729,0.972052271284658,0.));
#6901=DIRECTION('center_axis',(0.,0.,-1.));
#6902=DIRECTION('ref_axis',(-0.381429499648096,0.924397932060757,0.));
#6903=DIRECTION('center_axis',(0.,0.,-1.));
#6904=DIRECTION('ref_axis',(-0.381429499648096,0.924397932060757,0.));
#6905=DIRECTION('',(0.,0.,-1.));
#6906=DIRECTION('center_axis',(0.,0.,1.));
#6907=DIRECTION('ref_axis',(-0.381429499648096,0.924397932060757,0.));
#6908=DIRECTION('',(0.,0.,-1.));
#6909=DIRECTION('center_axis',(-0.648415681719353,-0.761286479388953,0.));
#6910=DIRECTION('ref_axis',(-0.761286479388953,0.648415681719353,0.));
#6911=DIRECTION('',(-0.761286479388953,0.648415681719353,0.));
#6912=DIRECTION('',(0.,0.,-1.));
#6913=DIRECTION('',(0.761286479388953,-0.648415681719353,0.));
#6914=DIRECTION('center_axis',(0.,0.,-1.));
#6915=DIRECTION('ref_axis',(-0.381429499648097,0.924397932060756,0.));
#6916=DIRECTION('center_axis',(0.,0.,1.));
#6917=DIRECTION('ref_axis',(-0.381429499648097,0.924397932060756,0.));
#6918=DIRECTION('',(0.,0.,-1.));
#6919=DIRECTION('center_axis',(0.,0.,-1.));
#6920=DIRECTION('ref_axis',(-0.381429499648097,0.924397932060756,0.));
#6921=DIRECTION('center_axis',(0.924397932060757,0.381429499648096,0.));
#6922=DIRECTION('ref_axis',(0.381429499648096,-0.924397932060757,0.));
#6923=DIRECTION('',(0.381429499648096,-0.924397932060757,0.));
#6924=DIRECTION('',(-0.381429499648096,0.924397932060757,0.));
#6925=DIRECTION('center_axis',(0.,0.,-1.));
#6926=DIRECTION('ref_axis',(0.851930419086215,-0.523655001919762,0.));
#6927=DIRECTION('center_axis',(0.,0.,-1.));
#6928=DIRECTION('ref_axis',(0.851930419086215,-0.523655001919762,0.));
#6929=DIRECTION('',(0.,0.,-1.));
#6930=DIRECTION('center_axis',(0.,0.,1.));
#6931=DIRECTION('ref_axis',(0.851930419086215,-0.523655001919762,0.));
#6932=DIRECTION('',(0.,0.,-1.));
#6933=DIRECTION('center_axis',(0.0771063405756896,0.997022874483342,0.));
#6934=DIRECTION('ref_axis',(0.997022874483342,-0.0771063405756896,0.));
#6935=DIRECTION('',(0.997022874483342,-0.0771063405756896,0.));
#6936=DIRECTION('',(0.,0.,-1.));
#6937=DIRECTION('',(-0.997022874483342,0.0771063405756896,0.));
#6938=DIRECTION('center_axis',(0.,0.,-1.));
#6939=DIRECTION('ref_axis',(0.851930419086215,-0.523655001919762,0.));
#6940=DIRECTION('center_axis',(0.,0.,1.));
#6941=DIRECTION('ref_axis',(0.851930419086215,-0.523655001919762,0.));
#6942=DIRECTION('',(0.,0.,-1.));
#6943=DIRECTION('center_axis',(0.,0.,-1.));
#6944=DIRECTION('ref_axis',(0.851930419086215,-0.523655001919762,0.));
#6945=DIRECTION('center_axis',(-0.523655001919762,-0.851930419086215,0.));
#6946=DIRECTION('ref_axis',(-0.851930419086215,0.523655001919762,0.));
#6947=DIRECTION('',(-0.851930419086215,0.523655001919762,0.));
#6948=DIRECTION('',(0.851930419086215,-0.523655001919762,0.));
#6949=DIRECTION('center_axis',(0.,0.,-1.));
#6950=DIRECTION('ref_axis',(-0.997022874483342,-0.07710634057569,0.));
#6951=DIRECTION('center_axis',(0.,0.,-1.));
#6952=DIRECTION('ref_axis',(-0.997022874483342,-0.07710634057569,0.));
#6953=DIRECTION('',(0.,0.,-1.));
#6954=DIRECTION('center_axis',(0.,0.,1.));
#6955=DIRECTION('ref_axis',(-0.997022874483342,-0.07710634057569,0.));
#6956=DIRECTION('',(0.,0.,-1.));
#6957=DIRECTION('center_axis',(0.523655001919762,-0.851930419086215,0.));
#6958=DIRECTION('ref_axis',(-0.851930419086215,-0.523655001919762,0.));
#6959=DIRECTION('',(-0.851930419086215,-0.523655001919762,0.));
#6960=DIRECTION('',(0.,0.,-1.));
#6961=DIRECTION('',(0.851930419086215,0.523655001919762,0.));
#6962=DIRECTION('center_axis',(0.,0.,-1.));
#6963=DIRECTION('ref_axis',(-0.997022874483342,-0.0771063405756909,0.));
#6964=DIRECTION('center_axis',(0.,0.,1.));
#6965=DIRECTION('ref_axis',(-0.997022874483342,-0.0771063405756909,0.));
#6966=DIRECTION('',(0.,0.,-1.));
#6967=DIRECTION('center_axis',(0.,0.,-1.));
#6968=DIRECTION('ref_axis',(-0.997022874483342,-0.0771063405756909,0.));
#6969=DIRECTION('center_axis',(-0.0771063405756897,0.997022874483342,0.));
#6970=DIRECTION('ref_axis',(0.997022874483342,0.0771063405756897,0.));
#6971=DIRECTION('',(0.997022874483342,0.0771063405756897,0.));
#6972=DIRECTION('',(-0.997022874483342,-0.0771063405756897,0.));
#6973=DIRECTION('center_axis',(0.0166567893733988,0.999861266060332,0.));
#6974=DIRECTION('ref_axis',(0.999861266060332,-0.0166567893733988,0.));
#6975=DIRECTION('',(0.999861266060332,-0.0166567893733988,0.));
#6976=DIRECTION('',(0.,0.,-1.));
#6977=DIRECTION('',(-0.999861266060332,0.0166567893733988,0.));
#6978=DIRECTION('',(0.,0.,-1.));
#6979=DIRECTION('center_axis',(-0.965925826289068,0.258819045102522,0.));
#6980=DIRECTION('ref_axis',(0.258819045102522,0.965925826289068,0.));
#6981=DIRECTION('',(0.258819045102522,0.965925826289068,0.));
#6982=DIRECTION('',(0.,0.,-1.));
#6983=DIRECTION('',(-0.258819045102522,-0.965925826289068,0.));
#6984=DIRECTION('center_axis',(-0.485309524499678,-0.874342418866829,0.));
#6985=DIRECTION('ref_axis',(-0.874342418866829,0.485309524499678,0.));
#6986=DIRECTION('',(-0.874342418866829,0.485309524499678,0.));
#6987=DIRECTION('',(0.,0.,1.));
#6988=DIRECTION('',(0.874342418866829,-0.485309524499678,0.));
#6989=DIRECTION('center_axis',(0.874233651355018,0.485505430287316,0.));
#6990=DIRECTION('ref_axis',(0.485505430287316,-0.874233651355018,0.));
#6991=DIRECTION('',(0.485505430287316,-0.874233651355018,0.));
#6992=DIRECTION('',(0.,0.,-1.));
#6993=DIRECTION('',(-0.485505430287316,0.874233651355018,0.));
#6994=DIRECTION('',(0.,0.,-1.));
#6995=DIRECTION('center_axis',(-0.258819045102522,0.965925826289068,0.));
#6996=DIRECTION('ref_axis',(0.965925826289068,0.258819045102522,0.));
#6997=DIRECTION('',(0.965925826289068,0.258819045102522,0.));
#6998=DIRECTION('',(0.,0.,-1.));
#6999=DIRECTION('',(-0.965925826289068,-0.258819045102522,0.));
#7000=DIRECTION('center_axis',(-0.999857508594847,-0.0168808325181466,0.));
#7001=DIRECTION('ref_axis',(-0.0168808325181466,0.999857508594847,0.));
#7002=DIRECTION('',(-0.0168808325181466,0.999857508594847,0.));
#7003=DIRECTION('',(0.,0.,1.));
#7004=DIRECTION('',(0.0168808325181466,-0.999857508594847,0.));
#7005=DIRECTION('center_axis',(0.85757686198162,-0.514355835773016,0.));
#7006=DIRECTION('ref_axis',(-0.514355835773016,-0.85757686198162,0.));
#7007=DIRECTION('',(-0.514355835773016,-0.85757686198162,0.));
#7008=DIRECTION('',(0.,0.,-1.));
#7009=DIRECTION('',(0.514355835773016,0.85757686198162,0.));
#7010=DIRECTION('',(0.,0.,-1.));
#7011=DIRECTION('center_axis',(0.707106781186548,0.707106781186548,0.));
#7012=DIRECTION('ref_axis',(0.707106781186548,-0.707106781186548,0.));
#7013=DIRECTION('',(0.707106781186548,-0.707106781186548,0.));
#7014=DIRECTION('',(0.,0.,-1.));
#7015=DIRECTION('',(-0.707106781186548,0.707106781186548,0.));
#7016=DIRECTION('center_axis',(-0.51454798409517,0.857461586348681,0.));
#7017=DIRECTION('ref_axis',(0.857461586348681,0.51454798409517,0.));
#7018=DIRECTION('',(0.857461586348681,0.51454798409517,0.));
#7019=DIRECTION('',(0.,0.,1.));
#7020=DIRECTION('',(-0.857461586348681,-0.51454798409517,0.));
#7021=DIRECTION('center_axis',(-0.0166567893733983,-0.999861266060332,0.));
#7022=DIRECTION('ref_axis',(-0.999861266060332,0.0166567893733983,0.));
#7023=DIRECTION('',(-0.999861266060332,0.0166567893733983,0.));
#7024=DIRECTION('',(0.,0.,-1.));
#7025=DIRECTION('',(0.999861266060332,-0.0166567893733983,0.));
#7026=DIRECTION('',(0.,0.,-1.));
#7027=DIRECTION('center_axis',(0.965925826289068,-0.258819045102522,0.));
#7028=DIRECTION('ref_axis',(-0.258819045102522,-0.965925826289068,0.));
#7029=DIRECTION('',(-0.258819045102522,-0.965925826289068,0.));
#7030=DIRECTION('',(0.,0.,-1.));
#7031=DIRECTION('',(0.258819045102522,0.965925826289068,0.));
#7032=DIRECTION('center_axis',(0.485309524499677,0.874342418866829,0.));
#7033=DIRECTION('ref_axis',(0.874342418866829,-0.485309524499677,0.));
#7034=DIRECTION('',(0.874342418866829,-0.485309524499677,0.));
#7035=DIRECTION('',(0.,0.,1.));
#7036=DIRECTION('',(-0.874342418866829,0.485309524499677,0.));
#7037=DIRECTION('center_axis',(-0.874233651355018,-0.485505430287316,0.));
#7038=DIRECTION('ref_axis',(-0.485505430287316,0.874233651355018,0.));
#7039=DIRECTION('',(-0.485505430287316,0.874233651355018,0.));
#7040=DIRECTION('',(0.,0.,-1.));
#7041=DIRECTION('',(0.485505430287316,-0.874233651355018,0.));
#7042=DIRECTION('',(0.,0.,-1.));
#7043=DIRECTION('center_axis',(0.258819045102522,-0.965925826289068,0.));
#7044=DIRECTION('ref_axis',(-0.965925826289068,-0.258819045102522,0.));
#7045=DIRECTION('',(-0.965925826289068,-0.258819045102522,0.));
#7046=DIRECTION('',(0.,0.,-1.));
#7047=DIRECTION('',(0.965925826289068,0.258819045102522,0.));
#7048=DIRECTION('center_axis',(0.999857508594847,0.0168808325181472,0.));
#7049=DIRECTION('ref_axis',(0.0168808325181472,-0.999857508594847,0.));
#7050=DIRECTION('',(0.0168808325181472,-0.999857508594847,0.));
#7051=DIRECTION('',(0.,0.,1.));
#7052=DIRECTION('',(-0.0168808325181472,0.999857508594847,0.));
#7053=DIRECTION('center_axis',(-0.999861266060332,0.0166567893733988,0.));
#7054=DIRECTION('ref_axis',(0.0166567893733988,0.999861266060332,0.));
#7055=DIRECTION('',(0.0166567893733988,0.999861266060332,0.));
#7056=DIRECTION('',(0.,0.,-1.));
#7057=DIRECTION('',(-0.0166567893733988,-0.999861266060332,0.));
#7058=DIRECTION('',(0.,0.,-1.));
#7059=DIRECTION('center_axis',(-0.258819045102522,-0.965925826289068,0.));
#7060=DIRECTION('ref_axis',(-0.965925826289068,0.258819045102522,0.));
#7061=DIRECTION('',(-0.965925826289068,0.258819045102522,0.));
#7062=DIRECTION('',(0.,0.,-1.));
#7063=DIRECTION('',(0.965925826289068,-0.258819045102522,0.));
#7064=DIRECTION('center_axis',(0.874342418866829,-0.485309524499678,0.));
#7065=DIRECTION('ref_axis',(-0.485309524499678,-0.874342418866828,0.));
#7066=DIRECTION('',(-0.485309524499678,-0.874342418866828,0.));
#7067=DIRECTION('',(0.,0.,1.));
#7068=DIRECTION('',(0.485309524499678,0.874342418866828,0.));
#7069=DIRECTION('center_axis',(-0.961480725273664,0.274872361155555,0.));
#7070=DIRECTION('ref_axis',(0.274872361155555,0.961480725273664,0.));
#7071=DIRECTION('',(0.274872361155555,0.961480725273664,0.));
#7072=DIRECTION('',(0.,0.,-1.));
#7073=DIRECTION('',(-0.274872361155555,-0.961480725273664,0.));
#7074=DIRECTION('',(0.,0.,-1.));
#7075=DIRECTION('center_axis',(-0.5,-0.866025403784439,0.));
#7076=DIRECTION('ref_axis',(-0.866025403784438,0.5,0.));
#7077=DIRECTION('',(-0.866025403784438,0.5,0.));
#7078=DIRECTION('',(0.,0.,-1.));
#7079=DIRECTION('',(0.866025403784438,-0.5,0.));
#7080=DIRECTION('center_axis',(0.71894257569336,-0.695069473402046,0.));
#7081=DIRECTION('ref_axis',(-0.695069473402046,-0.71894257569336,0.));
#7082=DIRECTION('',(-0.695069473402046,-0.71894257569336,0.));
#7083=DIRECTION('',(0.,0.,1.));
#7084=DIRECTION('',(0.695069473402046,0.71894257569336,0.));
#7085=DIRECTION('center_axis',(-0.718786810195754,-0.695230552758302,0.));
#7086=DIRECTION('ref_axis',(-0.695230552758302,0.718786810195754,0.));
#7087=DIRECTION('',(-0.695230552758302,0.718786810195754,0.));
#7088=DIRECTION('',(0.,0.,-1.));
#7089=DIRECTION('',(0.695230552758302,-0.718786810195754,0.));
#7090=DIRECTION('',(0.,0.,-1.));
#7091=DIRECTION('center_axis',(0.5,-0.866025403784439,0.));
#7092=DIRECTION('ref_axis',(-0.866025403784438,-0.5,0.));
#7093=DIRECTION('',(-0.866025403784438,-0.5,0.));
#7094=DIRECTION('',(0.,0.,-1.));
#7095=DIRECTION('',(0.866025403784438,0.5,0.));
#7096=DIRECTION('center_axis',(0.961419109207924,0.275087797711642,0.));
#7097=DIRECTION('ref_axis',(0.275087797711642,-0.961419109207924,0.));
#7098=DIRECTION('',(0.275087797711642,-0.961419109207924,0.));
#7099=DIRECTION('',(0.,0.,1.));
#7100=DIRECTION('',(-0.275087797711642,0.961419109207924,0.));
#7101=DIRECTION('center_axis',(0.24269391507791,-0.970102913913857,0.));
#7102=DIRECTION('ref_axis',(-0.970102913913857,-0.24269391507791,0.));
#7103=DIRECTION('',(-0.970102913913857,-0.24269391507791,0.));
#7104=DIRECTION('',(0.,0.,-1.));
#7105=DIRECTION('',(0.970102913913857,0.24269391507791,0.));
#7106=DIRECTION('',(0.,0.,-1.));
#7107=DIRECTION('center_axis',(1.,0.,0.));
#7108=DIRECTION('ref_axis',(0.,-1.,0.));
#7109=DIRECTION('',(0.,-1.,0.));
#7110=DIRECTION('',(0.,0.,-1.));
#7111=DIRECTION('',(0.,1.,0.));
#7112=DIRECTION('center_axis',(0.242476533514565,0.970157271113689,0.));
#7113=DIRECTION('ref_axis',(0.970157271113689,-0.242476533514565,0.));
#7114=DIRECTION('',(0.970157271113689,-0.242476533514565,0.));
#7115=DIRECTION('',(0.,0.,1.));
#7116=DIRECTION('',(-0.970157271113689,0.242476533514565,0.));
#7117=DIRECTION('center_axis',(0.961480725273664,-0.274872361155555,0.));
#7118=DIRECTION('ref_axis',(-0.274872361155555,-0.961480725273664,0.));
#7119=DIRECTION('',(-0.274872361155555,-0.961480725273663,0.));
#7120=DIRECTION('',(0.,0.,-1.));
#7121=DIRECTION('',(0.274872361155555,0.961480725273663,0.));
#7122=DIRECTION('',(0.,0.,-1.));
#7123=DIRECTION('center_axis',(0.5,0.866025403784439,0.));
#7124=DIRECTION('ref_axis',(0.866025403784438,-0.5,0.));
#7125=DIRECTION('',(0.866025403784438,-0.5,0.));
#7126=DIRECTION('',(0.,0.,-1.));
#7127=DIRECTION('',(-0.866025403784438,0.5,0.));
#7128=DIRECTION('center_axis',(-0.718942575693359,0.695069473402047,0.));
#7129=DIRECTION('ref_axis',(0.695069473402047,0.718942575693359,0.));
#7130=DIRECTION('',(0.695069473402047,0.718942575693359,0.));
#7131=DIRECTION('',(0.,0.,1.));
#7132=DIRECTION('',(-0.695069473402047,-0.718942575693359,0.));
#7133=DIRECTION('center_axis',(0.718786810195754,0.695230552758302,0.));
#7134=DIRECTION('ref_axis',(0.695230552758302,-0.718786810195754,0.));
#7135=DIRECTION('',(0.695230552758302,-0.718786810195754,0.));
#7136=DIRECTION('',(0.,0.,-1.));
#7137=DIRECTION('',(-0.695230552758302,0.718786810195754,0.));
#7138=DIRECTION('',(0.,0.,-1.));
#7139=DIRECTION('center_axis',(-0.499999999999999,0.866025403784439,0.));
#7140=DIRECTION('ref_axis',(0.866025403784439,0.499999999999999,0.));
#7141=DIRECTION('',(0.866025403784439,0.499999999999999,0.));
#7142=DIRECTION('',(0.,0.,-1.));
#7143=DIRECTION('',(-0.866025403784439,-0.499999999999999,0.));
#7144=DIRECTION('center_axis',(-0.961419109207924,-0.275087797711642,0.));
#7145=DIRECTION('ref_axis',(-0.275087797711642,0.961419109207924,0.));
#7146=DIRECTION('',(-0.275087797711642,0.961419109207924,0.));
#7147=DIRECTION('',(0.,0.,1.));
#7148=DIRECTION('',(0.275087797711642,-0.961419109207924,0.));
#7149=DIRECTION('center_axis',(-0.24269391507791,0.970102913913857,0.));
#7150=DIRECTION('ref_axis',(0.970102913913857,0.24269391507791,0.));
#7151=DIRECTION('',(0.970102913913857,0.24269391507791,0.));
#7152=DIRECTION('',(0.,0.,-1.));
#7153=DIRECTION('',(-0.970102913913857,-0.24269391507791,0.));
#7154=DIRECTION('',(0.,0.,-1.));
#7155=DIRECTION('center_axis',(-1.,0.,0.));
#7156=DIRECTION('ref_axis',(0.,1.,0.));
#7157=DIRECTION('',(0.,1.,0.));
#7158=DIRECTION('',(0.,0.,-1.));
#7159=DIRECTION('',(0.,-1.,0.));
#7160=DIRECTION('center_axis',(-0.242476533514565,-0.970157271113689,0.));
#7161=DIRECTION('ref_axis',(-0.970157271113689,0.242476533514565,0.));
#7162=DIRECTION('',(-0.970157271113689,0.242476533514565,0.));
#7163=DIRECTION('',(0.,0.,1.));
#7164=DIRECTION('',(0.970157271113689,-0.242476533514565,0.));
#7165=DIRECTION('center_axis',(0.514355835773015,0.85757686198162,0.));
#7166=DIRECTION('ref_axis',(0.85757686198162,-0.514355835773015,0.));
#7167=DIRECTION('',(0.85757686198162,-0.514355835773015,0.));
#7168=DIRECTION('',(0.,0.,-1.));
#7169=DIRECTION('',(-0.85757686198162,0.514355835773015,0.));
#7170=DIRECTION('',(0.,0.,-1.));
#7171=DIRECTION('center_axis',(-0.707106781186548,0.707106781186548,0.));
#7172=DIRECTION('ref_axis',(0.707106781186548,0.707106781186548,0.));
#7173=DIRECTION('',(0.707106781186548,0.707106781186548,0.));
#7174=DIRECTION('',(0.,0.,-1.));
#7175=DIRECTION('',(-0.707106781186548,-0.707106781186548,0.));
#7176=DIRECTION('center_axis',(-0.857461586348682,-0.514547984095169,0.));
#7177=DIRECTION('ref_axis',(-0.514547984095169,0.857461586348682,0.));
#7178=DIRECTION('',(-0.514547984095169,0.857461586348682,0.));
#7179=DIRECTION('',(0.,0.,1.));
#7180=DIRECTION('',(0.514547984095169,-0.857461586348682,0.));
#7181=DIRECTION('center_axis',(0.970102913913857,0.24269391507791,0.));
#7182=DIRECTION('ref_axis',(0.24269391507791,-0.970102913913857,0.));
#7183=DIRECTION('',(0.24269391507791,-0.970102913913857,0.));
#7184=DIRECTION('',(0.,0.,-1.));
#7185=DIRECTION('',(-0.24269391507791,0.970102913913857,0.));
#7186=DIRECTION('',(0.,0.,-1.));
#7187=DIRECTION('center_axis',(0.,1.,0.));
#7188=DIRECTION('ref_axis',(1.,0.,0.));
#7189=DIRECTION('',(1.,0.,0.));
#7190=DIRECTION('',(0.,0.,-1.));
#7191=DIRECTION('',(-1.,0.,0.));
#7192=DIRECTION('center_axis',(-0.970157271113689,0.242476533514565,0.));
#7193=DIRECTION('ref_axis',(0.242476533514565,0.970157271113689,0.));
#7194=DIRECTION('',(0.242476533514565,0.970157271113689,0.));
#7195=DIRECTION('',(0.,0.,1.));
#7196=DIRECTION('',(-0.242476533514565,-0.970157271113689,0.));
#7197=DIRECTION('center_axis',(0.695230552758302,-0.718786810195754,0.));
#7198=DIRECTION('ref_axis',(-0.718786810195754,-0.695230552758302,0.));
#7199=DIRECTION('',(-0.718786810195754,-0.695230552758302,0.));
#7200=DIRECTION('',(0.,0.,-1.));
#7201=DIRECTION('',(0.718786810195754,0.695230552758302,0.));
#7202=DIRECTION('',(0.,0.,-1.));
#7203=DIRECTION('center_axis',(0.866025403784439,0.499999999999999,0.));
#7204=DIRECTION('ref_axis',(0.499999999999999,-0.866025403784439,0.));
#7205=DIRECTION('',(0.499999999999999,-0.866025403784439,0.));
#7206=DIRECTION('',(0.,0.,-1.));
#7207=DIRECTION('',(-0.499999999999999,0.866025403784439,0.));
#7208=DIRECTION('center_axis',(-0.275087797711642,0.961419109207924,0.));
#7209=DIRECTION('ref_axis',(0.961419109207924,0.275087797711642,0.));
#7210=DIRECTION('',(0.961419109207924,0.275087797711642,0.));
#7211=DIRECTION('',(0.,0.,1.));
#7212=DIRECTION('',(-0.961419109207924,-0.275087797711642,0.));
#7213=DIRECTION('center_axis',(-0.274872361155555,-0.961480725273664,0.));
#7214=DIRECTION('ref_axis',(-0.961480725273664,0.274872361155555,0.));
#7215=DIRECTION('',(-0.961480725273664,0.274872361155555,0.));
#7216=DIRECTION('',(0.,0.,-1.));
#7217=DIRECTION('',(0.961480725273664,-0.274872361155555,0.));
#7218=DIRECTION('',(0.,0.,-1.));
#7219=DIRECTION('center_axis',(0.866025403784438,-0.500000000000001,0.));
#7220=DIRECTION('ref_axis',(-0.500000000000001,-0.866025403784438,0.));
#7221=DIRECTION('',(-0.500000000000001,-0.866025403784438,0.));
#7222=DIRECTION('',(0.,0.,-1.));
#7223=DIRECTION('',(0.500000000000001,0.866025403784438,0.));
#7224=DIRECTION('center_axis',(0.695069473402047,0.718942575693359,0.));
#7225=DIRECTION('ref_axis',(0.718942575693359,-0.695069473402047,0.));
#7226=DIRECTION('',(0.718942575693359,-0.695069473402047,0.));
#7227=DIRECTION('',(0.,0.,1.));
#7228=DIRECTION('',(-0.718942575693359,0.695069473402047,0.));
#7229=DIRECTION('center_axis',(-0.695230552758301,0.718786810195754,0.));
#7230=DIRECTION('ref_axis',(0.718786810195754,0.695230552758301,0.));
#7231=DIRECTION('',(0.718786810195754,0.695230552758301,0.));
#7232=DIRECTION('',(0.,0.,-1.));
#7233=DIRECTION('',(-0.718786810195754,-0.695230552758301,0.));
#7234=DIRECTION('',(0.,0.,-1.));
#7235=DIRECTION('center_axis',(-0.866025403784439,-0.499999999999999,0.));
#7236=DIRECTION('ref_axis',(-0.499999999999999,0.866025403784439,0.));
#7237=DIRECTION('',(-0.499999999999999,0.866025403784439,0.));
#7238=DIRECTION('',(0.,0.,-1.));
#7239=DIRECTION('',(0.499999999999999,-0.866025403784439,0.));
#7240=DIRECTION('center_axis',(0.275087797711642,-0.961419109207924,0.));
#7241=DIRECTION('ref_axis',(-0.961419109207924,-0.275087797711642,0.));
#7242=DIRECTION('',(-0.961419109207924,-0.275087797711642,0.));
#7243=DIRECTION('',(0.,0.,1.));
#7244=DIRECTION('',(0.961419109207924,0.275087797711642,0.));
#7245=DIRECTION('center_axis',(-0.970102913913857,-0.24269391507791,0.));
#7246=DIRECTION('ref_axis',(-0.24269391507791,0.970102913913857,0.));
#7247=DIRECTION('',(-0.24269391507791,0.970102913913857,0.));
#7248=DIRECTION('',(0.,0.,-1.));
#7249=DIRECTION('',(0.24269391507791,-0.970102913913857,0.));
#7250=DIRECTION('',(0.,0.,-1.));
#7251=DIRECTION('center_axis',(0.,-1.,0.));
#7252=DIRECTION('ref_axis',(-1.,0.,0.));
#7253=DIRECTION('',(-1.,0.,0.));
#7254=DIRECTION('',(0.,0.,-1.));
#7255=DIRECTION('',(1.,0.,0.));
#7256=DIRECTION('center_axis',(0.970157271113689,-0.242476533514565,0.));
#7257=DIRECTION('ref_axis',(-0.242476533514565,-0.970157271113689,0.));
#7258=DIRECTION('',(-0.242476533514565,-0.970157271113689,0.));
#7259=DIRECTION('',(0.,0.,1.));
#7260=DIRECTION('',(0.242476533514565,0.970157271113689,0.));
#7261=DIRECTION('center_axis',(-0.85757686198162,0.514355835773015,0.));
#7262=DIRECTION('ref_axis',(0.514355835773015,0.85757686198162,0.));
#7263=DIRECTION('',(0.514355835773015,0.85757686198162,0.));
#7264=DIRECTION('',(0.,0.,-1.));
#7265=DIRECTION('',(-0.514355835773015,-0.85757686198162,0.));
#7266=DIRECTION('',(0.,0.,-1.));
#7267=DIRECTION('center_axis',(-0.707106781186548,-0.707106781186548,0.));
#7268=DIRECTION('ref_axis',(-0.707106781186548,0.707106781186548,0.));
#7269=DIRECTION('',(-0.707106781186548,0.707106781186548,0.));
#7270=DIRECTION('',(0.,0.,-1.));
#7271=DIRECTION('',(0.707106781186548,-0.707106781186548,0.));
#7272=DIRECTION('center_axis',(0.514547984095169,-0.857461586348682,0.));
#7273=DIRECTION('ref_axis',(-0.857461586348682,-0.514547984095169,0.));
#7274=DIRECTION('',(-0.857461586348682,-0.514547984095169,0.));
#7275=DIRECTION('',(0.,0.,1.));
#7276=DIRECTION('',(0.857461586348682,0.514547984095169,0.));
#7277=DIRECTION('center_axis',(-0.514355835773015,-0.85757686198162,0.));
#7278=DIRECTION('ref_axis',(-0.85757686198162,0.514355835773015,0.));
#7279=DIRECTION('',(-0.85757686198162,0.514355835773015,0.));
#7280=DIRECTION('',(0.,0.,-1.));
#7281=DIRECTION('',(0.85757686198162,-0.514355835773015,0.));
#7282=DIRECTION('',(0.,0.,-1.));
#7283=DIRECTION('center_axis',(0.707106781186548,-0.707106781186548,0.));
#7284=DIRECTION('ref_axis',(-0.707106781186548,-0.707106781186548,0.));
#7285=DIRECTION('',(-0.707106781186548,-0.707106781186548,0.));
#7286=DIRECTION('',(0.,0.,-1.));
#7287=DIRECTION('',(0.707106781186548,0.707106781186548,0.));
#7288=DIRECTION('center_axis',(0.857461586348681,0.51454798409517,0.));
#7289=DIRECTION('ref_axis',(0.51454798409517,-0.857461586348681,0.));
#7290=DIRECTION('',(0.51454798409517,-0.857461586348681,0.));
#7291=DIRECTION('',(0.,0.,1.));
#7292=DIRECTION('',(-0.51454798409517,0.857461586348681,0.));
#7293=DIRECTION('center_axis',(0.485505430287316,-0.874233651355018,0.));
#7294=DIRECTION('ref_axis',(-0.874233651355018,-0.485505430287316,0.));
#7295=DIRECTION('',(-0.874233651355018,-0.485505430287316,0.));
#7296=DIRECTION('',(0.,0.,-1.));
#7297=DIRECTION('',(0.874233651355018,0.485505430287316,0.));
#7298=DIRECTION('',(0.,0.,-1.));
#7299=DIRECTION('center_axis',(0.965925826289068,0.258819045102522,0.));
#7300=DIRECTION('ref_axis',(0.258819045102522,-0.965925826289068,0.));
#7301=DIRECTION('',(0.258819045102522,-0.965925826289068,0.));
#7302=DIRECTION('',(0.,0.,-1.));
#7303=DIRECTION('',(-0.258819045102522,0.965925826289068,0.));
#7304=DIRECTION('center_axis',(-0.0168808325181472,0.999857508594847,0.));
#7305=DIRECTION('ref_axis',(0.999857508594847,0.0168808325181472,0.));
#7306=DIRECTION('',(0.999857508594847,0.0168808325181472,0.));
#7307=DIRECTION('',(0.,0.,1.));
#7308=DIRECTION('',(-0.999857508594847,-0.0168808325181472,0.));
#7309=DIRECTION('center_axis',(0.999861266060332,-0.0166567893733983,0.));
#7310=DIRECTION('ref_axis',(-0.0166567893733983,-0.999861266060332,0.));
#7311=DIRECTION('',(-0.0166567893733983,-0.999861266060332,0.));
#7312=DIRECTION('',(0.,0.,-1.));
#7313=DIRECTION('',(0.0166567893733983,0.999861266060332,0.));
#7314=DIRECTION('',(0.,0.,-1.));
#7315=DIRECTION('center_axis',(0.258819045102522,0.965925826289068,0.));
#7316=DIRECTION('ref_axis',(0.965925826289068,-0.258819045102522,0.));
#7317=DIRECTION('',(0.965925826289068,-0.258819045102522,0.));
#7318=DIRECTION('',(0.,0.,-1.));
#7319=DIRECTION('',(-0.965925826289068,0.258819045102522,0.));
#7320=DIRECTION('center_axis',(-0.874342418866829,0.485309524499678,0.));
#7321=DIRECTION('ref_axis',(0.485309524499678,0.874342418866829,0.));
#7322=DIRECTION('',(0.485309524499678,0.874342418866829,0.));
#7323=DIRECTION('',(0.,0.,1.));
#7324=DIRECTION('',(-0.485309524499678,-0.874342418866829,0.));
#7325=DIRECTION('center_axis',(0.274872361155555,0.961480725273664,0.));
#7326=DIRECTION('ref_axis',(0.961480725273664,-0.274872361155555,0.));
#7327=DIRECTION('',(0.961480725273663,-0.274872361155555,0.));
#7328=DIRECTION('',(0.,0.,-1.));
#7329=DIRECTION('',(-0.961480725273663,0.274872361155555,0.));
#7330=DIRECTION('',(0.,0.,-1.));
#7331=DIRECTION('center_axis',(-0.866025403784439,0.5,0.));
#7332=DIRECTION('ref_axis',(0.5,0.866025403784438,0.));
#7333=DIRECTION('',(0.5,0.866025403784438,0.));
#7334=DIRECTION('',(0.,0.,-1.));
#7335=DIRECTION('',(-0.5,-0.866025403784438,0.));
#7336=DIRECTION('center_axis',(-0.695069473402047,-0.718942575693359,0.));
#7337=DIRECTION('ref_axis',(-0.718942575693359,0.695069473402047,0.));
#7338=DIRECTION('',(-0.718942575693359,0.695069473402047,0.));
#7339=DIRECTION('',(0.,0.,1.));
#7340=DIRECTION('',(0.718942575693359,-0.695069473402047,0.));
#7341=DIRECTION('center_axis',(-0.485505430287316,0.874233651355018,0.));
#7342=DIRECTION('ref_axis',(0.874233651355018,0.485505430287316,0.));
#7343=DIRECTION('',(0.874233651355018,0.485505430287316,0.));
#7344=DIRECTION('',(0.,0.,-1.));
#7345=DIRECTION('',(-0.874233651355018,-0.485505430287316,0.));
#7346=DIRECTION('',(0.,0.,-1.));
#7347=DIRECTION('center_axis',(-0.965925826289069,-0.258819045102518,0.));
#7348=DIRECTION('ref_axis',(-0.258819045102518,0.965925826289069,0.));
#7349=DIRECTION('',(-0.258819045102518,0.965925826289069,0.));
#7350=DIRECTION('',(0.,0.,-1.));
#7351=DIRECTION('',(0.258819045102518,-0.965925826289069,0.));
#7352=DIRECTION('center_axis',(0.0168808325181469,-0.999857508594847,0.));
#7353=DIRECTION('ref_axis',(-0.999857508594847,-0.0168808325181469,0.));
#7354=DIRECTION('',(-0.999857508594847,-0.0168808325181469,0.));
#7355=DIRECTION('',(0.,0.,1.));
#7356=DIRECTION('',(0.999857508594847,0.0168808325181469,0.));
#7357=DIRECTION('center_axis',(0.,0.,1.));
#7358=DIRECTION('ref_axis',(1.,0.,0.));
#7359=DIRECTION('center_axis',(0.,0.,1.));
#7360=DIRECTION('ref_axis',(1.,0.,0.));
#7361=DIRECTION('center_axis',(0.,0.,1.));
#7362=DIRECTION('ref_axis',(1.,0.,0.));
#7363=DIRECTION('center_axis',(0.,0.,1.));
#7364=DIRECTION('ref_axis',(1.,0.,0.));
#7365=DIRECTION('center_axis',(0.,0.,1.));
#7366=DIRECTION('ref_axis',(1.,0.,0.));
#7367=DIRECTION('center_axis',(0.,0.,1.));
#7368=DIRECTION('ref_axis',(1.,0.,0.));
#7369=DIRECTION('center_axis',(0.,0.,1.));
#7370=DIRECTION('ref_axis',(1.,0.,0.));
#7371=DIRECTION('center_axis',(0.,0.,1.));
#7372=DIRECTION('ref_axis',(1.,0.,0.));
#7373=DIRECTION('center_axis',(0.,0.,1.));
#7374=DIRECTION('ref_axis',(1.,0.,0.));
#7375=DIRECTION('center_axis',(0.,0.,1.));
#7376=DIRECTION('ref_axis',(1.,0.,0.));
#7377=DIRECTION('center_axis',(0.,0.,1.));
#7378=DIRECTION('ref_axis',(1.,0.,0.));
#7379=DIRECTION('center_axis',(0.,0.,1.));
#7380=DIRECTION('ref_axis',(1.,0.,0.));
#7381=DIRECTION('center_axis',(0.,0.,1.));
#7382=DIRECTION('ref_axis',(1.,0.,0.));
#7383=DIRECTION('center_axis',(0.,0.,1.));
#7384=DIRECTION('ref_axis',(1.,0.,0.));
#7385=DIRECTION('center_axis',(0.,0.,1.));
#7386=DIRECTION('ref_axis',(1.,0.,0.));
#7387=DIRECTION('center_axis',(0.,0.,1.));
#7388=DIRECTION('ref_axis',(1.,0.,0.));
#7389=DIRECTION('center_axis',(0.,0.,1.));
#7390=DIRECTION('ref_axis',(1.,0.,0.));
#7391=DIRECTION('center_axis',(0.,0.,1.));
#7392=DIRECTION('ref_axis',(1.,0.,0.));
#7393=DIRECTION('center_axis',(0.,0.,1.));
#7394=DIRECTION('ref_axis',(1.,0.,0.));
#7395=DIRECTION('center_axis',(0.,0.,1.));
#7396=DIRECTION('ref_axis',(1.,0.,0.));
#7397=DIRECTION('center_axis',(0.,0.,1.));
#7398=DIRECTION('ref_axis',(1.,0.,0.));
#7399=DIRECTION('center_axis',(0.,0.,1.));
#7400=DIRECTION('ref_axis',(1.,0.,0.));
#7401=DIRECTION('center_axis',(0.,0.,1.));
#7402=DIRECTION('ref_axis',(1.,0.,0.));
#7403=DIRECTION('center_axis',(0.,0.,1.));
#7404=DIRECTION('ref_axis',(1.,0.,0.));
#7405=DIRECTION('center_axis',(0.,0.,1.));
#7406=DIRECTION('ref_axis',(1.,0.,0.));
#7407=DIRECTION('center_axis',(0.,0.,1.));
#7408=DIRECTION('ref_axis',(1.,0.,0.));
#7409=DIRECTION('center_axis',(0.,0.,1.));
#7410=DIRECTION('ref_axis',(1.,0.,0.));
#7411=DIRECTION('center_axis',(0.,0.,1.));
#7412=DIRECTION('ref_axis',(1.,0.,0.));
#7413=DIRECTION('center_axis',(0.,0.,1.));
#7414=DIRECTION('ref_axis',(1.,0.,0.));
#7415=DIRECTION('center_axis',(0.,0.,1.));
#7416=DIRECTION('ref_axis',(1.,0.,0.));
#7417=DIRECTION('center_axis',(0.,0.,1.));
#7418=DIRECTION('ref_axis',(1.,0.,0.));
#7419=DIRECTION('center_axis',(0.,0.,1.));
#7420=DIRECTION('ref_axis',(1.,0.,0.));
#7421=DIRECTION('center_axis',(0.,0.,1.));
#7422=DIRECTION('ref_axis',(1.,0.,0.));
#7423=DIRECTION('center_axis',(0.,0.,1.));
#7424=DIRECTION('ref_axis',(1.,0.,0.));
#7425=DIRECTION('center_axis',(0.,0.,1.));
#7426=DIRECTION('ref_axis',(1.,0.,0.));
#7427=DIRECTION('center_axis',(0.,0.,1.));
#7428=DIRECTION('ref_axis',(1.,0.,0.));
#7429=DIRECTION('center_axis',(0.,0.,1.));
#7430=DIRECTION('ref_axis',(1.,0.,0.));
#7431=DIRECTION('center_axis',(0.,0.,1.));
#7432=DIRECTION('ref_axis',(1.,0.,0.));
#7433=DIRECTION('center_axis',(0.,0.,1.));
#7434=DIRECTION('ref_axis',(1.,0.,0.));
#7435=DIRECTION('center_axis',(0.,0.,1.));
#7436=DIRECTION('ref_axis',(1.,0.,0.));
#7437=DIRECTION('center_axis',(0.,0.,1.));
#7438=DIRECTION('ref_axis',(1.,0.,0.));
#7439=DIRECTION('center_axis',(0.,0.,1.));
#7440=DIRECTION('ref_axis',(1.,0.,0.));
#7441=DIRECTION('center_axis',(0.,0.,1.));
#7442=DIRECTION('ref_axis',(1.,0.,0.));
#7443=DIRECTION('center_axis',(0.,0.,1.));
#7444=DIRECTION('ref_axis',(1.,0.,0.));
#7445=DIRECTION('center_axis',(0.,0.,1.));
#7446=DIRECTION('ref_axis',(1.,0.,0.));
#7447=DIRECTION('center_axis',(0.,0.,1.));
#7448=DIRECTION('ref_axis',(1.,0.,0.));
#7449=DIRECTION('center_axis',(0.,0.,1.));
#7450=DIRECTION('ref_axis',(1.,0.,0.));
#7451=DIRECTION('center_axis',(0.,0.,1.));
#7452=DIRECTION('ref_axis',(1.,0.,0.));
#7453=DIRECTION('center_axis',(0.,0.,1.));
#7454=DIRECTION('ref_axis',(1.,0.,0.));
#7455=DIRECTION('center_axis',(0.,0.,1.));
#7456=DIRECTION('ref_axis',(1.,0.,0.));
#7457=DIRECTION('center_axis',(0.,0.,1.));
#7458=DIRECTION('ref_axis',(1.,0.,0.));
#7459=DIRECTION('center_axis',(0.,0.,1.));
#7460=DIRECTION('ref_axis',(1.,0.,0.));
#7461=DIRECTION('center_axis',(0.,0.,1.));
#7462=DIRECTION('ref_axis',(1.,0.,0.));
#7463=DIRECTION('center_axis',(0.,0.,1.));
#7464=DIRECTION('ref_axis',(1.,0.,0.));
#7465=DIRECTION('center_axis',(0.,0.,1.));
#7466=DIRECTION('ref_axis',(1.,0.,0.));
#7467=DIRECTION('center_axis',(0.,0.,1.));
#7468=DIRECTION('ref_axis',(1.,0.,0.));
#7469=DIRECTION('center_axis',(0.,0.,1.));
#7470=DIRECTION('ref_axis',(1.,0.,0.));
#7471=DIRECTION('center_axis',(0.,0.,1.));
#7472=DIRECTION('ref_axis',(1.,0.,0.));
#7473=DIRECTION('center_axis',(0.,0.,1.));
#7474=DIRECTION('ref_axis',(1.,0.,0.));
#7475=DIRECTION('center_axis',(0.,0.,1.));
#7476=DIRECTION('ref_axis',(1.,0.,0.));
#7477=DIRECTION('center_axis',(0.,0.,1.));
#7478=DIRECTION('ref_axis',(1.,0.,0.));
#7479=DIRECTION('center_axis',(0.,0.,1.));
#7480=DIRECTION('ref_axis',(1.,0.,0.));
#7481=DIRECTION('center_axis',(0.,0.,1.));
#7482=DIRECTION('ref_axis',(1.,0.,0.));
#7483=DIRECTION('center_axis',(0.,0.,1.));
#7484=DIRECTION('ref_axis',(1.,0.,0.));
#7485=DIRECTION('center_axis',(0.,0.,1.));
#7486=DIRECTION('ref_axis',(1.,0.,0.));
#7487=DIRECTION('center_axis',(0.,0.,1.));
#7488=DIRECTION('ref_axis',(1.,0.,0.));
#7489=DIRECTION('center_axis',(0.,0.,1.));
#7490=DIRECTION('ref_axis',(1.,0.,0.));
#7491=DIRECTION('center_axis',(0.,0.,1.));
#7492=DIRECTION('ref_axis',(1.,0.,0.));
#7493=DIRECTION('center_axis',(0.,0.,1.));
#7494=DIRECTION('ref_axis',(1.,0.,0.));
#7495=DIRECTION('center_axis',(0.,0.,1.));
#7496=DIRECTION('ref_axis',(1.,0.,0.));
#7497=DIRECTION('center_axis',(0.,0.,1.));
#7498=DIRECTION('ref_axis',(1.,0.,0.));
#7499=DIRECTION('center_axis',(0.,0.,1.));
#7500=DIRECTION('ref_axis',(1.,0.,0.));
#7501=DIRECTION('center_axis',(0.,0.,1.));
#7502=DIRECTION('ref_axis',(1.,0.,0.));
#7503=DIRECTION('center_axis',(0.,0.,1.));
#7504=DIRECTION('ref_axis',(1.,0.,0.));
#7505=DIRECTION('axis',(0.,0.,1.));
#7506=DIRECTION('refdir',(1.,0.,0.));
#7507=DIRECTION('center_axis',(0.,0.,-1.));
#7508=DIRECTION('ref_axis',(1.,0.,0.));
#7509=DIRECTION('center_axis',(0.,0.,-1.));
#7510=DIRECTION('ref_axis',(1.,0.,0.));
#7511=DIRECTION('',(0.,0.,-1.));
#7512=DIRECTION('center_axis',(0.,0.,1.));
#7513=DIRECTION('ref_axis',(1.,0.,0.));
#7514=DIRECTION('center_axis',(0.,0.,1.));
#7515=DIRECTION('ref_axis',(1.,0.,0.));
#7516=DIRECTION('center_axis',(0.,0.,1.));
#7517=DIRECTION('ref_axis',(1.,0.,0.));
#7518=DIRECTION('',(0.,0.,-1.));
#7519=DIRECTION('center_axis',(0.,0.,1.));
#7520=DIRECTION('ref_axis',(1.,0.,0.));
#7521=DIRECTION('center_axis',(0.,0.,1.));
#7522=DIRECTION('ref_axis',(1.,0.,0.));
#7523=DIRECTION('center_axis',(0.,0.,1.));
#7524=DIRECTION('ref_axis',(1.,0.,0.));
#7525=DIRECTION('center_axis',(0.,0.,-1.));
#7526=DIRECTION('ref_axis',(-1.,0.,0.));
#7527=DIRECTION('center_axis',(0.,0.,-1.));
#7528=DIRECTION('ref_axis',(-1.,0.,0.));
#7529=DIRECTION('',(0.,0.,1.));
#7530=DIRECTION('center_axis',(0.,0.,1.));
#7531=DIRECTION('ref_axis',(-1.,0.,0.));
#7532=DIRECTION('center_axis',(0.,0.,-1.));
#7533=DIRECTION('ref_axis',(-1.,0.,0.));
#7534=DIRECTION('center_axis',(0.,0.,-1.));
#7535=DIRECTION('ref_axis',(-1.,0.,0.));
#7536=DIRECTION('center_axis',(0.,0.,1.));
#7537=DIRECTION('ref_axis',(1.,0.,0.));
#7538=DIRECTION('center_axis',(0.,0.,1.));
#7539=DIRECTION('ref_axis',(1.,0.,0.));
#7540=DIRECTION('center_axis',(0.,0.,1.));
#7541=DIRECTION('ref_axis',(-1.,0.,0.));
#7542=DIRECTION('center_axis',(0.,0.,1.));
#7543=DIRECTION('ref_axis',(1.,0.,0.));
#7544=DIRECTION('center_axis',(0.,0.,1.));
#7545=DIRECTION('ref_axis',(1.,0.,0.));
#7546=DIRECTION('center_axis',(0.,0.,1.));
#7547=DIRECTION('ref_axis',(1.,0.,0.));
#7548=DIRECTION('',(0.,0.,-1.));
#7549=DIRECTION('center_axis',(0.,0.,-1.));
#7550=DIRECTION('ref_axis',(-1.,0.,0.));
#7551=DIRECTION('center_axis',(0.,0.,1.));
#7552=DIRECTION('ref_axis',(-1.,0.,0.));
#7553=DIRECTION('center_axis',(0.,0.,1.));
#7554=DIRECTION('ref_axis',(-1.,0.,0.));
#7555=DIRECTION('',(0.,0.,1.));
#7556=DIRECTION('axis',(0.,0.,1.));
#7557=DIRECTION('refdir',(1.,0.,0.));
#7558=DIRECTION('center_axis',(-1.,0.,0.));
#7559=DIRECTION('ref_axis',(0.,0.,1.));
#7560=DIRECTION('',(0.,0.,-1.));
#7561=DIRECTION('',(0.,1.,0.));
#7562=DIRECTION('',(0.,0.,1.));
#7563=DIRECTION('',(0.,1.,0.));
#7564=DIRECTION('center_axis',(0.,0.,-1.));
#7565=DIRECTION('ref_axis',(-1.,0.,0.));
#7566=DIRECTION('',(1.,0.,0.));
#7567=DIRECTION('',(-1.,0.,0.));
#7568=DIRECTION('',(0.,1.,0.));
#7569=DIRECTION('center_axis',(1.,0.,0.));
#7570=DIRECTION('ref_axis',(0.,0.,-1.));
#7571=DIRECTION('',(0.,0.,1.));
#7572=DIRECTION('',(0.,0.,-1.));
#7573=DIRECTION('',(0.,1.,0.));
#7574=DIRECTION('center_axis',(0.,0.,1.));
#7575=DIRECTION('ref_axis',(1.,0.,0.));
#7576=DIRECTION('',(-1.,0.,0.));
#7577=DIRECTION('',(1.,0.,0.));
#7578=DIRECTION('center_axis',(0.,1.,0.));
#7579=DIRECTION('ref_axis',(0.,0.,1.));
#7580=DIRECTION('center_axis',(0.,1.,0.));
#7581=DIRECTION('ref_axis',(1.,0.,0.));
#7582=DIRECTION('axis',(0.,0.,1.));
#7583=DIRECTION('refdir',(1.,0.,0.));
#7584=DIRECTION('center_axis',(0.,0.,-1.));
#7585=DIRECTION('ref_axis',(-1.,0.,0.));
#7586=DIRECTION('',(-1.,0.,0.));
#7587=DIRECTION('',(0.,1.,0.));
#7588=DIRECTION('',(-1.,0.,0.));
#7589=DIRECTION('',(0.,1.,0.));
#7590=DIRECTION('center_axis',(1.,0.,0.));
#7591=DIRECTION('ref_axis',(0.,0.,-1.));
#7592=DIRECTION('',(0.,0.,-1.));
#7593=DIRECTION('',(0.,0.,-1.));
#7594=DIRECTION('',(0.,1.,0.));
#7595=DIRECTION('center_axis',(0.,0.,1.));
#7596=DIRECTION('ref_axis',(1.,0.,0.));
#7597=DIRECTION('',(1.,0.,0.));
#7598=DIRECTION('',(1.,0.,0.));
#7599=DIRECTION('',(0.,1.,0.));
#7600=DIRECTION('center_axis',(-1.,0.,0.));
#7601=DIRECTION('ref_axis',(0.,0.,1.));
#7602=DIRECTION('',(0.,0.,1.));
#7603=DIRECTION('',(0.,0.,1.));
#7604=DIRECTION('center_axis',(0.,1.,0.));
#7605=DIRECTION('ref_axis',(0.,0.,1.));
#7606=DIRECTION('center_axis',(0.,1.,0.));
#7607=DIRECTION('ref_axis',(1.,0.,0.));
#7608=DIRECTION('axis',(0.,0.,1.));
#7609=DIRECTION('refdir',(1.,0.,0.));
#7610=DIRECTION('center_axis',(0.,1.,0.));
#7611=DIRECTION('ref_axis',(1.,0.,0.));
#7612=DIRECTION('center_axis',(0.,1.,0.));
#7613=DIRECTION('ref_axis',(1.,0.,0.));
#7614=DIRECTION('',(0.,-1.,0.));
#7615=DIRECTION('center_axis',(0.,1.,0.));
#7616=DIRECTION('ref_axis',(1.,0.,0.));
#7617=DIRECTION('center_axis',(0.,1.,0.));
#7618=DIRECTION('ref_axis',(1.,0.,0.));
#7619=DIRECTION('center_axis',(0.,1.,0.));
#7620=DIRECTION('ref_axis',(1.,0.,0.));
#7621=DIRECTION('axis',(0.,0.,1.));
#7622=DIRECTION('refdir',(1.,0.,0.));
#7623=DIRECTION('center_axis',(0.,0.,-1.));
#7624=DIRECTION('ref_axis',(-1.,0.,0.));
#7625=DIRECTION('',(-1.,0.,0.));
#7626=DIRECTION('',(0.,1.,0.));
#7627=DIRECTION('',(-1.,0.,0.));
#7628=DIRECTION('',(0.,1.,0.));
#7629=DIRECTION('center_axis',(1.,0.,0.));
#7630=DIRECTION('ref_axis',(0.,0.,-1.));
#7631=DIRECTION('',(0.,0.,-1.));
#7632=DIRECTION('',(0.,0.,-1.));
#7633=DIRECTION('',(0.,1.,0.));
#7634=DIRECTION('center_axis',(-2.46519032881566E-33,0.,1.));
#7635=DIRECTION('ref_axis',(1.,0.,2.46519032881566E-33));
#7636=DIRECTION('',(1.,0.,2.46519032881566E-33));
#7637=DIRECTION('',(1.,0.,2.46519032881566E-33));
#7638=DIRECTION('',(0.,1.,0.));
#7639=DIRECTION('center_axis',(-1.,0.,4.1086505480261E-33));
#7640=DIRECTION('ref_axis',(4.1086505480261E-33,0.,1.));
#7641=DIRECTION('',(4.1086505480261E-33,0.,1.));
#7642=DIRECTION('',(4.1086505480261E-33,0.,1.));
#7643=DIRECTION('center_axis',(0.,1.,0.));
#7644=DIRECTION('ref_axis',(0.,0.,1.));
#7645=DIRECTION('center_axis',(0.,1.,0.));
#7646=DIRECTION('ref_axis',(1.,0.,0.));
#7647=DIRECTION('axis',(0.,0.,1.));
#7648=DIRECTION('refdir',(1.,0.,0.));
#7649=DIRECTION('center_axis',(0.,1.,0.));
#7650=DIRECTION('ref_axis',(-1.,0.,0.));
#7651=DIRECTION('center_axis',(0.,1.,0.));
#7652=DIRECTION('ref_axis',(-1.,0.,0.));
#7653=DIRECTION('',(0.,-1.,0.));
#7654=DIRECTION('center_axis',(0.,-1.,0.));
#7655=DIRECTION('ref_axis',(-1.,0.,0.));
#7656=DIRECTION('center_axis',(0.,1.,0.));
#7657=DIRECTION('ref_axis',(-1.,0.,0.));
#7658=DIRECTION('center_axis',(0.,1.,0.));
#7659=DIRECTION('ref_axis',(1.,0.,0.));
#7660=DIRECTION('center_axis',(0.,1.,0.));
#7661=DIRECTION('ref_axis',(1.,0.,0.));
#7662=DIRECTION('',(0.,-1.,0.));
#7663=DIRECTION('center_axis',(0.,1.,0.));
#7664=DIRECTION('ref_axis',(1.,0.,0.));
#7665=DIRECTION('center_axis',(0.,1.,0.));
#7666=DIRECTION('ref_axis',(1.,0.,0.));
#7667=DIRECTION('center_axis',(0.,1.,0.));
#7668=DIRECTION('ref_axis',(1.,0.,0.));
#7669=DIRECTION('center_axis',(0.,1.,0.));
#7670=DIRECTION('ref_axis',(1.,0.,0.));
#7671=DIRECTION('center_axis',(0.,1.,0.));
#7672=DIRECTION('ref_axis',(1.,0.,0.));
#7673=DIRECTION('',(0.,-1.,0.));
#7674=DIRECTION('center_axis',(0.,1.,0.));
#7675=DIRECTION('ref_axis',(1.,0.,0.));
#7676=DIRECTION('center_axis',(0.,1.,0.));
#7677=DIRECTION('ref_axis',(1.,0.,0.));
#7678=DIRECTION('center_axis',(0.,1.,0.));
#7679=DIRECTION('ref_axis',(1.,0.,0.));
#7680=DIRECTION('axis',(0.,0.,1.));
#7681=DIRECTION('refdir',(1.,0.,0.));
#7682=DIRECTION('center_axis',(0.,-1.,0.));
#7683=DIRECTION('ref_axis',(0.,0.,1.));
#7684=DIRECTION('center_axis',(0.,-1.,0.));
#7685=DIRECTION('ref_axis',(0.,0.,1.));
#7686=DIRECTION('',(0.,-1.,0.));
#7687=DIRECTION('center_axis',(0.,-1.,0.));
#7688=DIRECTION('ref_axis',(0.,0.,1.));
#7689=DIRECTION('center_axis',(0.,-1.,0.));
#7690=DIRECTION('ref_axis',(0.,0.,1.));
#7691=DIRECTION('center_axis',(0.,-1.,0.));
#7692=DIRECTION('ref_axis',(0.,0.,1.));
#7693=DIRECTION('',(0.,-1.,0.));
#7694=DIRECTION('center_axis',(0.,-1.,0.));
#7695=DIRECTION('ref_axis',(0.,0.,1.));
#7696=DIRECTION('center_axis',(0.,-1.,0.));
#7697=DIRECTION('ref_axis',(0.,0.,1.));
#7698=DIRECTION('center_axis',(0.,-1.,0.));
#7699=DIRECTION('ref_axis',(0.,0.,1.));
#7700=DIRECTION('',(0.,-1.,0.));
#7701=DIRECTION('center_axis',(0.,-1.,0.));
#7702=DIRECTION('ref_axis',(0.,0.,1.));
#7703=DIRECTION('center_axis',(0.,-1.,0.));
#7704=DIRECTION('ref_axis',(0.,0.,1.));
#7705=DIRECTION('center_axis',(0.,-1.,0.));
#7706=DIRECTION('ref_axis',(0.,0.,1.));
#7707=DIRECTION('',(0.,-1.,0.));
#7708=DIRECTION('center_axis',(0.,-1.,0.));
#7709=DIRECTION('ref_axis',(0.,0.,1.));
#7710=DIRECTION('center_axis',(0.,1.,0.));
#7711=DIRECTION('ref_axis',(-0.707106781186547,0.,0.707106781186547));
#7712=DIRECTION('center_axis',(0.,-1.,0.));
#7713=DIRECTION('ref_axis',(-0.707106781186547,0.,0.707106781186547));
#7714=DIRECTION('',(0.,-1.,0.));
#7715=DIRECTION('center_axis',(0.,1.,0.));
#7716=DIRECTION('ref_axis',(-0.707106781186547,0.,0.707106781186547));
#7717=DIRECTION('',(0.,1.,0.));
#7718=DIRECTION('center_axis',(0.,0.,1.));
#7719=DIRECTION('ref_axis',(1.,0.,0.));
#7720=DIRECTION('',(-1.,0.,0.));
#7721=DIRECTION('',(0.,-1.,0.));
#7722=DIRECTION('',(1.,0.,0.));
#7723=DIRECTION('center_axis',(0.,1.,0.));
#7724=DIRECTION('ref_axis',(1.,0.,0.));
#7725=DIRECTION('',(0.,0.,-1.));
#7726=DIRECTION('center_axis',(0.,1.,0.));
#7727=DIRECTION('ref_axis',(-0.707106781186547,0.,-0.707106781186547));
#7728=DIRECTION('',(1.,0.,0.));
#7729=DIRECTION('center_axis',(0.,1.,0.));
#7730=DIRECTION('ref_axis',(0.707106781186547,0.,-0.707106781186547));
#7731=DIRECTION('',(0.,0.,1.));
#7732=DIRECTION('center_axis',(0.,1.,0.));
#7733=DIRECTION('ref_axis',(0.707106781186547,0.,0.707106781186547));
#7734=DIRECTION('center_axis',(0.,1.,0.));
#7735=DIRECTION('ref_axis',(-0.707106781186547,0.,-0.707106781186547));
#7736=DIRECTION('center_axis',(0.,-1.,0.));
#7737=DIRECTION('ref_axis',(-0.707106781186547,0.,-0.707106781186547));
#7738=DIRECTION('',(0.,-1.,0.));
#7739=DIRECTION('',(0.,1.,0.));
#7740=DIRECTION('center_axis',(0.,0.,-1.));
#7741=DIRECTION('ref_axis',(-1.,0.,0.));
#7742=DIRECTION('',(-1.,0.,0.));
#7743=DIRECTION('',(0.,1.,0.));
#7744=DIRECTION('center_axis',(0.,1.,0.));
#7745=DIRECTION('ref_axis',(0.707106781186547,0.,-0.707106781186547));
#7746=DIRECTION('center_axis',(0.,-1.,0.));
#7747=DIRECTION('ref_axis',(0.707106781186547,0.,-0.707106781186547));
#7748=DIRECTION('',(0.,-1.,0.));
#7749=DIRECTION('center_axis',(0.,1.,0.));
#7750=DIRECTION('ref_axis',(0.707106781186547,0.,0.707106781186547));
#7751=DIRECTION('center_axis',(0.,-1.,0.));
#7752=DIRECTION('ref_axis',(0.707106781186547,0.,0.707106781186547));
#7753=DIRECTION('',(0.,1.,0.));
#7754=DIRECTION('center_axis',(-1.,0.,0.));
#7755=DIRECTION('ref_axis',(0.,0.,1.));
#7756=DIRECTION('',(0.,0.,1.));
#7757=DIRECTION('center_axis',(1.,0.,0.));
#7758=DIRECTION('ref_axis',(0.,0.,-1.));
#7759=DIRECTION('',(0.,0.,-1.));
#7760=DIRECTION('center_axis',(0.,1.,0.));
#7761=DIRECTION('ref_axis',(0.,0.,1.));
#7762=DIRECTION('axis',(0.,0.,1.));
#7763=DIRECTION('refdir',(1.,0.,0.));
#7764=DIRECTION('center_axis',(0.,1.,0.));
#7765=DIRECTION('ref_axis',(1.,0.,0.));
#7766=DIRECTION('center_axis',(0.,1.,0.));
#7767=DIRECTION('ref_axis',(1.,0.,0.));
#7768=DIRECTION('',(0.,-1.,0.));
#7769=DIRECTION('center_axis',(0.,-1.,0.));
#7770=DIRECTION('ref_axis',(1.,0.,0.));
#7771=DIRECTION('center_axis',(0.,1.,0.));
#7772=DIRECTION('ref_axis',(1.,0.,0.));
#7773=DIRECTION('center_axis',(0.,1.,0.));
#7774=DIRECTION('ref_axis',(-1.,0.,0.));
#7775=DIRECTION('center_axis',(0.,-1.,0.));
#7776=DIRECTION('ref_axis',(1.,0.,0.));
#7777=DIRECTION('center_axis',(0.,1.,0.));
#7778=DIRECTION('ref_axis',(-1.,0.,0.));
#7779=DIRECTION('center_axis',(0.,-1.,0.));
#7780=DIRECTION('ref_axis',(1.,0.,0.));
#7781=DIRECTION('center_axis',(0.,-1.,0.));
#7782=DIRECTION('ref_axis',(-1.,0.,0.));
#7783=DIRECTION('center_axis',(0.,-1.,0.));
#7784=DIRECTION('ref_axis',(-1.,0.,0.));
#7785=DIRECTION('',(0.,1.,0.));
#7786=DIRECTION('center_axis',(0.,1.,0.));
#7787=DIRECTION('ref_axis',(-1.,0.,0.));
#7788=DIRECTION('center_axis',(0.,1.,0.));
#7789=DIRECTION('ref_axis',(-1.,0.,0.));
#7790=DIRECTION('center_axis',(0.,1.,0.));
#7791=DIRECTION('ref_axis',(1.,0.,0.));
#7792=DIRECTION('center_axis',(0.,-1.,0.));
#7793=DIRECTION('ref_axis',(1.,0.,0.));
#7794=DIRECTION('',(0.,-1.,0.));
#7795=DIRECTION('center_axis',(0.,-1.,0.));
#7796=DIRECTION('ref_axis',(1.,0.,0.));
#7797=DIRECTION('center_axis',(-0.9396444942391,0.,0.342152340991765));
#7798=DIRECTION('ref_axis',(0.342152340991765,0.,0.9396444942391));
#7799=DIRECTION('',(0.342152340991765,0.,0.9396444942391));
#7800=DIRECTION('',(0.,-1.,0.));
#7801=DIRECTION('',(0.342152340991765,0.,0.9396444942391));
#7802=DIRECTION('',(0.,1.,0.));
#7803=DIRECTION('center_axis',(0.,1.,0.));
#7804=DIRECTION('ref_axis',(0.744084768752311,0.,-0.668085216803081));
#7805=DIRECTION('center_axis',(0.,1.,0.));
#7806=DIRECTION('ref_axis',(0.744084768752311,0.,-0.668085216803081));
#7807=DIRECTION('center_axis',(0.,1.,0.));
#7808=DIRECTION('ref_axis',(0.744084768752311,0.,-0.668085216803081));
#7809=DIRECTION('',(0.,1.,0.));
#7810=DIRECTION('center_axis',(0.744084768752311,0.,-0.668085216803081));
#7811=DIRECTION('ref_axis',(-0.668085216803081,0.,-0.744084768752311));
#7812=DIRECTION('',(-0.668085216803081,0.,-0.744084768752311));
#7813=DIRECTION('',(-0.668085216803081,0.,-0.744084768752311));
#7814=DIRECTION('',(0.,1.,0.));
#7815=DIRECTION('center_axis',(0.,1.,0.));
#7816=DIRECTION('ref_axis',(0.0587727445320944,0.,-0.998271388200706));
#7817=DIRECTION('center_axis',(0.,1.,0.));
#7818=DIRECTION('ref_axis',(0.0587727445320944,0.,-0.998271388200706));
#7819=DIRECTION('',(0.,1.,0.));
#7820=DIRECTION('center_axis',(0.,1.,0.));
#7821=DIRECTION('ref_axis',(0.0587727445320944,0.,-0.998271388200706));
#7822=DIRECTION('center_axis',(0.,1.,0.));
#7823=DIRECTION('ref_axis',(0.0587727445320944,0.,-0.998271388200706));
#7824=DIRECTION('center_axis',(0.,1.,0.));
#7825=DIRECTION('ref_axis',(0.0587727445320944,0.,-0.998271388200706));
#7826=DIRECTION('',(0.,1.,0.));
#7827=DIRECTION('center_axis',(0.,1.,0.));
#7828=DIRECTION('ref_axis',(0.0587727445320944,0.,-0.998271388200706));
#7829=DIRECTION('center_axis',(0.,1.,0.));
#7830=DIRECTION('ref_axis',(-0.594165151565668,0.,0.804343069010324));
#7831=DIRECTION('center_axis',(0.,-1.,0.));
#7832=DIRECTION('ref_axis',(1.,0.,0.));
#7833=DIRECTION('',(0.,1.,0.));
#7834=DIRECTION('center_axis',(0.,-1.,0.));
#7835=DIRECTION('ref_axis',(1.,0.,0.));
#7836=DIRECTION('',(0.,1.,0.));
#7837=DIRECTION('center_axis',(0.,1.,0.));
#7838=DIRECTION('ref_axis',(1.,0.,0.));
#7839=DIRECTION('center_axis',(0.,-1.,0.));
#7840=DIRECTION('ref_axis',(1.,0.,0.));
#7841=DIRECTION('center_axis',(0.,-1.,0.));
#7842=DIRECTION('ref_axis',(1.,0.,0.));
#7843=DIRECTION('center_axis',(0.642895374609418,0.,0.765954004693373));
#7844=DIRECTION('ref_axis',(0.765954004693373,0.,-0.642895374609418));
#7845=DIRECTION('',(0.765954004693373,0.,-0.642895374609418));
#7846=DIRECTION('',(0.,-1.,0.));
#7847=DIRECTION('',(0.765954004693373,0.,-0.642895374609418));
#7848=DIRECTION('',(0.,1.,0.));
#7849=DIRECTION('center_axis',(0.,1.,0.));
#7850=DIRECTION('ref_axis',(-0.88228672754112,0.,-0.470712364830988));
#7851=DIRECTION('center_axis',(0.,1.,0.));
#7852=DIRECTION('ref_axis',(-0.88228672754112,0.,-0.470712364830988));
#7853=DIRECTION('center_axis',(0.,1.,0.));
#7854=DIRECTION('ref_axis',(-0.88228672754112,0.,-0.470712364830988));
#7855=DIRECTION('',(0.,1.,0.));
#7856=DIRECTION('center_axis',(-0.882286727541121,0.,-0.470712364830986));
#7857=DIRECTION('ref_axis',(-0.470712364830986,0.,0.882286727541121));
#7858=DIRECTION('',(-0.470712364830986,0.,0.882286727541121));
#7859=DIRECTION('',(-0.470712364830986,0.,0.882286727541121));
#7860=DIRECTION('center_axis',(0.,1.,0.));
#7861=DIRECTION('ref_axis',(-0.206392807156747,0.,0.978469217274595));
#7862=DIRECTION('center_axis',(0.,1.,0.));
#7863=DIRECTION('ref_axis',(0.0587727445320944,0.,-0.998271388200706));
#7864=DIRECTION('',(0.,1.,0.));
#7865=DIRECTION('center_axis',(0.,1.,0.));
#7866=DIRECTION('ref_axis',(0.0587727445320944,0.,-0.998271388200706));
#7867=DIRECTION('center_axis',(0.,1.,0.));
#7868=DIRECTION('ref_axis',(1.,0.,0.));
#7869=DIRECTION('center_axis',(0.,-1.,0.));
#7870=DIRECTION('ref_axis',(1.,0.,0.));
#7871=DIRECTION('',(0.,-1.,0.));
#7872=DIRECTION('center_axis',(0.,1.,0.));
#7873=DIRECTION('ref_axis',(1.,0.,0.));
#7874=DIRECTION('center_axis',(0.,-1.,0.));
#7875=DIRECTION('ref_axis',(1.,0.,0.));
#7876=DIRECTION('',(0.,-1.,0.));
#7877=DIRECTION('center_axis',(0.,1.,0.));
#7878=DIRECTION('ref_axis',(1.,0.,0.));
#7879=DIRECTION('center_axis',(0.,-1.,0.));
#7880=DIRECTION('ref_axis',(1.,0.,0.));
#7881=DIRECTION('',(0.,-1.,0.));
#7882=DIRECTION('center_axis',(0.,-1.,0.));
#7883=DIRECTION('ref_axis',(1.,0.,0.));
#7884=DIRECTION('center_axis',(0.,1.,0.));
#7885=DIRECTION('ref_axis',(1.,0.,0.));
#7886=DIRECTION('center_axis',(0.,-1.,0.));
#7887=DIRECTION('ref_axis',(1.,0.,0.));
#7888=DIRECTION('',(0.,-1.,0.));
#7889=DIRECTION('center_axis',(0.,-1.,0.));
#7890=DIRECTION('ref_axis',(1.,0.,0.));
#7891=DIRECTION('center_axis',(0.,1.,0.));
#7892=DIRECTION('ref_axis',(1.,0.,0.));
#7893=DIRECTION('center_axis',(0.,-1.,0.));
#7894=DIRECTION('ref_axis',(1.,0.,0.));
#7895=DIRECTION('',(0.,-1.,0.));
#7896=DIRECTION('center_axis',(0.,-1.,0.));
#7897=DIRECTION('ref_axis',(1.,0.,0.));
#7898=DIRECTION('center_axis',(0.6,0.,0.8));
#7899=DIRECTION('ref_axis',(0.8,0.,-0.6));
#7900=DIRECTION('',(-0.8,0.,0.6));
#7901=DIRECTION('',(0.,1.,0.));
#7902=DIRECTION('',(0.8,0.,-0.6));
#7903=DIRECTION('',(0.,1.,0.));
#7904=DIRECTION('center_axis',(0.141421343359003,0.,0.989949495500924));
#7905=DIRECTION('ref_axis',(0.989949495500925,0.,-0.141421343359003));
#7906=DIRECTION('',(-0.989949495500925,0.,0.141421343359003));
#7907=DIRECTION('',(0.989949495500925,0.,-0.141421343359003));
#7908=DIRECTION('center_axis',(0.141421343359002,0.,-0.989949495500925));
#7909=DIRECTION('ref_axis',(-0.989949495500925,0.,-0.141421343359002));
#7910=DIRECTION('',(0.989949495500925,0.,0.141421343359002));
#7911=DIRECTION('',(-0.989949495500925,0.,-0.141421343359002));
#7912=DIRECTION('',(0.,1.,0.));
#7913=DIRECTION('center_axis',(0.6,0.,-0.8));
#7914=DIRECTION('ref_axis',(-0.8,0.,-0.6));
#7915=DIRECTION('',(0.8,0.,0.6));
#7916=DIRECTION('',(-0.8,0.,-0.6));
#7917=DIRECTION('',(0.,1.,0.));
#7918=DIRECTION('center_axis',(0.,1.,0.));
#7919=DIRECTION('ref_axis',(0.104971960992595,0.,0.994475181895139));
#7920=DIRECTION('center_axis',(0.,1.,0.));
#7921=DIRECTION('ref_axis',(0.104971960992595,0.,0.994475181895139));
#7922=DIRECTION('center_axis',(0.,1.,0.));
#7923=DIRECTION('ref_axis',(0.104971960992595,0.,0.994475181895139));
#7924=DIRECTION('center_axis',(0.,1.,0.));
#7925=DIRECTION('ref_axis',(1.,0.,0.));
#7926=DIRECTION('center_axis',(0.,1.,0.));
#7927=DIRECTION('ref_axis',(1.,0.,0.));
#7928=DIRECTION('center_axis',(0.,1.,0.));
#7929=DIRECTION('ref_axis',(1.,0.,0.));
#7930=DIRECTION('center_axis',(0.,1.,0.));
#7931=DIRECTION('ref_axis',(1.,0.,0.));
#7932=DIRECTION('',(0.,-1.,0.));
#7933=DIRECTION('center_axis',(0.,1.,0.));
#7934=DIRECTION('ref_axis',(1.,0.,0.));
#7935=DIRECTION('center_axis',(0.,1.,0.));
#7936=DIRECTION('ref_axis',(1.,0.,0.));
#7937=DIRECTION('center_axis',(0.,1.,0.));
#7938=DIRECTION('ref_axis',(1.,0.,0.));
#7939=DIRECTION('center_axis',(0.,-1.,0.));
#7940=DIRECTION('ref_axis',(-1.,0.,0.));
#7941=DIRECTION('center_axis',(0.,-1.,0.));
#7942=DIRECTION('ref_axis',(-1.,0.,0.));
#7943=DIRECTION('',(0.,1.,0.));
#7944=DIRECTION('center_axis',(0.,1.,0.));
#7945=DIRECTION('ref_axis',(-1.,0.,0.));
#7946=DIRECTION('center_axis',(0.,1.,0.));
#7947=DIRECTION('ref_axis',(-1.,0.,0.));
#7948=DIRECTION('center_axis',(0.,1.,0.));
#7949=DIRECTION('ref_axis',(-1.,0.,0.));
#7950=DIRECTION('center_axis',(0.,-1.,0.));
#7951=DIRECTION('ref_axis',(-1.,0.,0.));
#7952=DIRECTION('center_axis',(0.,-1.,0.));
#7953=DIRECTION('ref_axis',(-1.,0.,0.));
#7954=DIRECTION('',(0.,1.,0.));
#7955=DIRECTION('center_axis',(0.,1.,0.));
#7956=DIRECTION('ref_axis',(-1.,0.,0.));
#7957=DIRECTION('center_axis',(0.,1.,0.));
#7958=DIRECTION('ref_axis',(-1.,0.,0.));
#7959=DIRECTION('center_axis',(0.,1.,0.));
#7960=DIRECTION('ref_axis',(-1.,0.,0.));
#7961=DIRECTION('center_axis',(0.,-1.,0.));
#7962=DIRECTION('ref_axis',(-1.,0.,0.));
#7963=DIRECTION('center_axis',(0.,-1.,0.));
#7964=DIRECTION('ref_axis',(-1.,0.,0.));
#7965=DIRECTION('',(0.,1.,0.));
#7966=DIRECTION('center_axis',(0.,1.,0.));
#7967=DIRECTION('ref_axis',(-1.,0.,0.));
#7968=DIRECTION('center_axis',(0.,1.,0.));
#7969=DIRECTION('ref_axis',(-1.,0.,0.));
#7970=DIRECTION('center_axis',(0.,1.,0.));
#7971=DIRECTION('ref_axis',(-1.,0.,0.));
#7972=DIRECTION('center_axis',(0.,1.,0.));
#7973=DIRECTION('ref_axis',(1.,0.,0.));
#7974=DIRECTION('center_axis',(0.,1.,0.));
#7975=DIRECTION('ref_axis',(1.,0.,0.));
#7976=DIRECTION('',(0.,-1.,0.));
#7977=DIRECTION('center_axis',(0.,1.,0.));
#7978=DIRECTION('ref_axis',(1.,0.,0.));
#7979=DIRECTION('center_axis',(0.,1.,0.));
#7980=DIRECTION('ref_axis',(1.,0.,0.));
#7981=DIRECTION('center_axis',(0.,1.,0.));
#7982=DIRECTION('ref_axis',(1.,0.,0.));
#7983=DIRECTION('axis',(0.,0.,1.));
#7984=DIRECTION('refdir',(1.,0.,0.));
#7985=DIRECTION('center_axis',(0.,0.,1.));
#7986=DIRECTION('ref_axis',(-0.551495496113845,0.834177869381671,0.));
#7987=DIRECTION('center_axis',(0.,0.,-1.));
#7988=DIRECTION('ref_axis',(-0.551495496113845,0.834177869381671,0.));
#7989=DIRECTION('',(0.,0.,-1.));
#7990=DIRECTION('center_axis',(0.,0.,1.));
#7991=DIRECTION('ref_axis',(-0.551495496113845,0.834177869381671,0.));
#7992=DIRECTION('',(0.,0.,1.));
#7993=DIRECTION('center_axis',(0.,0.,1.));
#7994=DIRECTION('ref_axis',(-0.673530470517695,0.739159458631364,0.));
#7995=DIRECTION('center_axis',(0.,0.,1.));
#7996=DIRECTION('ref_axis',(-0.673530470517695,0.739159458631364,0.));
#7997=DIRECTION('',(0.,0.,1.));
#7998=DIRECTION('center_axis',(0.,0.,1.));
#7999=DIRECTION('ref_axis',(-0.673530470517695,0.739159458631364,0.));
#8000=DIRECTION('center_axis',(0.,0.,1.));
#8001=DIRECTION('ref_axis',(1.,0.,0.));
#8002=DIRECTION('',(0.948683298050514,0.316227766016838,0.));
#8003=DIRECTION('center_axis',(0.,0.,1.));
#8004=DIRECTION('ref_axis',(0.384615384615385,0.923076923076923,0.));
#8005=DIRECTION('',(-0.951875530455501,0.306484868337832,0.));
#8006=DIRECTION('center_axis',(0.,0.,1.));
#8007=DIRECTION('ref_axis',(0.461933876908982,0.886914366420928,0.));
#8008=DIRECTION('center_axis',(0.,0.,1.));
#8009=DIRECTION('ref_axis',(0.00822258536609353,-0.999966193973525,0.));
#8010=DIRECTION('',(-1.,0.,0.));
#8011=DIRECTION('center_axis',(0.,0.,-1.));
#8012=DIRECTION('ref_axis',(-0.807256002979605,0.590201444977384,0.));
#8013=DIRECTION('',(-1.,-6.07726032461782E-17,0.));
#8014=DIRECTION('center_axis',(0.,0.,-1.));
#8015=DIRECTION('ref_axis',(0.290045796044147,-0.957012766997973,0.));
#8016=DIRECTION('',(0.950729842402071,-0.310020590874433,0.));
#8017=DIRECTION('center_axis',(0.,0.,-1.));
#8018=DIRECTION('ref_axis',(0.384615508938677,0.923076871275541,0.));
#8019=DIRECTION('',(0.950729839461745,0.310020599891434,0.));
#8020=DIRECTION('center_axis',(0.,0.,1.));
#8021=DIRECTION('ref_axis',(0.461933876908982,0.886914366420928,0.));
#8022=DIRECTION('center_axis',(0.,0.,-1.));
#8023=DIRECTION('ref_axis',(0.461933876908982,0.886914366420928,0.));
#8024=DIRECTION('',(0.,0.,-1.));
#8025=DIRECTION('',(0.,0.,1.));
#8026=DIRECTION('center_axis',(0.,0.,1.));
#8027=DIRECTION('ref_axis',(0.00822258536609353,-0.999966193973525,0.));
#8028=DIRECTION('center_axis',(0.,0.,1.));
#8029=DIRECTION('ref_axis',(0.00822258536609353,-0.999966193973525,0.));
#8030=DIRECTION('',(0.,0.,1.));
#8031=DIRECTION('center_axis',(-6.07726032461782E-17,1.,0.));
#8032=DIRECTION('ref_axis',(-1.,-6.07726032461782E-17,0.));
#8033=DIRECTION('',(0.,0.,1.));
#8034=DIRECTION('',(-1.,-6.07726032461782E-17,0.));
#8035=DIRECTION('',(0.,0.,1.));
#8036=DIRECTION('center_axis',(0.,0.,1.));
#8037=DIRECTION('ref_axis',(0.290045796044147,-0.957012766997973,0.));
#8038=DIRECTION('center_axis',(0.,0.,-1.));
#8039=DIRECTION('ref_axis',(0.290045796044147,-0.957012766997973,0.));
#8040=DIRECTION('',(0.,0.,1.));
#8041=DIRECTION('center_axis',(-0.310020590874433,-0.950729842402071,0.));
#8042=DIRECTION('ref_axis',(0.950729842402071,-0.310020590874433,0.));
#8043=DIRECTION('',(0.950729842402071,-0.310020590874433,0.));
#8044=DIRECTION('',(0.,0.,1.));
#8045=DIRECTION('center_axis',(0.,0.,1.));
#8046=DIRECTION('ref_axis',(0.384615508938677,0.923076871275541,0.));
#8047=DIRECTION('center_axis',(0.,0.,-1.));
#8048=DIRECTION('ref_axis',(0.384615508938677,0.923076871275541,0.));
#8049=DIRECTION('',(0.,0.,1.));
#8050=DIRECTION('center_axis',(0.310020599891434,-0.950729839461745,0.));
#8051=DIRECTION('ref_axis',(0.950729839461745,0.310020599891434,0.));
#8052=DIRECTION('',(0.950729839461745,0.310020599891434,0.));
#8053=DIRECTION('',(0.,0.,1.));
#8054=DIRECTION('center_axis',(0.,0.,1.));
#8055=DIRECTION('ref_axis',(-0.807256002979605,0.590201444977384,0.));
#8056=DIRECTION('center_axis',(0.,0.,-1.));
#8057=DIRECTION('ref_axis',(-0.807256002979605,0.590201444977384,0.));
#8058=DIRECTION('center_axis',(0.,-1.,0.));
#8059=DIRECTION('ref_axis',(1.,0.,0.));
#8060=DIRECTION('',(1.,0.,0.));
#8061=DIRECTION('center_axis',(-0.316227766016838,0.948683298050514,0.));
#8062=DIRECTION('ref_axis',(-0.948683298050514,-0.316227766016838,0.));
#8063=DIRECTION('',(-0.948683298050514,-0.316227766016838,0.));
#8064=DIRECTION('',(0.,0.,1.));
#8065=DIRECTION('center_axis',(0.,0.,1.));
#8066=DIRECTION('ref_axis',(0.384615384615385,0.923076923076923,0.));
#8067=DIRECTION('center_axis',(0.,0.,1.));
#8068=DIRECTION('ref_axis',(0.384615384615385,0.923076923076923,0.));
#8069=DIRECTION('',(0.,0.,1.));
#8070=DIRECTION('center_axis',(0.306484868337832,0.951875530455501,0.));
#8071=DIRECTION('ref_axis',(-0.951875530455501,0.306484868337832,0.));
#8072=DIRECTION('',(-0.951875530455501,0.306484868337832,0.));
#8073=DIRECTION('center_axis',(0.,0.,1.));
#8074=DIRECTION('ref_axis',(1.,0.,0.));
#8075=DIRECTION('',(-1.79111484828013E-31,4.30211422042248E-16,1.));
#8076=DIRECTION('',(1.,-3.58222969656026E-31,-1.72084568816899E-15));
#8077=DIRECTION('',(-1.0842021724855E-19,-1.53680963101884E-38,1.));
#8078=DIRECTION('',(1.00000000000001,-5.3998350387461E-21,-3.65918233213861E-18));
#8079=DIRECTION('',(5.87076502862876E-14,2.12514506155524E-31,-0.999999999999979));
#8080=DIRECTION('',(-1.00000000000001,9.52912065845368E-22,-5.87069455548747E-14));
#8081=DIRECTION('',(-5.55111512312578E-17,-7.68568179377671E-34,1.));
#8082=DIRECTION('',(1.,-5.39983503874616E-21,-5.55111512312578E-17));
#8083=DIRECTION('',(2.66453525910038E-15,2.12567910316045E-31,-1.));
#8084=DIRECTION('',(-1.,9.52912065845355E-22,-2.66453525910038E-15));
#8085=DIRECTION('',(0.,0.,1.));
#8086=DIRECTION('',(1.,0.,0.));
#8087=DIRECTION('',(6.39203678369427E-16,-1.10130599946307E-16,0.999999999999997));
#8088=DIRECTION('',(1.,7.04297731246579E-16,-8.3266741736138E-17));
#8089=DIRECTION('',(0.,0.,1.));
#8090=DIRECTION('',(1.,0.,0.));
#8091=DIRECTION('',(-1.16371106510899E-22,-7.73402798146979E-22,1.));
#8092=DIRECTION('',(1.,8.88178419700125E-16,-5.29395592033935E-23));
#8093=DIRECTION('',(1.26646607826929E-14,-2.96851476355419E-15,-1.00000000000001));
#8094=DIRECTION('',(-1.,-1.3877787807846E-17,-9.8879237923882E-15));
#8095=DIRECTION('',(1.40246839878587E-14,-2.62850896226273E-15,-1.00000000000001));
#8096=DIRECTION('',(-1.,-1.38777878078424E-17,-1.1247946997554E-14));
#8097=DIRECTION('',(1.26646790188676E-14,-2.96851470878035E-15,-1.));
#8098=DIRECTION('',(-1.,-3.81639164715214E-17,-1.0276501851007E-14));
#8099=DIRECTION('',(1.35881511107869E-14,-2.81044397247823E-15,-1.00000000000001));
#8100=DIRECTION('',(-0.999999999999999,2.15105711021122E-15,-9.34669006788341E-15));
#8101=DIRECTION('',(5.32907051820067E-15,-1.02695629777827E-15,0.999999999999989));
#8102=DIRECTION('',(0.999999999999989,-3.27515792264425E-15,-2.57920538152338E-30));
#8103=DIRECTION('',(9.60906309154787E-15,7.89579258243058E-17,0.999999999999978));
#8104=DIRECTION('',(1.,-6.66133814775094E-16,-9.74220704108564E-15));
#8105=DIRECTION('',(1.,2.94209101525667E-15,2.98372437868011E-15));
#8106=DIRECTION('',(8.36783749169018E-15,-4.13008966475691E-15,-0.999999999999996));
#8107=DIRECTION('',(0.,0.,1.));
#8108=DIRECTION('',(1.,0.,0.));
#8109=DIRECTION('',(-4.7949818104992E-15,2.87696161973313E-15,0.99999999999998));
#8110=DIRECTION('',(1.00000000000001,-1.18238752122579E-14,1.00475183728576E-14));
#8111=DIRECTION('',(1.56305270069777E-16,-1.10346512846473E-18,1.));
#8112=DIRECTION('',(1.,2.55351295663786E-15,1.59594559789866E-16));
#8113=DIRECTION('',(-2.08871498841089E-16,3.70184323443885E-15,1.));
#8114=DIRECTION('',(0.999999999999998,-8.67361737988401E-16,3.40005801291454E-16));
#8115=DIRECTION('',(3.49439224929141E-17,2.19388483343988E-15,0.999999999999995));
#8116=DIRECTION('',(0.999999999999997,1.62370117351429E-15,-8.90672084696842E-17));
#8117=DIRECTION('',(1.57543990340119E-16,2.00653930275287E-15,1.00000000000001));
#8118=DIRECTION('',(0.999999999999993,4.81559236931161E-15,-5.42534767111752E-16));
#8119=DIRECTION('',(-2.6033068180751E-15,8.48707124230759E-16,1.));
#8120=DIRECTION('',(1.,-2.77555756156289E-17,1.0547118733939E-15));
#8121=DIRECTION('',(5.16897855186413E-19,-4.32643022518605E-18,1.));
#8122=DIRECTION('',(1.,-9.74504159759902E-36,2.38524477946811E-18));
#8123=DIRECTION('',(-3.19189119579736E-16,-4.77395900588821E-15,1.00000000000002));
#8124=DIRECTION('',(1.00000000000001,-6.24500451351648E-16,-4.85722573273511E-16));
#8125=DIRECTION('',(-3.47316922506451E-18,-5.56717257013063E-17,0.999999999999997));
#8126=DIRECTION('',(0.999999999999998,-3.44863027024189E-15,3.46949161970669E-18));
#8127=DIRECTION('center_axis',(0.,0.,1.));
#8128=DIRECTION('ref_axis',(1.,0.,0.));
#8129=CARTESIAN_POINT('',(0.,0.,0.));
#8130=CARTESIAN_POINT('',(0.,0.,0.));
#8131=CARTESIAN_POINT('Origin',(300.,102.,190.));
#8132=CARTESIAN_POINT('',(302.5,104.5,190.));
#8133=CARTESIAN_POINT('Origin',(300.,104.5,190.));
#8134=CARTESIAN_POINT('',(302.5,102.,190.));
#8135=CARTESIAN_POINT('',(302.5,102.,190.));
#8136=CARTESIAN_POINT('Origin',(300.,102.,190.));
#8137=CARTESIAN_POINT('Origin',(300.,104.5,190.));
#8138=CARTESIAN_POINT('Origin',(30.,102.,190.));
#8139=CARTESIAN_POINT('',(32.5,104.5,190.));
#8140=CARTESIAN_POINT('Origin',(30.,104.5,190.));
#8141=CARTESIAN_POINT('',(32.5,102.,190.));
#8142=CARTESIAN_POINT('',(32.5,102.,190.));
#8143=CARTESIAN_POINT('Origin',(30.,102.,190.));
#8144=CARTESIAN_POINT('Origin',(30.,104.5,190.));
#8145=CARTESIAN_POINT('Origin',(300.,102.,30.));
#8146=CARTESIAN_POINT('',(302.5,104.5,30.));
#8147=CARTESIAN_POINT('Origin',(300.,104.5,30.));
#8148=CARTESIAN_POINT('',(302.5,102.,30.));
#8149=CARTESIAN_POINT('',(302.5,102.,30.));
#8150=CARTESIAN_POINT('Origin',(300.,102.,30.));
#8151=CARTESIAN_POINT('Origin',(300.,104.5,30.));
#8152=CARTESIAN_POINT('Origin',(30.,102.,30.));
#8153=CARTESIAN_POINT('',(32.5,104.5,30.));
#8154=CARTESIAN_POINT('Origin',(30.,104.5,30.));
#8155=CARTESIAN_POINT('',(32.5,102.,30.));
#8156=CARTESIAN_POINT('',(32.5,102.,30.));
#8157=CARTESIAN_POINT('Origin',(30.,102.,30.));
#8158=CARTESIAN_POINT('Origin',(30.,104.5,30.));
#8159=CARTESIAN_POINT('Origin',(110.,10.,0.));
#8160=CARTESIAN_POINT('',(112.5,10.,0.));
#8161=CARTESIAN_POINT('Origin',(110.,10.,0.));
#8162=CARTESIAN_POINT('',(112.5,10.,2.5));
#8163=CARTESIAN_POINT('',(112.5,10.,0.));
#8164=CARTESIAN_POINT('Origin',(110.,10.,2.5));
#8165=CARTESIAN_POINT('Origin',(220.,10.,0.));
#8166=CARTESIAN_POINT('',(222.5,10.,0.));
#8167=CARTESIAN_POINT('Origin',(220.,10.,0.));
#8168=CARTESIAN_POINT('',(222.5,10.,2.5));
#8169=CARTESIAN_POINT('',(222.5,10.,0.));
#8170=CARTESIAN_POINT('Origin',(220.,10.,2.5));
#8171=CARTESIAN_POINT('Origin',(20.,10.,0.));
#8172=CARTESIAN_POINT('',(22.5,10.,0.));
#8173=CARTESIAN_POINT('Origin',(20.,10.,0.));
#8174=CARTESIAN_POINT('',(22.5,10.,2.5));
#8175=CARTESIAN_POINT('',(22.5,10.,0.));
#8176=CARTESIAN_POINT('Origin',(20.,10.,2.5));
#8177=CARTESIAN_POINT('Origin',(310.,10.,0.));
#8178=CARTESIAN_POINT('',(312.5,10.,0.));
#8179=CARTESIAN_POINT('Origin',(310.,10.,0.));
#8180=CARTESIAN_POINT('',(312.5,10.,2.5));
#8181=CARTESIAN_POINT('',(312.5,10.,0.));
#8182=CARTESIAN_POINT('Origin',(310.,10.,2.5));
#8183=CARTESIAN_POINT('Origin',(220.,10.,220.));
#8184=CARTESIAN_POINT('',(217.5,10.,220.));
#8185=CARTESIAN_POINT('Origin',(220.,10.,220.));
#8186=CARTESIAN_POINT('',(217.5,10.,217.5));
#8187=CARTESIAN_POINT('',(217.5,10.,220.));
#8188=CARTESIAN_POINT('Origin',(220.,10.,217.5));
#8189=CARTESIAN_POINT('Origin',(110.,10.,220.));
#8190=CARTESIAN_POINT('',(107.5,10.,220.));
#8191=CARTESIAN_POINT('Origin',(110.,10.,220.));
#8192=CARTESIAN_POINT('',(107.5,10.,217.5));
#8193=CARTESIAN_POINT('',(107.5,10.,220.));
#8194=CARTESIAN_POINT('Origin',(110.,10.,217.5));
#8195=CARTESIAN_POINT('Origin',(310.,10.,220.));
#8196=CARTESIAN_POINT('',(307.5,10.,220.));
#8197=CARTESIAN_POINT('Origin',(310.,10.,220.));
#8198=CARTESIAN_POINT('',(307.5,10.,217.5));
#8199=CARTESIAN_POINT('',(307.5,10.,220.));
#8200=CARTESIAN_POINT('Origin',(310.,10.,217.5));
#8201=CARTESIAN_POINT('Origin',(20.,10.,220.));
#8202=CARTESIAN_POINT('',(17.5,10.,220.));
#8203=CARTESIAN_POINT('Origin',(20.,10.,220.));
#8204=CARTESIAN_POINT('',(17.5,10.,217.5));
#8205=CARTESIAN_POINT('',(17.5,10.,220.));
#8206=CARTESIAN_POINT('Origin',(20.,10.,217.5));
#8207=CARTESIAN_POINT('Origin',(0.,37.5,217.5));
#8208=CARTESIAN_POINT('',(330.,37.5,220.));
#8209=CARTESIAN_POINT('',(330.,40.,217.5));
#8210=CARTESIAN_POINT('Origin',(330.,37.5,217.5));
#8211=CARTESIAN_POINT('',(0.,40.,217.5));
#8212=CARTESIAN_POINT('',(0.,40.,217.5));
#8213=CARTESIAN_POINT('',(0.,37.5,220.));
#8214=CARTESIAN_POINT('Origin',(0.,37.5,217.5));
#8215=CARTESIAN_POINT('',(0.,37.5,220.));
#8216=CARTESIAN_POINT('Origin',(0.,40.,220.));
#8217=CARTESIAN_POINT('',(0.,0.,220.));
#8218=CARTESIAN_POINT('',(0.,40.,220.));
#8219=CARTESIAN_POINT('',(330.,0.,220.));
#8220=CARTESIAN_POINT('',(0.,0.,220.));
#8221=CARTESIAN_POINT('',(330.,40.,220.));
#8222=CARTESIAN_POINT('Origin',(0.,20.,110.));
#8223=CARTESIAN_POINT('',(0.,40.,2.5));
#8224=CARTESIAN_POINT('',(0.,40.,0.));
#8225=CARTESIAN_POINT('',(0.,37.5,0.));
#8226=CARTESIAN_POINT('Origin',(0.,37.5,2.5));
#8227=CARTESIAN_POINT('',(0.,0.,0.));
#8228=CARTESIAN_POINT('',(0.,0.,0.));
#8229=CARTESIAN_POINT('',(0.,4.44089209850063E-15,2.5));
#8230=CARTESIAN_POINT('',(0.,4.44089209850063E-15,2.5));
#8231=CARTESIAN_POINT('',(0.,37.5,2.5));
#8232=CARTESIAN_POINT('',(0.,37.5,2.5));
#8233=CARTESIAN_POINT('',(0.,37.5,217.5));
#8234=CARTESIAN_POINT('',(0.,37.5,217.5));
#8235=CARTESIAN_POINT('',(0.,0.,217.5));
#8236=CARTESIAN_POINT('',(0.,0.,217.5));
#8237=CARTESIAN_POINT('',(0.,0.,220.));
#8238=CARTESIAN_POINT('Origin',(0.,37.5,2.5));
#8239=CARTESIAN_POINT('',(330.,40.,2.5));
#8240=CARTESIAN_POINT('',(330.,37.5,0.));
#8241=CARTESIAN_POINT('Origin',(330.,37.5,2.5));
#8242=CARTESIAN_POINT('',(0.,37.5,0.));
#8243=CARTESIAN_POINT('',(0.,40.,2.5));
#8244=CARTESIAN_POINT('Origin',(0.,0.,0.));
#8245=CARTESIAN_POINT('',(330.,0.,0.));
#8246=CARTESIAN_POINT('',(330.,0.,0.));
#8247=CARTESIAN_POINT('',(0.,0.,0.));
#8248=CARTESIAN_POINT('Origin',(300.,71.,30.));
#8249=CARTESIAN_POINT('',(295.,102.,30.));
#8250=CARTESIAN_POINT('Origin',(300.,102.,30.));
#8251=CARTESIAN_POINT('',(295.,40.,30.));
#8252=CARTESIAN_POINT('',(295.,71.,30.));
#8253=CARTESIAN_POINT('Origin',(300.,40.,30.));
#8254=CARTESIAN_POINT('Origin',(300.,102.,30.));
#8255=CARTESIAN_POINT('Origin',(30.,71.,30.));
#8256=CARTESIAN_POINT('',(25.,102.,30.));
#8257=CARTESIAN_POINT('Origin',(30.,102.,30.));
#8258=CARTESIAN_POINT('',(25.,40.,30.));
#8259=CARTESIAN_POINT('',(25.,71.,30.));
#8260=CARTESIAN_POINT('Origin',(30.,40.,30.));
#8261=CARTESIAN_POINT('Origin',(30.,102.,30.));
#8262=CARTESIAN_POINT('Origin',(300.,71.,190.));
#8263=CARTESIAN_POINT('',(295.,102.,190.));
#8264=CARTESIAN_POINT('Origin',(300.,102.,190.));
#8265=CARTESIAN_POINT('',(295.,40.,190.));
#8266=CARTESIAN_POINT('',(295.,71.,190.));
#8267=CARTESIAN_POINT('Origin',(300.,40.,190.));
#8268=CARTESIAN_POINT('Origin',(300.,102.,190.));
#8269=CARTESIAN_POINT('Origin',(30.,71.,190.));
#8270=CARTESIAN_POINT('',(25.,102.,190.));
#8271=CARTESIAN_POINT('Origin',(30.,102.,190.));
#8272=CARTESIAN_POINT('',(25.,40.,190.));
#8273=CARTESIAN_POINT('',(25.,71.,190.));
#8274=CARTESIAN_POINT('Origin',(30.,40.,190.));
#8275=CARTESIAN_POINT('Origin',(30.,102.,190.));
#8276=CARTESIAN_POINT('Origin',(0.,37.5,2.5));
#8277=CARTESIAN_POINT('',(330.,4.44089209850063E-15,2.5));
#8278=CARTESIAN_POINT('',(0.,4.44089209850063E-15,2.5));
#8279=CARTESIAN_POINT('',(330.,37.5,2.5));
#8280=CARTESIAN_POINT('',(330.,37.5,2.5));
#8281=CARTESIAN_POINT('',(0.,37.5,2.5));
#8282=CARTESIAN_POINT('Origin',(0.,37.5,217.5));
#8283=CARTESIAN_POINT('',(330.,37.5,217.5));
#8284=CARTESIAN_POINT('',(330.,37.5,217.5));
#8285=CARTESIAN_POINT('',(0.,37.5,217.5));
#8286=CARTESIAN_POINT('Origin',(0.,0.,217.5));
#8287=CARTESIAN_POINT('',(330.,0.,217.5));
#8288=CARTESIAN_POINT('',(330.,0.,217.5));
#8289=CARTESIAN_POINT('',(0.,0.,217.5));
#8290=CARTESIAN_POINT('Origin',(0.,0.,220.));
#8291=CARTESIAN_POINT('',(330.,0.,220.));
#8292=CARTESIAN_POINT('Origin',(0.,40.,0.));
#8293=CARTESIAN_POINT('',(330.,40.,0.));
#8294=CARTESIAN_POINT('Origin',(0.,4.44089209850063E-15,2.5));
#8295=CARTESIAN_POINT('',(330.,4.44089209850063E-15,2.5));
#8296=CARTESIAN_POINT('Origin',(330.,20.,110.));
#8297=CARTESIAN_POINT('',(0.,0.,0.));
#8298=CARTESIAN_POINT('Origin',(5.50000008195639,8.50000012665987,0.));
#8299=CARTESIAN_POINT('',(6.50000009685755,9.50000014156103,0.));
#8300=CARTESIAN_POINT('',(5.50000008195639,8.50000012665987,0.));
#8301=CARTESIAN_POINT('',(2.00000002980232,5.00000007450581,0.));
#8302=CARTESIAN_POINT('',(6.50000009685755,9.50000014156103,-9.));
#8303=CARTESIAN_POINT('',(6.50000009685755,9.50000014156103,0.));
#8304=CARTESIAN_POINT('',(5.50000008195639,8.50000012665987,-9.));
#8305=CARTESIAN_POINT('',(5.50000008195639,8.50000012665987,-9.));
#8306=CARTESIAN_POINT('',(5.50000008195639,8.50000012665987,0.));
#8307=CARTESIAN_POINT('Origin',(7.50000011175871,6.50000009685755,0.));
#8308=CARTESIAN_POINT('',(7.50000011175871,6.50000009685755,0.));
#8309=CARTESIAN_POINT('',(7.25000010803342,6.75000010058284,0.));
#8310=CARTESIAN_POINT('',(7.50000011175871,6.50000009685755,-9.));
#8311=CARTESIAN_POINT('',(7.50000011175871,6.50000009685755,-9.));
#8312=CARTESIAN_POINT('',(7.50000011175871,6.50000009685755,0.));
#8313=CARTESIAN_POINT('Origin',(8.50000012665987,7.50000011175871,0.));
#8314=CARTESIAN_POINT('',(8.50000012665987,7.50000011175871,0.));
#8315=CARTESIAN_POINT('',(4.50000006705523,3.50000005215406,0.));
#8316=CARTESIAN_POINT('',(8.50000012665987,7.50000011175871,-9.));
#8317=CARTESIAN_POINT('',(8.50000012665987,7.50000011175871,-9.));
#8318=CARTESIAN_POINT('',(8.50000012665987,7.50000011175871,0.));
#8319=CARTESIAN_POINT('Origin',(6.50000009685755,9.50000014156103,0.));
#8320=CARTESIAN_POINT('',(7.25000010803342,8.75000013038516,0.));
#8321=CARTESIAN_POINT('',(6.50000009685755,9.50000014156103,-9.));
#8322=CARTESIAN_POINT('Origin',(7.00000010430813,8.00000011920929,-9.));
#8323=CARTESIAN_POINT('Origin',(0.,0.,0.));
#8324=CARTESIAN_POINT('',(1.5,-1.83697019872103E-16,-5.));
#8325=CARTESIAN_POINT('Origin',(0.,0.,-5.));
#8326=CARTESIAN_POINT('',(1.5,-1.83697019872103E-16,0.));
#8327=CARTESIAN_POINT('',(1.5,-1.83697019872103E-16,0.));
#8328=CARTESIAN_POINT('Origin',(0.,0.,0.));
#8329=CARTESIAN_POINT('Origin',(0.,0.,-5.));
#8330=CARTESIAN_POINT('Origin',(0.,0.,85.3));
#8331=CARTESIAN_POINT('',(-2.,-2.44929359829471E-16,93.3));
#8332=CARTESIAN_POINT('Origin',(0.,0.,93.3));
#8333=CARTESIAN_POINT('',(-2.,-2.44929359829471E-16,85.3));
#8334=CARTESIAN_POINT('',(-2.,-2.44929359829471E-16,85.3));
#8335=CARTESIAN_POINT('Origin',(0.,0.,85.3));
#8336=CARTESIAN_POINT('Origin',(0.,0.,93.3));
#8337=CARTESIAN_POINT('Origin',(0.,0.,81.3));
#8338=CARTESIAN_POINT('',(-3.5,-4.28626379701574E-16,85.3));
#8339=CARTESIAN_POINT('Origin',(0.,0.,85.3));
#8340=CARTESIAN_POINT('',(-3.5,-4.28626379701574E-16,81.3));
#8341=CARTESIAN_POINT('',(-3.5,-4.28626379701574E-16,81.3));
#8342=CARTESIAN_POINT('Origin',(0.,0.,81.3));
#8343=CARTESIAN_POINT('Origin',(0.,0.,85.3));
#8344=CARTESIAN_POINT('Origin',(0.,0.,0.));
#8345=CARTESIAN_POINT('',(-12.5,-1.53080849893419E-15,81.3));
#8346=CARTESIAN_POINT('Origin',(0.,0.,81.3));
#8347=CARTESIAN_POINT('',(-12.5,-1.53080849893419E-15,0.));
#8348=CARTESIAN_POINT('',(-12.5,-1.53080849893419E-15,0.));
#8349=CARTESIAN_POINT('Origin',(0.,0.,0.));
#8350=CARTESIAN_POINT('Origin',(0.,0.,81.3));
#8351=CARTESIAN_POINT('Origin',(0.,0.,0.));
#8352=CARTESIAN_POINT('',(-9.50000014156103,6.50000009685755,0.));
#8353=CARTESIAN_POINT('',(-8.50000012665987,5.50000008195639,0.));
#8354=CARTESIAN_POINT('',(-5.00000007450581,2.00000002980232,0.));
#8355=CARTESIAN_POINT('',(-6.50000009685755,7.50000011175871,0.));
#8356=CARTESIAN_POINT('',(-6.75000010058284,7.25000010803342,0.));
#8357=CARTESIAN_POINT('',(-7.50000011175871,8.50000012665987,0.));
#8358=CARTESIAN_POINT('',(-3.50000005215406,4.50000006705523,0.));
#8359=CARTESIAN_POINT('',(-8.75000013038516,7.25000010803342,0.));
#8360=CARTESIAN_POINT('Origin',(-8.50000012665987,5.50000008195639,0.));
#8361=CARTESIAN_POINT('',(-9.50000014156103,6.50000009685755,-9.));
#8362=CARTESIAN_POINT('',(-9.50000014156103,6.50000009685755,0.));
#8363=CARTESIAN_POINT('',(-8.50000012665987,5.50000008195639,-9.));
#8364=CARTESIAN_POINT('',(-8.50000012665987,5.50000008195639,-9.));
#8365=CARTESIAN_POINT('',(-8.50000012665987,5.50000008195639,0.));
#8366=CARTESIAN_POINT('Origin',(-6.50000009685755,7.50000011175871,0.));
#8367=CARTESIAN_POINT('',(-6.50000009685755,7.50000011175871,-9.));
#8368=CARTESIAN_POINT('',(-6.50000009685755,7.50000011175871,-9.));
#8369=CARTESIAN_POINT('',(-6.50000009685755,7.50000011175871,0.));
#8370=CARTESIAN_POINT('Origin',(-7.50000011175871,8.50000012665987,0.));
#8371=CARTESIAN_POINT('',(-7.50000011175871,8.50000012665987,-9.));
#8372=CARTESIAN_POINT('',(-7.50000011175871,8.50000012665987,-9.));
#8373=CARTESIAN_POINT('',(-7.50000011175871,8.50000012665987,0.));
#8374=CARTESIAN_POINT('Origin',(-9.50000014156103,6.50000009685755,0.));
#8375=CARTESIAN_POINT('',(-9.50000014156103,6.50000009685755,-9.));
#8376=CARTESIAN_POINT('Origin',(-8.00000011920929,7.00000010430813,-9.));
#8377=CARTESIAN_POINT('Origin',(0.,0.,-5.));
#8378=CARTESIAN_POINT('',(1.5,-1.83697019872103E-16,-9.5));
#8379=CARTESIAN_POINT('Origin',(0.,0.,-9.5));
#8380=CARTESIAN_POINT('',(1.5,-1.83697019872103E-16,-5.));
#8381=CARTESIAN_POINT('',(1.5,-1.83697019872103E-16,-5.));
#8382=CARTESIAN_POINT('Origin',(0.,0.,-5.));
#8383=CARTESIAN_POINT('Origin',(0.,0.,-5.));
#8384=CARTESIAN_POINT('',(6.75,-8.26636589424463E-16,-9.5));
#8385=CARTESIAN_POINT('Origin',(0.,0.,-9.5));
#8386=CARTESIAN_POINT('',(6.75,-8.26636589424463E-16,-5.));
#8387=CARTESIAN_POINT('',(6.75,-8.26636589424463E-16,-5.));
#8388=CARTESIAN_POINT('Origin',(0.,0.,-5.));
#8389=CARTESIAN_POINT('Origin',(0.,0.,-9.5));
#8390=CARTESIAN_POINT('Origin',(0.,0.,-5.));
#8391=CARTESIAN_POINT('',(0.,0.,0.));
#8392=CARTESIAN_POINT('Origin',(-1.82964754458226E-12,7.50510764646606E-13,
0.));
#8393=CARTESIAN_POINT('',(2.49999999999817,7.50204602946819E-13,0.));
#8394=CARTESIAN_POINT('Origin',(-1.82964754458226E-12,7.50510764646606E-13,
0.));
#8395=CARTESIAN_POINT('',(2.49999999999817,7.50204602946819E-13,10.));
#8396=CARTESIAN_POINT('',(2.49999999999817,7.50816926346393E-13,0.));
#8397=CARTESIAN_POINT('Origin',(-1.82964754458226E-12,7.50510764646606E-13,
10.));
#8398=CARTESIAN_POINT('Origin',(-1.82964754458226E-12,7.50510764646606E-13,
10.));
#8399=CARTESIAN_POINT('Origin',(2.58329903954909E-30,2.1094237467878E-14,
45.));
#8400=CARTESIAN_POINT('',(3.52146786515595,-14.5807840692699,45.));
#8401=CARTESIAN_POINT('',(-3.52146786515595,-14.5807840692699,45.));
#8402=CARTESIAN_POINT('Origin',(2.58329903954909E-30,2.1094237467878E-14,
45.));
#8403=CARTESIAN_POINT('',(3.52146786515594,-14.5807840692699,0.));
#8404=CARTESIAN_POINT('',(3.52146786515595,-14.5807840692699,45.));
#8405=CARTESIAN_POINT('',(-3.52146786515595,-14.5807840692699,0.));
#8406=CARTESIAN_POINT('Origin',(2.58329903954909E-30,2.1094237467878E-14,
0.));
#8407=CARTESIAN_POINT('',(-3.52146786515595,-14.5807840692699,45.));
#8408=CARTESIAN_POINT('Origin',(1.76073393257797,-7.29039203463493,45.));
#8409=CARTESIAN_POINT('',(1.76073393257797,-7.29039203463493,45.));
#8410=CARTESIAN_POINT('',(0.880366966288987,-3.64519601731747,45.));
#8411=CARTESIAN_POINT('',(1.76073393257797,-7.29039203463493,0.));
#8412=CARTESIAN_POINT('',(1.76073393257797,-7.29039203463493,45.));
#8413=CARTESIAN_POINT('',(0.880366966288987,-3.64519601731747,0.));
#8414=CARTESIAN_POINT('Origin',(-4.44089209850062E-15,2.22044604925031E-14,
45.));
#8415=CARTESIAN_POINT('',(-1.76073393257797,-7.29039203463493,45.));
#8416=CARTESIAN_POINT('Origin',(-4.44089209850062E-15,2.22044604925031E-14,
45.));
#8417=CARTESIAN_POINT('',(-1.76073393257797,-7.29039203463493,0.));
#8418=CARTESIAN_POINT('',(-1.76073393257797,-7.29039203463493,45.));
#8419=CARTESIAN_POINT('Origin',(-4.44089209850062E-15,2.22044604925031E-14,
0.));
#8420=CARTESIAN_POINT('Origin',(-3.52146786515595,-14.5807840692699,45.));
#8421=CARTESIAN_POINT('',(-1.76073393257797,-7.29039203463494,45.));
#8422=CARTESIAN_POINT('',(-1.76073393257797,-7.29039203463494,0.));
#8423=CARTESIAN_POINT('Origin',(-1.2398881691974E-14,-1.7065596594894E-14,
45.));
#8424=CARTESIAN_POINT('',(5.72144249472143,13.8659689809114,45.));
#8425=CARTESIAN_POINT('',(11.4192971908343,9.7262352257903,45.));
#8426=CARTESIAN_POINT('Origin',(-1.2398881691974E-14,-1.7065596594894E-14,
45.));
#8427=CARTESIAN_POINT('',(5.72144249472143,13.8659689809114,0.));
#8428=CARTESIAN_POINT('',(5.72144249472143,13.8659689809114,45.));
#8429=CARTESIAN_POINT('',(11.4192971908343,9.7262352257903,0.));
#8430=CARTESIAN_POINT('Origin',(-1.2398881691974E-14,-1.7065596594894E-14,
0.));
#8431=CARTESIAN_POINT('',(11.4192971908343,9.7262352257903,45.));
#8432=CARTESIAN_POINT('Origin',(2.86072124736072,6.93298449045568,45.));
#8433=CARTESIAN_POINT('',(2.86072124736072,6.93298449045568,45.));
#8434=CARTESIAN_POINT('',(1.43036062368036,3.46649224522784,45.));
#8435=CARTESIAN_POINT('',(2.86072124736072,6.93298449045568,0.));
#8436=CARTESIAN_POINT('',(2.86072124736072,6.93298449045568,45.));
#8437=CARTESIAN_POINT('',(1.43036062368036,3.46649224522784,-4.44089209850063E-15));
#8438=CARTESIAN_POINT('Origin',(-9.45869723473178E-15,-2.0574076771883E-14,
45.));
#8439=CARTESIAN_POINT('',(5.70964859541715,4.86311761289515,45.));
#8440=CARTESIAN_POINT('Origin',(-9.45869723473178E-15,-2.0574076771883E-14,
45.));
#8441=CARTESIAN_POINT('',(5.70964859541715,4.86311761289515,0.));
#8442=CARTESIAN_POINT('',(5.70964859541715,4.86311761289515,45.));
#8443=CARTESIAN_POINT('Origin',(-9.45869723473178E-15,-2.0574076771883E-14,
0.));
#8444=CARTESIAN_POINT('Origin',(11.4192971908343,9.7262352257903,45.));
#8445=CARTESIAN_POINT('',(5.70964859541715,4.86311761289515,45.));
#8446=CARTESIAN_POINT('',(5.70964859541715,4.86311761289515,0.));
#8447=CARTESIAN_POINT('Origin',(2.00618120001027E-14,-6.51847786095505E-15,
45.));
#8448=CARTESIAN_POINT('',(-14.9553431172501,1.15659510863534,45.));
#8449=CARTESIAN_POINT('',(-12.7789562862932,7.85482502879644,45.));
#8450=CARTESIAN_POINT('Origin',(2.00618120001027E-14,-6.51847786095505E-15,
45.));
#8451=CARTESIAN_POINT('',(-14.9553431172501,1.15659510863534,0.));
#8452=CARTESIAN_POINT('',(-14.9553431172501,1.15659510863534,45.));
#8453=CARTESIAN_POINT('',(-12.7789562862932,7.85482502879644,0.));
#8454=CARTESIAN_POINT('Origin',(2.00618120001027E-14,-6.51847786095505E-15,
0.));
#8455=CARTESIAN_POINT('',(-12.7789562862932,7.85482502879644,45.));
#8456=CARTESIAN_POINT('Origin',(-7.47767155862507,0.578297554317671,45.));
#8457=CARTESIAN_POINT('',(-7.47767155862507,0.578297554317671,45.));
#8458=CARTESIAN_POINT('',(-3.73883577931253,0.289148777158835,45.));
#8459=CARTESIAN_POINT('',(-7.47767155862507,0.578297554317671,0.));
#8460=CARTESIAN_POINT('',(-7.47767155862507,0.578297554317671,45.));
#8461=CARTESIAN_POINT('',(-3.73883577931253,0.289148777158835,0.));
#8462=CARTESIAN_POINT('Origin',(2.24900079708355E-14,-2.6380162746679E-15,
45.));
#8463=CARTESIAN_POINT('',(-6.38947814314661,3.92741251439822,45.));
#8464=CARTESIAN_POINT('Origin',(2.24900079708355E-14,-2.6380162746679E-15,
45.));
#8465=CARTESIAN_POINT('',(-6.38947814314661,3.92741251439822,0.));
#8466=CARTESIAN_POINT('',(-6.38947814314661,3.92741251439822,45.));
#8467=CARTESIAN_POINT('Origin',(2.24900079708355E-14,-2.6380162746679E-15,
0.));
#8468=CARTESIAN_POINT('Origin',(-12.7789562862932,7.85482502879644,45.));
#8469=CARTESIAN_POINT('',(-6.38947814314661,3.92741251439822,45.));
#8470=CARTESIAN_POINT('',(-6.38947814314661,3.92741251439822,0.));
#8471=CARTESIAN_POINT('Origin',(-2.00618120001027E-14,-6.51847786095505E-15,
45.));
#8472=CARTESIAN_POINT('',(12.7789562862932,7.85482502879643,45.));
#8473=CARTESIAN_POINT('',(14.9553431172501,1.15659510863534,45.));
#8474=CARTESIAN_POINT('Origin',(-2.00618120001027E-14,-6.51847786095505E-15,
45.));
#8475=CARTESIAN_POINT('',(12.7789562862932,7.85482502879643,0.));
#8476=CARTESIAN_POINT('',(12.7789562862932,7.85482502879643,45.));
#8477=CARTESIAN_POINT('',(14.9553431172501,1.15659510863534,0.));
#8478=CARTESIAN_POINT('Origin',(-2.00618120001027E-14,-6.51847786095505E-15,
0.));
#8479=CARTESIAN_POINT('',(14.9553431172501,1.15659510863534,45.));
#8480=CARTESIAN_POINT('Origin',(6.38947814314661,3.92741251439822,45.));
#8481=CARTESIAN_POINT('',(6.38947814314661,3.92741251439822,45.));
#8482=CARTESIAN_POINT('',(3.19473907157331,1.96370625719911,45.));
#8483=CARTESIAN_POINT('',(6.38947814314661,3.92741251439822,0.));
#8484=CARTESIAN_POINT('',(6.38947814314661,3.92741251439822,45.));
#8485=CARTESIAN_POINT('',(3.19473907157331,1.96370625719911,-4.44089209850063E-15));
#8486=CARTESIAN_POINT('Origin',(-1.97453857135913E-14,-1.10850950115533E-14,
45.));
#8487=CARTESIAN_POINT('',(7.47767155862507,0.57829755431767,45.));
#8488=CARTESIAN_POINT('Origin',(-1.97453857135913E-14,-1.10850950115533E-14,
45.));
#8489=CARTESIAN_POINT('',(7.47767155862507,0.57829755431767,0.));
#8490=CARTESIAN_POINT('',(7.47767155862507,0.57829755431767,45.));
#8491=CARTESIAN_POINT('Origin',(-1.97453857135913E-14,-1.10850950115533E-14,
0.));
#8492=CARTESIAN_POINT('Origin',(14.9553431172501,1.15659510863534,45.));
#8493=CARTESIAN_POINT('',(7.47767155862507,0.578297554317669,45.));
#8494=CARTESIAN_POINT('',(7.47767155862507,0.578297554317669,4.44089209850063E-15));
#8495=CARTESIAN_POINT('Origin',(1.2398881691974E-14,1.7065596594894E-14,
45.));
#8496=CARTESIAN_POINT('',(-5.72144249472143,-13.8659689809114,45.));
#8497=CARTESIAN_POINT('',(-11.4192971908343,-9.7262352257903,45.));
#8498=CARTESIAN_POINT('Origin',(1.2398881691974E-14,1.7065596594894E-14,
45.));
#8499=CARTESIAN_POINT('',(-5.72144249472143,-13.8659689809114,0.));
#8500=CARTESIAN_POINT('',(-5.72144249472143,-13.8659689809114,45.));
#8501=CARTESIAN_POINT('',(-11.4192971908343,-9.7262352257903,0.));
#8502=CARTESIAN_POINT('Origin',(1.2398881691974E-14,1.7065596594894E-14,
0.));
#8503=CARTESIAN_POINT('',(-11.4192971908343,-9.7262352257903,45.));
#8504=CARTESIAN_POINT('Origin',(-2.86072124736072,-6.93298449045567,45.));
#8505=CARTESIAN_POINT('',(-2.86072124736072,-6.93298449045567,45.));
#8506=CARTESIAN_POINT('',(-1.43036062368036,-3.46649224522784,45.));
#8507=CARTESIAN_POINT('',(-2.86072124736072,-6.93298449045567,0.));
#8508=CARTESIAN_POINT('',(-2.86072124736072,-6.93298449045567,45.));
#8509=CARTESIAN_POINT('',(-1.43036062368036,-3.46649224522784,-4.44089209850063E-15));
#8510=CARTESIAN_POINT('Origin',(9.45869723473178E-15,2.0574076771883E-14,
45.));
#8511=CARTESIAN_POINT('',(-5.70964859541715,-4.86311761289515,45.));
#8512=CARTESIAN_POINT('Origin',(9.45869723473178E-15,2.0574076771883E-14,
45.));
#8513=CARTESIAN_POINT('',(-5.70964859541715,-4.86311761289515,0.));
#8514=CARTESIAN_POINT('',(-5.70964859541715,-4.86311761289515,45.));
#8515=CARTESIAN_POINT('Origin',(9.45869723473178E-15,2.0574076771883E-14,
0.));
#8516=CARTESIAN_POINT('Origin',(-11.4192971908343,-9.7262352257903,45.));
#8517=CARTESIAN_POINT('',(-5.70964859541714,-4.86311761289515,45.));
#8518=CARTESIAN_POINT('',(-5.70964859541714,-4.86311761289515,0.));
#8519=CARTESIAN_POINT('Origin',(-1.2398881691974E-14,1.7065596594894E-14,
45.));
#8520=CARTESIAN_POINT('',(11.4192971908343,-9.7262352257903,45.));
#8521=CARTESIAN_POINT('',(5.72144249472144,-13.8659689809114,45.));
#8522=CARTESIAN_POINT('Origin',(-1.2398881691974E-14,1.7065596594894E-14,
45.));
#8523=CARTESIAN_POINT('',(11.4192971908343,-9.7262352257903,0.));
#8524=CARTESIAN_POINT('',(11.4192971908343,-9.7262352257903,45.));
#8525=CARTESIAN_POINT('',(5.72144249472144,-13.8659689809114,0.));
#8526=CARTESIAN_POINT('Origin',(-1.2398881691974E-14,1.7065596594894E-14,
0.));
#8527=CARTESIAN_POINT('',(5.72144249472144,-13.8659689809114,45.));
#8528=CARTESIAN_POINT('Origin',(5.70964859541714,-4.86311761289515,45.));
#8529=CARTESIAN_POINT('',(5.70964859541714,-4.86311761289515,45.));
#8530=CARTESIAN_POINT('',(2.85482429770857,-2.43155880644758,45.));
#8531=CARTESIAN_POINT('',(5.70964859541714,-4.86311761289515,0.));
#8532=CARTESIAN_POINT('',(5.70964859541714,-4.86311761289515,45.));
#8533=CARTESIAN_POINT('',(2.85482429770857,-2.43155880644758,0.));
#8534=CARTESIAN_POINT('Origin',(-1.66442115904766E-14,1.53534950068413E-14,
45.));
#8535=CARTESIAN_POINT('',(2.86072124736072,-6.93298449045568,45.));
#8536=CARTESIAN_POINT('Origin',(-1.66442115904766E-14,1.53534950068413E-14,
45.));
#8537=CARTESIAN_POINT('',(2.86072124736072,-6.93298449045568,0.));
#8538=CARTESIAN_POINT('',(2.86072124736072,-6.93298449045568,45.));
#8539=CARTESIAN_POINT('Origin',(-1.66442115904766E-14,1.53534950068413E-14,
0.));
#8540=CARTESIAN_POINT('Origin',(5.72144249472144,-13.8659689809114,45.));
#8541=CARTESIAN_POINT('',(2.86072124736072,-6.93298449045568,45.));
#8542=CARTESIAN_POINT('',(2.86072124736072,-6.93298449045568,0.));
#8543=CARTESIAN_POINT('Origin',(-1.76073393257797,7.29039203463494,45.));
#8544=CARTESIAN_POINT('',(-1.76073393257797,7.29039203463494,45.));
#8545=CARTESIAN_POINT('',(-3.52146786515594,14.5807840692699,45.));
#8546=CARTESIAN_POINT('',(-0.880366966288987,3.64519601731747,45.));
#8547=CARTESIAN_POINT('',(-1.76073393257797,7.29039203463494,0.));
#8548=CARTESIAN_POINT('',(-1.76073393257797,7.29039203463494,45.));
#8549=CARTESIAN_POINT('',(-3.52146786515594,14.5807840692699,0.));
#8550=CARTESIAN_POINT('',(-0.880366966288987,3.64519601731747,0.));
#8551=CARTESIAN_POINT('',(-3.52146786515594,14.5807840692699,45.));
#8552=CARTESIAN_POINT('Origin',(-4.16333634234434E-16,-6.66133814775094E-15,
45.));
#8553=CARTESIAN_POINT('',(1.76073393257797,7.29039203463493,45.));
#8554=CARTESIAN_POINT('Origin',(-4.16333634234434E-16,-6.66133814775094E-15,
45.));
#8555=CARTESIAN_POINT('',(1.76073393257797,7.29039203463493,0.));
#8556=CARTESIAN_POINT('',(1.76073393257797,7.29039203463493,45.));
#8557=CARTESIAN_POINT('Origin',(-4.16333634234434E-16,-6.66133814775094E-15,
0.));
#8558=CARTESIAN_POINT('Origin',(3.52146786515595,14.5807840692699,45.));
#8559=CARTESIAN_POINT('',(3.52146786515595,14.5807840692699,45.));
#8560=CARTESIAN_POINT('',(1.76073393257797,7.29039203463494,45.));
#8561=CARTESIAN_POINT('',(3.52146786515595,14.5807840692699,0.));
#8562=CARTESIAN_POINT('',(3.52146786515595,14.5807840692699,45.));
#8563=CARTESIAN_POINT('',(1.76073393257797,7.29039203463494,0.));
#8564=CARTESIAN_POINT('Origin',(4.16333634234434E-15,-3.10862446895044E-14,
45.));
#8565=CARTESIAN_POINT('Origin',(4.16333634234434E-15,-3.10862446895044E-14,
45.));
#8566=CARTESIAN_POINT('Origin',(4.16333634234434E-15,-3.10862446895044E-14,
0.));
#8567=CARTESIAN_POINT('Origin',(1.2398881691974E-14,-1.7065596594894E-14,
45.));
#8568=CARTESIAN_POINT('',(-11.4192971908343,9.7262352257903,45.));
#8569=CARTESIAN_POINT('',(-5.72144249472144,13.8659689809114,45.));
#8570=CARTESIAN_POINT('Origin',(1.2398881691974E-14,-1.7065596594894E-14,
45.));
#8571=CARTESIAN_POINT('',(-11.4192971908343,9.7262352257903,0.));
#8572=CARTESIAN_POINT('',(-11.4192971908343,9.7262352257903,45.));
#8573=CARTESIAN_POINT('',(-5.72144249472144,13.8659689809114,0.));
#8574=CARTESIAN_POINT('Origin',(1.2398881691974E-14,-1.7065596594894E-14,
0.));
#8575=CARTESIAN_POINT('',(-5.72144249472144,13.8659689809114,45.));
#8576=CARTESIAN_POINT('Origin',(-5.70964859541714,4.86311761289515,45.));
#8577=CARTESIAN_POINT('',(-5.70964859541714,4.86311761289515,45.));
#8578=CARTESIAN_POINT('',(-2.85482429770857,2.43155880644757,45.));
#8579=CARTESIAN_POINT('',(-5.70964859541714,4.86311761289515,0.));
#8580=CARTESIAN_POINT('',(-5.70964859541714,4.86311761289515,45.));
#8581=CARTESIAN_POINT('',(-2.85482429770857,2.43155880644757,0.));
#8582=CARTESIAN_POINT('Origin',(1.66442115904766E-14,-1.53534950068413E-14,
45.));
#8583=CARTESIAN_POINT('',(-2.86072124736072,6.93298449045567,45.));
#8584=CARTESIAN_POINT('Origin',(1.66442115904766E-14,-1.53534950068413E-14,
45.));
#8585=CARTESIAN_POINT('',(-2.86072124736072,6.93298449045567,0.));
#8586=CARTESIAN_POINT('',(-2.86072124736072,6.93298449045567,45.));
#8587=CARTESIAN_POINT('Origin',(1.66442115904766E-14,-1.53534950068413E-14,
0.));
#8588=CARTESIAN_POINT('Origin',(-5.72144249472144,13.8659689809114,45.));
#8589=CARTESIAN_POINT('',(-2.86072124736072,6.93298449045568,45.));
#8590=CARTESIAN_POINT('',(-2.86072124736072,6.93298449045568,-4.44089209850063E-15));
#8591=CARTESIAN_POINT('Origin',(-2.00618120001027E-14,6.51847786095505E-15,
45.));
#8592=CARTESIAN_POINT('',(14.9553431172501,-1.15659510863535,45.));
#8593=CARTESIAN_POINT('',(12.7789562862932,-7.85482502879644,45.));
#8594=CARTESIAN_POINT('Origin',(-2.00618120001027E-14,6.51847786095505E-15,
45.));
#8595=CARTESIAN_POINT('',(14.9553431172501,-1.15659510863535,0.));
#8596=CARTESIAN_POINT('',(14.9553431172501,-1.15659510863535,45.));
#8597=CARTESIAN_POINT('',(12.7789562862932,-7.85482502879644,0.));
#8598=CARTESIAN_POINT('Origin',(-2.00618120001027E-14,6.51847786095505E-15,
0.));
#8599=CARTESIAN_POINT('',(12.7789562862932,-7.85482502879644,45.));
#8600=CARTESIAN_POINT('Origin',(7.47767155862506,-0.578297554317672,45.));
#8601=CARTESIAN_POINT('',(7.47767155862506,-0.578297554317672,45.));
#8602=CARTESIAN_POINT('',(3.73883577931253,-0.289148777158836,45.));
#8603=CARTESIAN_POINT('',(7.47767155862506,-0.578297554317672,0.));
#8604=CARTESIAN_POINT('',(7.47767155862506,-0.578297554317672,45.));
#8605=CARTESIAN_POINT('',(3.73883577931253,-0.289148777158836,0.));
#8606=CARTESIAN_POINT('Origin',(-2.24900079708355E-14,2.6380162746679E-15,
45.));
#8607=CARTESIAN_POINT('',(6.38947814314661,-3.92741251439822,45.));
#8608=CARTESIAN_POINT('Origin',(-2.24900079708355E-14,2.6380162746679E-15,
45.));
#8609=CARTESIAN_POINT('',(6.38947814314661,-3.92741251439822,0.));
#8610=CARTESIAN_POINT('',(6.38947814314661,-3.92741251439822,45.));
#8611=CARTESIAN_POINT('Origin',(-2.24900079708355E-14,2.6380162746679E-15,
0.));
#8612=CARTESIAN_POINT('Origin',(12.7789562862932,-7.85482502879644,45.));
#8613=CARTESIAN_POINT('',(6.38947814314661,-3.92741251439822,45.));
#8614=CARTESIAN_POINT('',(6.38947814314661,-3.92741251439822,0.));
#8615=CARTESIAN_POINT('Origin',(2.00618120001027E-14,6.51847786095505E-15,
45.));
#8616=CARTESIAN_POINT('',(-12.7789562862932,-7.85482502879644,45.));
#8617=CARTESIAN_POINT('',(-14.9553431172501,-1.15659510863534,45.));
#8618=CARTESIAN_POINT('Origin',(2.00618120001027E-14,6.51847786095505E-15,
45.));
#8619=CARTESIAN_POINT('',(-12.7789562862932,-7.85482502879644,0.));
#8620=CARTESIAN_POINT('',(-12.7789562862932,-7.85482502879644,45.));
#8621=CARTESIAN_POINT('',(-14.9553431172501,-1.15659510863534,0.));
#8622=CARTESIAN_POINT('Origin',(2.00618120001027E-14,6.51847786095505E-15,
0.));
#8623=CARTESIAN_POINT('',(-14.9553431172501,-1.15659510863534,45.));
#8624=CARTESIAN_POINT('Origin',(-6.38947814314661,-3.92741251439822,45.));
#8625=CARTESIAN_POINT('',(-6.38947814314661,-3.92741251439822,45.));
#8626=CARTESIAN_POINT('',(-3.19473907157331,-1.96370625719911,45.));
#8627=CARTESIAN_POINT('',(-6.38947814314661,-3.92741251439822,0.));
#8628=CARTESIAN_POINT('',(-6.38947814314661,-3.92741251439822,45.));
#8629=CARTESIAN_POINT('',(-3.19473907157331,-1.96370625719911,0.));
#8630=CARTESIAN_POINT('Origin',(1.97453857135913E-14,1.10850950115533E-14,
45.));
#8631=CARTESIAN_POINT('',(-7.47767155862507,-0.578297554317672,45.));
#8632=CARTESIAN_POINT('Origin',(1.97453857135913E-14,1.10850950115533E-14,
45.));
#8633=CARTESIAN_POINT('',(-7.47767155862507,-0.578297554317672,0.));
#8634=CARTESIAN_POINT('',(-7.47767155862507,-0.578297554317672,45.));
#8635=CARTESIAN_POINT('Origin',(1.97453857135913E-14,1.10850950115533E-14,
0.));
#8636=CARTESIAN_POINT('Origin',(-14.9553431172501,-1.15659510863534,45.));
#8637=CARTESIAN_POINT('',(-7.47767155862507,-0.578297554317672,45.));
#8638=CARTESIAN_POINT('',(-7.47767155862507,-0.578297554317672,0.));
#8639=CARTESIAN_POINT('Origin',(22.4751133846564,-4.98691228537971,45.));
#8640=CARTESIAN_POINT('',(22.4751133846564,-4.98691228537971,45.));
#8641=CARTESIAN_POINT('',(27.0299489401501,-5.06279174891495,45.));
#8642=CARTESIAN_POINT('',(11.1991473253146,-4.79906483293052,45.));
#8643=CARTESIAN_POINT('',(22.4751133846564,-4.98691228537971,0.));
#8644=CARTESIAN_POINT('',(22.4751133846564,-4.98691228537971,45.));
#8645=CARTESIAN_POINT('',(27.0299489401501,-5.06279174891495,0.));
#8646=CARTESIAN_POINT('',(11.1991473253146,-4.79906483293052,0.));
#8647=CARTESIAN_POINT('',(27.0299489401501,-5.06279174891495,0.));
#8648=CARTESIAN_POINT('Origin',(21.9574752867379,-6.91876396674468,45.));
#8649=CARTESIAN_POINT('',(21.9574752867379,-6.91876396674468,45.));
#8650=CARTESIAN_POINT('',(22.0868848112175,-6.43580104640345,45.));
#8651=CARTESIAN_POINT('',(21.9574752867379,-6.91876396674468,0.));
#8652=CARTESIAN_POINT('',(21.9574752867379,-6.91876396674468,45.));
#8653=CARTESIAN_POINT('',(22.0868848112175,-6.43580104640345,0.));
#8654=CARTESIAN_POINT('Origin',(25.9403620758953,-9.12949153991579,45.));
#8655=CARTESIAN_POINT('',(25.9403620758953,-9.12949153991579,45.));
#8656=CARTESIAN_POINT('',(14.0880437412343,-2.55078410093789,45.));
#8657=CARTESIAN_POINT('',(25.9403620758953,-9.12949153991579,0.));
#8658=CARTESIAN_POINT('',(25.9403620693495,-9.1294915362825,0.));
#8659=CARTESIAN_POINT('',(14.0880437412343,-2.55078410093789,0.));
#8660=CARTESIAN_POINT('Origin',(6.91876396674465,-21.9574752867379,45.));
#8661=CARTESIAN_POINT('',(6.91876396674465,-21.9574752867379,45.));
#8662=CARTESIAN_POINT('',(9.13046820144444,-25.9400183196237,45.));
#8663=CARTESIAN_POINT('',(1.44346160293093,-12.0982785009122,45.));
#8664=CARTESIAN_POINT('',(6.91876396674465,-21.9574752867379,0.));
#8665=CARTESIAN_POINT('',(6.91876396674465,-21.9574752867379,45.));
#8666=CARTESIAN_POINT('',(9.13046820144444,-25.9400183196237,0.));
#8667=CARTESIAN_POINT('',(1.44346160293093,-12.0982785009122,4.44089209850063E-15));
#8668=CARTESIAN_POINT('',(9.13046820144444,-25.9400183196237,0.));
#8669=CARTESIAN_POINT('Origin',(4.98691228537968,-22.4751133846564,45.));
#8670=CARTESIAN_POINT('',(4.98691228537968,-22.4751133846564,45.));
#8671=CARTESIAN_POINT('',(5.46987520572095,-22.3457038601768,45.));
#8672=CARTESIAN_POINT('',(4.98691228537968,-22.4751133846564,0.));
#8673=CARTESIAN_POINT('',(4.98691228537968,-22.4751133846564,45.));
#8674=CARTESIAN_POINT('',(5.46987520572095,-22.3457038601768,0.));
#8675=CARTESIAN_POINT('Origin',(5.06380944074547,-27.0297583110497,45.));
#8676=CARTESIAN_POINT('',(5.06380944074547,-27.0297583110497,45.));
#8677=CARTESIAN_POINT('',(4.83497803963551,-13.4759958200042,45.));
#8678=CARTESIAN_POINT('',(5.06380944074547,-27.0297583110497,0.));
#8679=CARTESIAN_POINT('',(5.0638094406191,-27.0297583035642,0.));
#8680=CARTESIAN_POINT('',(4.83497803963551,-13.4759958200042,-4.44089209850063E-15));
#8681=CARTESIAN_POINT('Origin',(-15.5563494179117,-16.9705630013582,45.));
#8682=CARTESIAN_POINT('',(-15.5563494179117,-16.9705630013582,45.));
#8683=CARTESIAN_POINT('',(-17.8994807387056,-20.8772265707087,45.));
#8684=CARTESIAN_POINT('',(-9.75568572238364,-7.2992136679817,45.));
#8685=CARTESIAN_POINT('',(-15.5563494179117,-16.9705630013582,0.));
#8686=CARTESIAN_POINT('',(-15.5563494179117,-16.9705630013582,45.));
#8687=CARTESIAN_POINT('',(-17.8994807387056,-20.8772265707087,0.));
#8688=CARTESIAN_POINT('',(-9.75568572238364,-7.2992136679817,-4.44089209850063E-15));
#8689=CARTESIAN_POINT('',(-17.8994807387056,-20.8772265707087,0.));
#8690=CARTESIAN_POINT('Origin',(-16.9705630013582,-15.5563494179117,45.));
#8691=CARTESIAN_POINT('',(-16.9705630013582,-15.5563494179117,45.));
#8692=CARTESIAN_POINT('',(-16.6170096054966,-15.9099028137733,45.));
#8693=CARTESIAN_POINT('',(-16.9705630013582,-15.5563494179117,0.));
#8694=CARTESIAN_POINT('',(-16.9705630013582,-15.5563494179117,45.));
#8695=CARTESIAN_POINT('',(-16.6170096054966,-15.9099028137733,0.));
#8696=CARTESIAN_POINT('Origin',(-20.8765526351498,-17.9002667711339,45.));
#8697=CARTESIAN_POINT('',(-20.8765526351498,-17.9002667711339,45.));
#8698=CARTESIAN_POINT('',(-9.25306570159882,-10.9252117190664,45.));
#8699=CARTESIAN_POINT('',(-20.8765526351498,-17.9002667711339,0.));
#8700=CARTESIAN_POINT('',(-20.8765526287304,-17.9002667672817,0.));
#8701=CARTESIAN_POINT('',(-9.25306570159882,-10.9252117190664,0.));
#8702=CARTESIAN_POINT('Origin',(-22.4751133846564,4.9869122853797,45.));
#8703=CARTESIAN_POINT('',(-22.4751133846564,4.9869122853797,45.));
#8704=CARTESIAN_POINT('',(-27.0299489401501,5.06279174891494,45.));
#8705=CARTESIAN_POINT('',(-11.1991473253146,4.79906483293052,45.));
#8706=CARTESIAN_POINT('',(-22.4751133846564,4.9869122853797,0.));
#8707=CARTESIAN_POINT('',(-22.4751133846564,4.9869122853797,45.));
#8708=CARTESIAN_POINT('',(-27.0299489401501,5.06279174891494,0.));
#8709=CARTESIAN_POINT('',(-11.1991473253146,4.79906483293052,0.));
#8710=CARTESIAN_POINT('',(-27.0299489401501,5.06279174891494,0.));
#8711=CARTESIAN_POINT('Origin',(-21.9574752867379,6.91876396674466,45.));
#8712=CARTESIAN_POINT('',(-21.9574752867379,6.91876396674466,45.));
#8713=CARTESIAN_POINT('',(-22.0868848112175,6.43580104640344,45.));
#8714=CARTESIAN_POINT('',(-21.9574752867379,6.91876396674466,0.));
#8715=CARTESIAN_POINT('',(-21.9574752867379,6.91876396674466,45.));
#8716=CARTESIAN_POINT('',(-22.0868848112175,6.43580104640344,0.));
#8717=CARTESIAN_POINT('Origin',(-25.9403620758953,9.12949153991578,45.));
#8718=CARTESIAN_POINT('',(-25.9403620758953,9.12949153991578,45.));
#8719=CARTESIAN_POINT('',(-14.0880437412343,2.55078410093788,45.));
#8720=CARTESIAN_POINT('',(-25.9403620758953,9.12949153991578,0.));
#8721=CARTESIAN_POINT('',(-25.9403620693495,9.12949153628248,0.));
#8722=CARTESIAN_POINT('',(-14.0880437412343,2.55078410093788,4.44089209850063E-15));
#8723=CARTESIAN_POINT('Origin',(-6.91876396674466,21.9574752867379,45.));
#8724=CARTESIAN_POINT('',(-6.91876396674466,21.9574752867379,45.));
#8725=CARTESIAN_POINT('',(-9.13046820144445,25.9400183196237,45.));
#8726=CARTESIAN_POINT('',(-1.44346160293094,12.0982785009122,45.));
#8727=CARTESIAN_POINT('',(-6.91876396674466,21.9574752867379,0.));
#8728=CARTESIAN_POINT('',(-6.91876396674466,21.9574752867379,45.));
#8729=CARTESIAN_POINT('',(-9.13046820144445,25.9400183196237,0.));
#8730=CARTESIAN_POINT('',(-1.44346160293094,12.0982785009122,4.44089209850063E-15));
#8731=CARTESIAN_POINT('',(-9.13046820144445,25.9400183196237,0.));
#8732=CARTESIAN_POINT('Origin',(-4.98691228537969,22.4751133846564,45.));
#8733=CARTESIAN_POINT('',(-4.98691228537969,22.4751133846564,45.));
#8734=CARTESIAN_POINT('',(-5.46987520572095,22.3457038601768,45.));
#8735=CARTESIAN_POINT('',(-4.98691228537969,22.4751133846564,0.));
#8736=CARTESIAN_POINT('',(-4.98691228537969,22.4751133846564,45.));
#8737=CARTESIAN_POINT('',(-5.46987520572095,22.3457038601768,0.));
#8738=CARTESIAN_POINT('Origin',(-5.06380944074549,27.0297583110497,45.));
#8739=CARTESIAN_POINT('',(-5.06380944074549,27.0297583110497,45.));
#8740=CARTESIAN_POINT('',(-4.83497803963551,13.4759958200042,45.));
#8741=CARTESIAN_POINT('',(-5.06380944074549,27.0297583110497,0.));
#8742=CARTESIAN_POINT('',(-5.06380944061911,27.0297583035642,0.));
#8743=CARTESIAN_POINT('',(-4.83497803963551,13.4759958200042,0.));
#8744=CARTESIAN_POINT('Origin',(4.98691228537971,22.4751133846564,45.));
#8745=CARTESIAN_POINT('',(4.98691228537971,22.4751133846564,45.));
#8746=CARTESIAN_POINT('',(5.06279174891495,27.0299489401501,45.));
#8747=CARTESIAN_POINT('',(4.79906483293052,11.1991473253146,45.));
#8748=CARTESIAN_POINT('',(4.98691228537971,22.4751133846564,0.));
#8749=CARTESIAN_POINT('',(4.98691228537971,22.4751133846564,45.));
#8750=CARTESIAN_POINT('',(5.06279174891495,27.0299489401501,0.));
#8751=CARTESIAN_POINT('',(4.79906483293052,11.1991473253146,0.));
#8752=CARTESIAN_POINT('',(5.06279174891495,27.0299489401501,0.));
#8753=CARTESIAN_POINT('Origin',(6.91876396674468,21.9574752867379,45.));
#8754=CARTESIAN_POINT('',(6.91876396674468,21.9574752867379,45.));
#8755=CARTESIAN_POINT('',(6.43580104640345,22.0868848112175,45.));
#8756=CARTESIAN_POINT('',(6.91876396674468,21.9574752867379,0.));
#8757=CARTESIAN_POINT('',(6.91876396674468,21.9574752867379,45.));
#8758=CARTESIAN_POINT('',(6.43580104640345,22.0868848112175,0.));
#8759=CARTESIAN_POINT('Origin',(9.1294915399158,25.9403620758953,45.));
#8760=CARTESIAN_POINT('',(9.1294915399158,25.9403620758953,45.));
#8761=CARTESIAN_POINT('',(2.55078410093789,14.0880437412343,45.));
#8762=CARTESIAN_POINT('',(9.1294915399158,25.9403620758953,0.));
#8763=CARTESIAN_POINT('',(9.1294915362825,25.9403620693495,0.));
#8764=CARTESIAN_POINT('',(2.55078410093789,14.0880437412343,0.));
#8765=CARTESIAN_POINT('Origin',(10.6339747546741,20.4185845913027,45.));
#8766=CARTESIAN_POINT('',(10.6339747546741,20.4185845913027,45.));
#8767=CARTESIAN_POINT('',(11.8861468772597,24.7985788385587,45.));
#8768=CARTESIAN_POINT('',(7.5340932808636,9.57545625649331,45.));
#8769=CARTESIAN_POINT('',(10.6339747546741,20.4185845913027,0.));
#8770=CARTESIAN_POINT('',(10.6339747546741,20.4185845913027,45.));
#8771=CARTESIAN_POINT('',(11.8861468772597,24.7985788385587,0.));
#8772=CARTESIAN_POINT('',(7.5340932808636,9.57545625649331,-4.44089209850063E-15));
#8773=CARTESIAN_POINT('',(11.8861468772597,24.7985788385587,0.));
#8774=CARTESIAN_POINT('Origin',(12.3660255880526,19.4185845764015,45.));
#8775=CARTESIAN_POINT('',(12.3660255880526,19.4185845764015,45.));
#8776=CARTESIAN_POINT('',(11.933012879708,19.6685845801268,45.));
#8777=CARTESIAN_POINT('',(12.3660255880526,19.4185845764015,0.));
#8778=CARTESIAN_POINT('',(12.3660255880526,19.4185845764015,45.));
#8779=CARTESIAN_POINT('',(11.933012879708,19.6685845801268,0.));
#8780=CARTESIAN_POINT('Origin',(15.5322714013891,22.6935793897643,45.));
#8781=CARTESIAN_POINT('',(15.5322714013891,22.6935793897643,45.));
#8782=CARTESIAN_POINT('',(6.11012226885227,12.9478137862809,45.));
#8783=CARTESIAN_POINT('',(15.5322714013891,22.6935793897643,0.));
#8784=CARTESIAN_POINT('',(15.5322713961854,22.6935793843818,0.));
#8785=CARTESIAN_POINT('',(6.11012226885227,12.9478137862809,0.));
#8786=CARTESIAN_POINT('Origin',(-12.3660255880526,19.4185845764015,45.));
#8787=CARTESIAN_POINT('',(-12.3660255880526,19.4185845764015,45.));
#8788=CARTESIAN_POINT('',(-15.5331258133132,22.6929945680993,45.));
#8789=CARTESIAN_POINT('',(-4.52554173051806,11.3124443039562,45.));
#8790=CARTESIAN_POINT('',(-12.3660255880526,19.4185845764015,0.));
#8791=CARTESIAN_POINT('',(-12.3660255880526,19.4185845764015,45.));
#8792=CARTESIAN_POINT('',(-15.5331258133132,22.6929945680993,0.));
#8793=CARTESIAN_POINT('',(-4.52554173051806,11.3124443039562,0.));
#8794=CARTESIAN_POINT('',(-15.5331258133132,22.6929945680993,0.));
#8795=CARTESIAN_POINT('Origin',(-10.6339747546741,20.4185845913027,45.));
#8796=CARTESIAN_POINT('',(-10.6339747546741,20.4185845913027,45.));
#8797=CARTESIAN_POINT('',(-11.0669874630187,20.1685845875774,45.));
#8798=CARTESIAN_POINT('',(-10.6339747546741,20.4185845913027,0.));
#8799=CARTESIAN_POINT('',(-10.6339747546741,20.4185845913027,45.));
#8800=CARTESIAN_POINT('',(-11.0669874630187,20.1685845875774,0.));
#8801=CARTESIAN_POINT('Origin',(-11.8870805536403,24.7981313069596,45.));
#8802=CARTESIAN_POINT('',(-11.8870805536403,24.7981313069596,45.));
#8803=CARTESIAN_POINT('',(-8.15807452796349,11.7654279981955,45.));
#8804=CARTESIAN_POINT('',(-11.8870805536403,24.7981313069596,0.));
#8805=CARTESIAN_POINT('',(-11.8870805515808,24.7981312997619,0.));
#8806=CARTESIAN_POINT('',(-8.15807452796349,11.7654279981955,0.));
#8807=CARTESIAN_POINT('Origin',(-23.0000003427267,-1.00000001490117,45.));
#8808=CARTESIAN_POINT('',(-23.0000003427267,-1.00000001490117,45.));
#8809=CARTESIAN_POINT('',(-27.4192726905729,-2.10558427045941,45.));
#8810=CARTESIAN_POINT('',(-12.0596350113816,1.73698804746285,45.));
#8811=CARTESIAN_POINT('',(-23.0000003427267,-1.00000001490117,0.));
#8812=CARTESIAN_POINT('',(-23.0000003427267,-1.00000001490117,45.));
#8813=CARTESIAN_POINT('',(-27.4192726905729,-2.10558427045941,0.));
#8814=CARTESIAN_POINT('',(-12.0596350113816,1.73698804746285,0.));
#8815=CARTESIAN_POINT('',(-27.4192726905729,-2.10558427045941,0.));
#8816=CARTESIAN_POINT('Origin',(-23.0000003427267,1.00000001490116,45.));
#8817=CARTESIAN_POINT('',(-23.0000003427267,1.00000001490116,45.));
#8818=CARTESIAN_POINT('',(-23.0000003427267,0.500000007450578,45.));
#8819=CARTESIAN_POINT('',(-23.0000003427267,1.00000001490116,0.));
#8820=CARTESIAN_POINT('',(-23.0000003427267,1.00000001490116,45.));
#8821=CARTESIAN_POINT('',(-23.0000003427267,0.500000007450578,0.));
#8822=CARTESIAN_POINT('Origin',(-27.4193519550294,2.10455191719533,45.));
#8823=CARTESIAN_POINT('',(-27.4193519550294,2.10455191719533,45.));
#8824=CARTESIAN_POINT('',(-14.2681967968157,-1.18238578808538,45.));
#8825=CARTESIAN_POINT('',(-27.4193519550294,2.10455191719533,0.));
#8826=CARTESIAN_POINT('',(-27.4193519477662,2.10455191538001,0.));
#8827=CARTESIAN_POINT('',(-14.2681967968157,-1.18238578808538,0.));
#8828=CARTESIAN_POINT('Origin',(-10.6339747546741,-20.4185845913027,45.));
#8829=CARTESIAN_POINT('',(-10.6339747546741,-20.4185845913027,45.));
#8830=CARTESIAN_POINT('',(-11.8861468772597,-24.7985788385587,45.));
#8831=CARTESIAN_POINT('',(-7.53409328086359,-9.57545625649331,45.));
#8832=CARTESIAN_POINT('',(-10.6339747546741,-20.4185845913027,0.));
#8833=CARTESIAN_POINT('',(-10.6339747546741,-20.4185845913027,45.));
#8834=CARTESIAN_POINT('',(-11.8861468772597,-24.7985788385587,0.));
#8835=CARTESIAN_POINT('',(-7.53409328086359,-9.57545625649331,-4.44089209850063E-15));
#8836=CARTESIAN_POINT('',(-11.8861468772597,-24.7985788385587,0.));
#8837=CARTESIAN_POINT('Origin',(-12.3660255880526,-19.4185845764015,45.));
#8838=CARTESIAN_POINT('',(-12.3660255880526,-19.4185845764015,45.));
#8839=CARTESIAN_POINT('',(-11.933012879708,-19.6685845801268,45.));
#8840=CARTESIAN_POINT('',(-12.3660255880526,-19.4185845764015,0.));
#8841=CARTESIAN_POINT('',(-12.3660255880526,-19.4185845764015,45.));
#8842=CARTESIAN_POINT('',(-11.933012879708,-19.6685845801268,0.));
#8843=CARTESIAN_POINT('Origin',(-15.5322714013891,-22.6935793897643,45.));
#8844=CARTESIAN_POINT('',(-15.5322714013891,-22.6935793897643,45.));
#8845=CARTESIAN_POINT('',(-6.11012226885226,-12.9478137862809,45.));
#8846=CARTESIAN_POINT('',(-15.5322714013891,-22.6935793897643,0.));
#8847=CARTESIAN_POINT('',(-15.5322713961854,-22.6935793843818,0.));
#8848=CARTESIAN_POINT('',(-6.11012226885226,-12.9478137862809,0.));
#8849=CARTESIAN_POINT('Origin',(12.3660255880526,-19.4185845764015,45.));
#8850=CARTESIAN_POINT('',(12.3660255880526,-19.4185845764015,45.));
#8851=CARTESIAN_POINT('',(15.5331258133132,-22.6929945680993,45.));
#8852=CARTESIAN_POINT('',(4.52554173051806,-11.3124443039562,45.));
#8853=CARTESIAN_POINT('',(12.3660255880526,-19.4185845764015,0.));
#8854=CARTESIAN_POINT('',(12.3660255880526,-19.4185845764015,45.));
#8855=CARTESIAN_POINT('',(15.5331258133132,-22.6929945680993,0.));
#8856=CARTESIAN_POINT('',(4.52554173051806,-11.3124443039562,0.));
#8857=CARTESIAN_POINT('',(15.5331258133132,-22.6929945680993,0.));
#8858=CARTESIAN_POINT('Origin',(10.6339747546741,-20.4185845913027,45.));
#8859=CARTESIAN_POINT('',(10.6339747546741,-20.4185845913027,45.));
#8860=CARTESIAN_POINT('',(11.0669874630187,-20.1685845875774,45.));
#8861=CARTESIAN_POINT('',(10.6339747546741,-20.4185845913027,0.));
#8862=CARTESIAN_POINT('',(10.6339747546741,-20.4185845913027,45.));
#8863=CARTESIAN_POINT('',(11.0669874630187,-20.1685845875774,0.));
#8864=CARTESIAN_POINT('Origin',(11.8870805536403,-24.7981313069596,45.));
#8865=CARTESIAN_POINT('',(11.8870805536403,-24.7981313069596,45.));
#8866=CARTESIAN_POINT('',(8.15807452796349,-11.7654279981955,45.));
#8867=CARTESIAN_POINT('',(11.8870805536403,-24.7981313069596,0.));
#8868=CARTESIAN_POINT('',(11.8870805515808,-24.7981312997619,0.));
#8869=CARTESIAN_POINT('',(8.15807452796349,-11.7654279981955,0.));
#8870=CARTESIAN_POINT('Origin',(23.0000003427267,1.00000001490116,45.));
#8871=CARTESIAN_POINT('',(23.0000003427267,1.00000001490116,45.));
#8872=CARTESIAN_POINT('',(27.4192726905729,2.10558427045939,45.));
#8873=CARTESIAN_POINT('',(12.0596350113816,-1.73698804746286,45.));
#8874=CARTESIAN_POINT('',(23.0000003427267,1.00000001490116,0.));
#8875=CARTESIAN_POINT('',(23.0000003427267,1.00000001490116,45.));
#8876=CARTESIAN_POINT('',(27.4192726905729,2.10558427045939,0.));
#8877=CARTESIAN_POINT('',(12.0596350113816,-1.73698804746286,-4.44089209850063E-15));
#8878=CARTESIAN_POINT('',(27.4192726905729,2.10558427045939,0.));
#8879=CARTESIAN_POINT('Origin',(23.0000003427267,-1.00000001490117,45.));
#8880=CARTESIAN_POINT('',(23.0000003427267,-1.00000001490117,45.));
#8881=CARTESIAN_POINT('',(23.0000003427267,-0.500000007450583,45.));
#8882=CARTESIAN_POINT('',(23.0000003427267,-1.00000001490117,0.));
#8883=CARTESIAN_POINT('',(23.0000003427267,-1.00000001490117,45.));
#8884=CARTESIAN_POINT('',(23.0000003427267,-0.500000007450583,0.));
#8885=CARTESIAN_POINT('Origin',(27.4193519550293,-2.10455191719534,45.));
#8886=CARTESIAN_POINT('',(27.4193519550293,-2.10455191719534,45.));
#8887=CARTESIAN_POINT('',(14.2681967968157,1.18238578808537,45.));
#8888=CARTESIAN_POINT('',(27.4193519550293,-2.10455191719534,0.));
#8889=CARTESIAN_POINT('',(27.4193519477662,-2.10455191538002,0.));
#8890=CARTESIAN_POINT('',(14.2681967968157,1.18238578808537,0.));
#8891=CARTESIAN_POINT('Origin',(16.9705630013582,-15.5563494179117,45.));
#8892=CARTESIAN_POINT('',(16.9705630013582,-15.5563494179117,45.));
#8893=CARTESIAN_POINT('',(20.8772265707087,-17.8994807387056,45.));
#8894=CARTESIAN_POINT('',(7.2992136679817,-9.75568572238364,45.));
#8895=CARTESIAN_POINT('',(16.9705630013582,-15.5563494179117,0.));
#8896=CARTESIAN_POINT('',(16.9705630013582,-15.5563494179117,45.));
#8897=CARTESIAN_POINT('',(20.8772265707087,-17.8994807387056,0.));
#8898=CARTESIAN_POINT('',(7.2992136679817,-9.75568572238364,-4.44089209850063E-15));
#8899=CARTESIAN_POINT('',(20.8772265707087,-17.8994807387056,0.));
#8900=CARTESIAN_POINT('Origin',(15.5563494179117,-16.9705630013582,45.));
#8901=CARTESIAN_POINT('',(15.5563494179117,-16.9705630013582,45.));
#8902=CARTESIAN_POINT('',(15.9099028137733,-16.6170096054966,45.));
#8903=CARTESIAN_POINT('',(15.5563494179117,-16.9705630013582,0.));
#8904=CARTESIAN_POINT('',(15.5563494179117,-16.9705630013582,45.));
#8905=CARTESIAN_POINT('',(15.9099028137733,-16.6170096054966,0.));
#8906=CARTESIAN_POINT('Origin',(17.9002667711339,-20.8765526351499,45.));
#8907=CARTESIAN_POINT('',(17.9002667711339,-20.8765526351499,45.));
#8908=CARTESIAN_POINT('',(10.9252117190664,-9.25306570159883,45.));
#8909=CARTESIAN_POINT('',(17.9002667711339,-20.8765526351499,0.));
#8910=CARTESIAN_POINT('',(17.9002667672817,-20.8765526287304,0.));
#8911=CARTESIAN_POINT('',(10.9252117190664,-9.25306570159883,0.));
#8912=CARTESIAN_POINT('Origin',(1.00000001490116,-23.0000003427267,45.));
#8913=CARTESIAN_POINT('',(1.00000001490116,-23.0000003427267,45.));
#8914=CARTESIAN_POINT('',(2.1055842704594,-27.4192726905729,45.));
#8915=CARTESIAN_POINT('',(-1.73698804746285,-12.0596350113816,45.));
#8916=CARTESIAN_POINT('',(1.00000001490116,-23.0000003427267,0.));
#8917=CARTESIAN_POINT('',(1.00000001490116,-23.0000003427267,45.));
#8918=CARTESIAN_POINT('',(2.1055842704594,-27.4192726905729,0.));
#8919=CARTESIAN_POINT('',(-1.73698804746285,-12.0596350113816,0.));
#8920=CARTESIAN_POINT('',(2.1055842704594,-27.4192726905729,0.));
#8921=CARTESIAN_POINT('Origin',(-1.00000001490116,-23.0000003427267,45.));
#8922=CARTESIAN_POINT('',(-1.00000001490116,-23.0000003427267,45.));
#8923=CARTESIAN_POINT('',(-0.500000007450582,-23.0000003427267,45.));
#8924=CARTESIAN_POINT('',(-1.00000001490116,-23.0000003427267,0.));
#8925=CARTESIAN_POINT('',(-1.00000001490116,-23.0000003427267,45.));
#8926=CARTESIAN_POINT('',(-0.500000007450582,-23.0000003427267,0.));
#8927=CARTESIAN_POINT('Origin',(-2.10455191719534,-27.4193519550293,45.));
#8928=CARTESIAN_POINT('',(-2.10455191719534,-27.4193519550293,45.));
#8929=CARTESIAN_POINT('',(1.18238578808537,-14.2681967968157,45.));
#8930=CARTESIAN_POINT('',(-2.10455191719534,-27.4193519550293,0.));
#8931=CARTESIAN_POINT('',(-2.10455191538002,-27.4193519477662,0.));
#8932=CARTESIAN_POINT('',(1.18238578808537,-14.2681967968157,4.44089209850063E-15));
#8933=CARTESIAN_POINT('Origin',(-19.4185845764015,-12.3660255880526,45.));
#8934=CARTESIAN_POINT('',(-19.4185845764015,-12.3660255880526,45.));
#8935=CARTESIAN_POINT('',(-22.6929945680993,-15.5331258133132,45.));
#8936=CARTESIAN_POINT('',(-11.3124443039562,-4.52554173051806,45.));
#8937=CARTESIAN_POINT('',(-19.4185845764015,-12.3660255880526,0.));
#8938=CARTESIAN_POINT('',(-19.4185845764015,-12.3660255880526,45.));
#8939=CARTESIAN_POINT('',(-22.6929945680993,-15.5331258133132,0.));
#8940=CARTESIAN_POINT('',(-11.3124443039562,-4.52554173051806,0.));
#8941=CARTESIAN_POINT('',(-22.6929945680993,-15.5331258133132,0.));
#8942=CARTESIAN_POINT('Origin',(-20.4185845913027,-10.6339747546741,45.));
#8943=CARTESIAN_POINT('',(-20.4185845913027,-10.6339747546741,45.));
#8944=CARTESIAN_POINT('',(-20.1685845875774,-11.0669874630187,45.));
#8945=CARTESIAN_POINT('',(-20.4185845913027,-10.6339747546741,0.));
#8946=CARTESIAN_POINT('',(-20.4185845913027,-10.6339747546741,45.));
#8947=CARTESIAN_POINT('',(-20.1685845875774,-11.0669874630187,0.));
#8948=CARTESIAN_POINT('Origin',(-24.7981313069596,-11.8870805536403,45.));
#8949=CARTESIAN_POINT('',(-24.7981313069596,-11.8870805536403,45.));
#8950=CARTESIAN_POINT('',(-11.7654279981955,-8.15807452796349,45.));
#8951=CARTESIAN_POINT('',(-24.7981313069596,-11.8870805536403,0.));
#8952=CARTESIAN_POINT('',(-24.7981312997619,-11.8870805515808,0.));
#8953=CARTESIAN_POINT('',(-11.7654279981955,-8.15807452796349,0.));
#8954=CARTESIAN_POINT('Origin',(-20.4185845913027,10.6339747546741,45.));
#8955=CARTESIAN_POINT('',(-20.4185845913027,10.6339747546741,45.));
#8956=CARTESIAN_POINT('',(-24.7985788385587,11.8861468772597,45.));
#8957=CARTESIAN_POINT('',(-9.57545625649332,7.53409328086359,45.));
#8958=CARTESIAN_POINT('',(-20.4185845913027,10.6339747546741,0.));
#8959=CARTESIAN_POINT('',(-20.4185845913027,10.6339747546741,45.));
#8960=CARTESIAN_POINT('',(-24.7985788385587,11.8861468772597,0.));
#8961=CARTESIAN_POINT('',(-9.57545625649332,7.53409328086359,0.));
#8962=CARTESIAN_POINT('',(-24.7985788385587,11.8861468772597,0.));
#8963=CARTESIAN_POINT('Origin',(-19.4185845764015,12.3660255880526,45.));
#8964=CARTESIAN_POINT('',(-19.4185845764015,12.3660255880526,45.));
#8965=CARTESIAN_POINT('',(-19.6685845801268,11.933012879708,45.));
#8966=CARTESIAN_POINT('',(-19.4185845764015,12.3660255880526,0.));
#8967=CARTESIAN_POINT('',(-19.4185845764015,12.3660255880526,45.));
#8968=CARTESIAN_POINT('',(-19.6685845801268,11.933012879708,0.));
#8969=CARTESIAN_POINT('Origin',(-22.6935793897643,15.5322714013891,45.));
#8970=CARTESIAN_POINT('',(-22.6935793897643,15.5322714013891,45.));
#8971=CARTESIAN_POINT('',(-12.9478137862809,6.11012226885225,45.));
#8972=CARTESIAN_POINT('',(-22.6935793897643,15.5322714013891,0.));
#8973=CARTESIAN_POINT('',(-22.6935793843819,15.5322713961854,0.));
#8974=CARTESIAN_POINT('',(-12.9478137862809,6.11012226885225,0.));
#8975=CARTESIAN_POINT('Origin',(19.4185845764016,12.3660255880526,45.));
#8976=CARTESIAN_POINT('',(19.4185845764016,12.3660255880526,45.));
#8977=CARTESIAN_POINT('',(22.6929945680993,15.5331258133132,45.));
#8978=CARTESIAN_POINT('',(11.3124443039562,4.52554173051805,45.));
#8979=CARTESIAN_POINT('',(19.4185845764016,12.3660255880526,0.));
#8980=CARTESIAN_POINT('',(19.4185845764016,12.3660255880526,45.));
#8981=CARTESIAN_POINT('',(22.6929945680993,15.5331258133132,0.));
#8982=CARTESIAN_POINT('',(11.3124443039562,4.52554173051805,0.));
#8983=CARTESIAN_POINT('',(22.6929945680993,15.5331258133132,0.));
#8984=CARTESIAN_POINT('Origin',(20.4185845913027,10.6339747546741,45.));
#8985=CARTESIAN_POINT('',(20.4185845913027,10.6339747546741,45.));
#8986=CARTESIAN_POINT('',(20.1685845875774,11.0669874630187,45.));
#8987=CARTESIAN_POINT('',(20.4185845913027,10.6339747546741,0.));
#8988=CARTESIAN_POINT('',(20.4185845913027,10.6339747546741,45.));
#8989=CARTESIAN_POINT('',(20.1685845875774,11.0669874630187,0.));
#8990=CARTESIAN_POINT('Origin',(24.7981313069596,11.8870805536403,45.));
#8991=CARTESIAN_POINT('',(24.7981313069596,11.8870805536403,45.));
#8992=CARTESIAN_POINT('',(11.7654279981955,8.15807452796349,45.));
#8993=CARTESIAN_POINT('',(24.7981313069596,11.8870805536403,0.));
#8994=CARTESIAN_POINT('',(24.7981312997619,11.8870805515808,0.));
#8995=CARTESIAN_POINT('',(11.7654279981955,8.15807452796349,0.));
#8996=CARTESIAN_POINT('Origin',(-1.00000001490116,23.0000003427267,45.));
#8997=CARTESIAN_POINT('',(-1.00000001490116,23.0000003427267,45.));
#8998=CARTESIAN_POINT('',(-2.1055842704594,27.4192726905729,45.));
#8999=CARTESIAN_POINT('',(1.73698804746285,12.0596350113816,45.));
#9000=CARTESIAN_POINT('',(-1.00000001490116,23.0000003427267,0.));
#9001=CARTESIAN_POINT('',(-1.00000001490116,23.0000003427267,45.));
#9002=CARTESIAN_POINT('',(-2.1055842704594,27.4192726905729,0.));
#9003=CARTESIAN_POINT('',(1.73698804746285,12.0596350113816,0.));
#9004=CARTESIAN_POINT('',(-2.1055842704594,27.4192726905729,0.));
#9005=CARTESIAN_POINT('Origin',(1.00000001490116,23.0000003427267,45.));
#9006=CARTESIAN_POINT('',(1.00000001490116,23.0000003427267,45.));
#9007=CARTESIAN_POINT('',(0.500000007450581,23.0000003427267,45.));
#9008=CARTESIAN_POINT('',(1.00000001490116,23.0000003427267,0.));
#9009=CARTESIAN_POINT('',(1.00000001490116,23.0000003427267,45.));
#9010=CARTESIAN_POINT('',(0.500000007450581,23.0000003427267,0.));
#9011=CARTESIAN_POINT('Origin',(2.10455191719533,27.4193519550293,45.));
#9012=CARTESIAN_POINT('',(2.10455191719533,27.4193519550293,45.));
#9013=CARTESIAN_POINT('',(-1.18238578808537,14.2681967968157,45.));
#9014=CARTESIAN_POINT('',(2.10455191719533,27.4193519550293,0.));
#9015=CARTESIAN_POINT('',(2.10455191538002,27.4193519477662,0.));
#9016=CARTESIAN_POINT('',(-1.18238578808537,14.2681967968157,4.44089209850063E-15));
#9017=CARTESIAN_POINT('Origin',(15.5563494179117,16.9705630013582,45.));
#9018=CARTESIAN_POINT('',(15.5563494179117,16.9705630013582,45.));
#9019=CARTESIAN_POINT('',(17.8994807387056,20.8772265707087,45.));
#9020=CARTESIAN_POINT('',(9.75568572238364,7.2992136679817,45.));
#9021=CARTESIAN_POINT('',(15.5563494179117,16.9705630013582,0.));
#9022=CARTESIAN_POINT('',(15.5563494179117,16.9705630013582,45.));
#9023=CARTESIAN_POINT('',(17.8994807387056,20.8772265707087,0.));
#9024=CARTESIAN_POINT('',(9.75568572238364,7.2992136679817,-4.44089209850063E-15));
#9025=CARTESIAN_POINT('',(17.8994807387056,20.8772265707087,0.));
#9026=CARTESIAN_POINT('Origin',(16.9705630013582,15.5563494179117,45.));
#9027=CARTESIAN_POINT('',(16.9705630013582,15.5563494179117,45.));
#9028=CARTESIAN_POINT('',(16.6170096054966,15.9099028137733,45.));
#9029=CARTESIAN_POINT('',(16.9705630013582,15.5563494179117,0.));
#9030=CARTESIAN_POINT('',(16.9705630013582,15.5563494179117,45.));
#9031=CARTESIAN_POINT('',(16.6170096054966,15.9099028137733,0.));
#9032=CARTESIAN_POINT('Origin',(20.8765526351498,17.9002667711339,45.));
#9033=CARTESIAN_POINT('',(20.8765526351498,17.9002667711339,45.));
#9034=CARTESIAN_POINT('',(9.25306570159882,10.9252117190664,45.));
#9035=CARTESIAN_POINT('',(20.8765526351498,17.9002667711339,0.));
#9036=CARTESIAN_POINT('',(20.8765526287304,17.9002667672817,0.));
#9037=CARTESIAN_POINT('',(9.25306570159882,10.9252117190664,0.));
#9038=CARTESIAN_POINT('Origin',(-16.9705630013582,15.5563494179117,45.));
#9039=CARTESIAN_POINT('',(-16.9705630013582,15.5563494179117,45.));
#9040=CARTESIAN_POINT('',(-20.8772265707087,17.8994807387056,45.));
#9041=CARTESIAN_POINT('',(-7.29921366798171,9.75568572238363,45.));
#9042=CARTESIAN_POINT('',(-16.9705630013582,15.5563494179117,0.));
#9043=CARTESIAN_POINT('',(-16.9705630013582,15.5563494179117,45.));
#9044=CARTESIAN_POINT('',(-20.8772265707087,17.8994807387056,0.));
#9045=CARTESIAN_POINT('',(-7.29921366798171,9.75568572238363,-4.44089209850063E-15));
#9046=CARTESIAN_POINT('',(-20.8772265707087,17.8994807387056,0.));
#9047=CARTESIAN_POINT('Origin',(-15.5563494179117,16.9705630013582,45.));
#9048=CARTESIAN_POINT('',(-15.5563494179117,16.9705630013582,45.));
#9049=CARTESIAN_POINT('',(-15.9099028137733,16.6170096054966,45.));
#9050=CARTESIAN_POINT('',(-15.5563494179117,16.9705630013582,0.));
#9051=CARTESIAN_POINT('',(-15.5563494179117,16.9705630013582,45.));
#9052=CARTESIAN_POINT('',(-15.9099028137733,16.6170096054966,0.));
#9053=CARTESIAN_POINT('Origin',(-17.9002667711339,20.8765526351498,45.));
#9054=CARTESIAN_POINT('',(-17.9002667711339,20.8765526351498,45.));
#9055=CARTESIAN_POINT('',(-10.9252117190664,9.25306570159882,45.));
#9056=CARTESIAN_POINT('',(-17.9002667711339,20.8765526351498,0.));
#9057=CARTESIAN_POINT('',(-17.9002667672817,20.8765526287304,0.));
#9058=CARTESIAN_POINT('',(-10.9252117190664,9.25306570159882,0.));
#9059=CARTESIAN_POINT('Origin',(-21.9574752867379,-6.91876396674466,45.));
#9060=CARTESIAN_POINT('',(-21.9574752867379,-6.91876396674466,45.));
#9061=CARTESIAN_POINT('',(-25.9400183196237,-9.13046820144445,45.));
#9062=CARTESIAN_POINT('',(-12.0982785009122,-1.44346160293094,45.));
#9063=CARTESIAN_POINT('',(-21.9574752867379,-6.91876396674466,0.));
#9064=CARTESIAN_POINT('',(-21.9574752867379,-6.91876396674466,45.));
#9065=CARTESIAN_POINT('',(-25.9400183196237,-9.13046820144445,0.));
#9066=CARTESIAN_POINT('',(-12.0982785009122,-1.44346160293094,4.44089209850063E-15));
#9067=CARTESIAN_POINT('',(-25.9400183196237,-9.13046820144445,0.));
#9068=CARTESIAN_POINT('Origin',(-22.4751133846564,-4.98691228537969,45.));
#9069=CARTESIAN_POINT('',(-22.4751133846564,-4.98691228537969,45.));
#9070=CARTESIAN_POINT('',(-22.3457038601768,-5.46987520572095,45.));
#9071=CARTESIAN_POINT('',(-22.4751133846564,-4.98691228537969,0.));
#9072=CARTESIAN_POINT('',(-22.4751133846564,-4.98691228537969,45.));
#9073=CARTESIAN_POINT('',(-22.3457038601768,-5.46987520572095,0.));
#9074=CARTESIAN_POINT('Origin',(-27.0297583110497,-5.06380944074549,45.));
#9075=CARTESIAN_POINT('',(-27.0297583110497,-5.06380944074549,45.));
#9076=CARTESIAN_POINT('',(-13.4759958200042,-4.83497803963551,45.));
#9077=CARTESIAN_POINT('',(-27.0297583110497,-5.06380944074549,0.));
#9078=CARTESIAN_POINT('',(-27.0297583035642,-5.06380944061911,0.));
#9079=CARTESIAN_POINT('',(-13.4759958200042,-4.83497803963551,0.));
#9080=CARTESIAN_POINT('Origin',(-4.9869122853797,-22.4751133846564,45.));
#9081=CARTESIAN_POINT('',(-4.9869122853797,-22.4751133846564,45.));
#9082=CARTESIAN_POINT('',(-5.06279174891494,-27.0299489401501,45.));
#9083=CARTESIAN_POINT('',(-4.79906483293052,-11.1991473253146,45.));
#9084=CARTESIAN_POINT('',(-4.9869122853797,-22.4751133846564,0.));
#9085=CARTESIAN_POINT('',(-4.9869122853797,-22.4751133846564,45.));
#9086=CARTESIAN_POINT('',(-5.06279174891494,-27.0299489401501,0.));
#9087=CARTESIAN_POINT('',(-4.79906483293052,-11.1991473253146,0.));
#9088=CARTESIAN_POINT('',(-5.06279174891494,-27.0299489401501,0.));
#9089=CARTESIAN_POINT('Origin',(-6.91876396674467,-21.9574752867379,45.));
#9090=CARTESIAN_POINT('',(-6.91876396674467,-21.9574752867379,45.));
#9091=CARTESIAN_POINT('',(-6.43580104640344,-22.0868848112175,45.));
#9092=CARTESIAN_POINT('',(-6.91876396674467,-21.9574752867379,0.));
#9093=CARTESIAN_POINT('',(-6.91876396674467,-21.9574752867379,45.));
#9094=CARTESIAN_POINT('',(-6.43580104640344,-22.0868848112175,0.));
#9095=CARTESIAN_POINT('Origin',(-9.12949153991578,-25.9403620758953,45.));
#9096=CARTESIAN_POINT('',(-9.12949153991578,-25.9403620758953,45.));
#9097=CARTESIAN_POINT('',(-2.55078410093788,-14.0880437412343,45.));
#9098=CARTESIAN_POINT('',(-9.12949153991578,-25.9403620758953,0.));
#9099=CARTESIAN_POINT('',(-9.12949153628249,-25.9403620693495,0.));
#9100=CARTESIAN_POINT('',(-2.55078410093788,-14.0880437412343,0.));
#9101=CARTESIAN_POINT('Origin',(20.4185845913027,-10.6339747546741,45.));
#9102=CARTESIAN_POINT('',(20.4185845913027,-10.6339747546741,45.));
#9103=CARTESIAN_POINT('',(24.7985788385587,-11.8861468772597,45.));
#9104=CARTESIAN_POINT('',(9.57545625649331,-7.53409328086359,45.));
#9105=CARTESIAN_POINT('',(20.4185845913027,-10.6339747546741,0.));
#9106=CARTESIAN_POINT('',(20.4185845913027,-10.6339747546741,45.));
#9107=CARTESIAN_POINT('',(24.7985788385587,-11.8861468772597,0.));
#9108=CARTESIAN_POINT('',(9.57545625649331,-7.53409328086359,-4.44089209850063E-15));
#9109=CARTESIAN_POINT('',(24.7985788385587,-11.8861468772597,0.));
#9110=CARTESIAN_POINT('Origin',(19.4185845764015,-12.3660255880526,45.));
#9111=CARTESIAN_POINT('',(19.4185845764015,-12.3660255880526,45.));
#9112=CARTESIAN_POINT('',(19.6685845801268,-11.933012879708,45.));
#9113=CARTESIAN_POINT('',(19.4185845764015,-12.3660255880526,0.));
#9114=CARTESIAN_POINT('',(19.4185845764015,-12.3660255880526,45.));
#9115=CARTESIAN_POINT('',(19.6685845801268,-11.933012879708,0.));
#9116=CARTESIAN_POINT('Origin',(22.6935793897643,-15.5322714013891,45.));
#9117=CARTESIAN_POINT('',(22.6935793897643,-15.5322714013891,45.));
#9118=CARTESIAN_POINT('',(12.9478137862809,-6.11012226885226,45.));
#9119=CARTESIAN_POINT('',(22.6935793897643,-15.5322714013891,0.));
#9120=CARTESIAN_POINT('',(22.6935793843818,-15.5322713961854,0.));
#9121=CARTESIAN_POINT('',(12.9478137862809,-6.11012226885226,0.));
#9122=CARTESIAN_POINT('Origin',(21.9574752867379,6.91876396674465,45.));
#9123=CARTESIAN_POINT('',(21.9574752867379,6.91876396674465,45.));
#9124=CARTESIAN_POINT('',(25.9400183196237,9.13046820144444,45.));
#9125=CARTESIAN_POINT('',(12.0982785009122,1.44346160293092,45.));
#9126=CARTESIAN_POINT('',(21.9574752867379,6.91876396674465,0.));
#9127=CARTESIAN_POINT('',(21.9574752867379,6.91876396674465,45.));
#9128=CARTESIAN_POINT('',(25.9400183196237,9.13046820144444,0.));
#9129=CARTESIAN_POINT('',(12.0982785009122,1.44346160293092,4.44089209850063E-15));
#9130=CARTESIAN_POINT('',(25.9400183196237,9.13046820144444,0.));
#9131=CARTESIAN_POINT('Origin',(22.4751133846564,4.98691228537968,45.));
#9132=CARTESIAN_POINT('',(22.4751133846564,4.98691228537968,45.));
#9133=CARTESIAN_POINT('',(22.3457038601768,5.4698752057209,45.));
#9134=CARTESIAN_POINT('',(22.4751133846564,4.98691228537968,0.));
#9135=CARTESIAN_POINT('',(22.4751133846564,4.98691228537968,45.));
#9136=CARTESIAN_POINT('',(22.3457038601768,5.4698752057209,0.));
#9137=CARTESIAN_POINT('Origin',(27.0297583110497,5.06380944074547,45.));
#9138=CARTESIAN_POINT('',(27.0297583110497,5.06380944074547,45.));
#9139=CARTESIAN_POINT('',(13.4759958200042,4.83497803963551,45.));
#9140=CARTESIAN_POINT('',(27.0297583110497,5.06380944074547,0.));
#9141=CARTESIAN_POINT('',(27.0297583035642,5.06380944061909,0.));
#9142=CARTESIAN_POINT('',(13.4759958200042,4.83497803963551,0.));
#9143=CARTESIAN_POINT('Origin',(0.,0.,0.));
#9144=CARTESIAN_POINT('Origin',(0.,0.,0.));
#9145=CARTESIAN_POINT('Origin',(0.,0.,0.));
#9146=CARTESIAN_POINT('Origin',(0.,0.,0.));
#9147=CARTESIAN_POINT('Origin',(0.,0.,0.));
#9148=CARTESIAN_POINT('Origin',(0.,0.,0.));
#9149=CARTESIAN_POINT('Origin',(0.,0.,0.));
#9150=CARTESIAN_POINT('Origin',(0.,0.,0.));
#9151=CARTESIAN_POINT('Origin',(0.,0.,0.));
#9152=CARTESIAN_POINT('Origin',(0.,0.,0.));
#9153=CARTESIAN_POINT('Origin',(0.,0.,0.));
#9154=CARTESIAN_POINT('Origin',(0.,0.,0.));
#9155=CARTESIAN_POINT('Origin',(0.,0.,0.));
#9156=CARTESIAN_POINT('Origin',(0.,0.,0.));
#9157=CARTESIAN_POINT('Origin',(0.,0.,0.));
#9158=CARTESIAN_POINT('Origin',(0.,0.,0.));
#9159=CARTESIAN_POINT('Origin',(0.,0.,0.));
#9160=CARTESIAN_POINT('Origin',(0.,0.,0.));
#9161=CARTESIAN_POINT('Origin',(0.,0.,0.));
#9162=CARTESIAN_POINT('Origin',(0.,0.,0.));
#9163=CARTESIAN_POINT('Origin',(0.,0.,0.));
#9164=CARTESIAN_POINT('Origin',(0.,0.,0.));
#9165=CARTESIAN_POINT('Origin',(0.,0.,0.));
#9166=CARTESIAN_POINT('Origin',(0.,0.,0.));
#9167=CARTESIAN_POINT('Origin',(0.,0.,0.));
#9168=CARTESIAN_POINT('Origin',(0.,0.,0.));
#9169=CARTESIAN_POINT('Origin',(0.,0.,45.));
#9170=CARTESIAN_POINT('Origin',(0.,0.,0.));
#9171=CARTESIAN_POINT('Origin',(0.,0.,45.));
#9172=CARTESIAN_POINT('Origin',(0.,0.,0.));
#9173=CARTESIAN_POINT('Origin',(0.,0.,45.));
#9174=CARTESIAN_POINT('Origin',(0.,0.,0.));
#9175=CARTESIAN_POINT('Origin',(0.,0.,45.));
#9176=CARTESIAN_POINT('Origin',(0.,0.,0.));
#9177=CARTESIAN_POINT('Origin',(0.,0.,45.));
#9178=CARTESIAN_POINT('Origin',(0.,0.,0.));
#9179=CARTESIAN_POINT('Origin',(0.,0.,45.));
#9180=CARTESIAN_POINT('Origin',(0.,0.,0.));
#9181=CARTESIAN_POINT('Origin',(0.,0.,45.));
#9182=CARTESIAN_POINT('Origin',(0.,0.,0.));
#9183=CARTESIAN_POINT('Origin',(0.,0.,45.));
#9184=CARTESIAN_POINT('Origin',(0.,0.,0.));
#9185=CARTESIAN_POINT('Origin',(0.,0.,45.));
#9186=CARTESIAN_POINT('Origin',(0.,0.,0.));
#9187=CARTESIAN_POINT('Origin',(0.,0.,45.));
#9188=CARTESIAN_POINT('Origin',(0.,0.,0.));
#9189=CARTESIAN_POINT('Origin',(0.,0.,45.));
#9190=CARTESIAN_POINT('Origin',(0.,0.,0.));
#9191=CARTESIAN_POINT('Origin',(0.,0.,45.));
#9192=CARTESIAN_POINT('Origin',(0.,0.,0.));
#9193=CARTESIAN_POINT('Origin',(0.,0.,45.));
#9194=CARTESIAN_POINT('Origin',(0.,0.,0.));
#9195=CARTESIAN_POINT('Origin',(0.,0.,45.));
#9196=CARTESIAN_POINT('Origin',(0.,0.,0.));
#9197=CARTESIAN_POINT('Origin',(0.,0.,45.));
#9198=CARTESIAN_POINT('Origin',(0.,0.,0.));
#9199=CARTESIAN_POINT('Origin',(0.,0.,45.));
#9200=CARTESIAN_POINT('Origin',(0.,0.,0.));
#9201=CARTESIAN_POINT('Origin',(0.,0.,45.));
#9202=CARTESIAN_POINT('Origin',(0.,0.,0.));
#9203=CARTESIAN_POINT('Origin',(0.,0.,45.));
#9204=CARTESIAN_POINT('Origin',(0.,0.,0.));
#9205=CARTESIAN_POINT('Origin',(0.,0.,45.));
#9206=CARTESIAN_POINT('Origin',(0.,0.,0.));
#9207=CARTESIAN_POINT('Origin',(0.,0.,45.));
#9208=CARTESIAN_POINT('Origin',(0.,0.,0.));
#9209=CARTESIAN_POINT('Origin',(0.,0.,45.));
#9210=CARTESIAN_POINT('Origin',(0.,0.,0.));
#9211=CARTESIAN_POINT('Origin',(0.,0.,45.));
#9212=CARTESIAN_POINT('Origin',(0.,0.,0.));
#9213=CARTESIAN_POINT('Origin',(0.,0.,45.));
#9214=CARTESIAN_POINT('Origin',(0.,0.,0.));
#9215=CARTESIAN_POINT('Origin',(0.,0.,45.));
#9216=CARTESIAN_POINT('Origin',(0.,0.,45.));
#9217=CARTESIAN_POINT('',(0.,0.,0.));
#9218=CARTESIAN_POINT('Origin',(0.,0.,45.));
#9219=CARTESIAN_POINT('',(-20.,-2.44929359829471E-15,45.));
#9220=CARTESIAN_POINT('Origin',(0.,0.,45.));
#9221=CARTESIAN_POINT('',(-20.,-2.44929359829471E-15,0.));
#9222=CARTESIAN_POINT('',(-20.,2.44929359829471E-15,45.));
#9223=CARTESIAN_POINT('Origin',(0.,0.,0.));
#9224=CARTESIAN_POINT('Origin',(0.,0.,0.));
#9225=CARTESIAN_POINT('',(-25.,-3.06161699786838E-15,45.));
#9226=CARTESIAN_POINT('Origin',(0.,0.,45.));
#9227=CARTESIAN_POINT('',(-25.,-3.06161699786838E-15,0.));
#9228=CARTESIAN_POINT('',(-25.,-3.06161699786838E-15,0.));
#9229=CARTESIAN_POINT('Origin',(0.,0.,0.));
#9230=CARTESIAN_POINT('Origin',(0.,0.,45.));
#9231=CARTESIAN_POINT('Origin',(0.,0.,0.));
#9232=CARTESIAN_POINT('Origin',(0.,0.,0.));
#9233=CARTESIAN_POINT('',(2.5,-3.06161699786838E-16,-5.));
#9234=CARTESIAN_POINT('Origin',(0.,0.,-5.));
#9235=CARTESIAN_POINT('',(2.5,-3.06161699786838E-16,0.));
#9236=CARTESIAN_POINT('',(2.5,-3.06161699786838E-16,0.));
#9237=CARTESIAN_POINT('Origin',(0.,0.,0.));
#9238=CARTESIAN_POINT('Origin',(0.,0.,-5.));
#9239=CARTESIAN_POINT('Origin',(0.,0.,0.));
#9240=CARTESIAN_POINT('Origin',(0.,0.,0.));
#9241=CARTESIAN_POINT('',(-20.,-2.44929359829471E-15,0.));
#9242=CARTESIAN_POINT('Origin',(0.,0.,0.));
#9243=CARTESIAN_POINT('',(2.5,-3.06161699786838E-16,0.));
#9244=CARTESIAN_POINT('Origin',(0.,0.,0.));
#9245=CARTESIAN_POINT('Origin',(0.,0.,45.));
#9246=CARTESIAN_POINT('',(-20.,-2.44929359829471E-15,45.));
#9247=CARTESIAN_POINT('Origin',(0.,0.,45.));
#9248=CARTESIAN_POINT('Origin',(0.,0.,0.));
#9249=CARTESIAN_POINT('',(-20.,-2.44929359829471E-15,0.));
#9250=CARTESIAN_POINT('Origin',(0.,0.,10.));
#9251=CARTESIAN_POINT('',(2.5,-3.06161699786838E-16,10.));
#9252=CARTESIAN_POINT('Origin',(0.,0.,10.));
#9253=CARTESIAN_POINT('Origin',(0.,0.,0.));
#9254=CARTESIAN_POINT('',(2.5,3.06161699786838E-16,0.));
#9255=CARTESIAN_POINT('',(0.,0.,0.));
#9256=CARTESIAN_POINT('Origin',(50.,0.,-175.));
#9257=CARTESIAN_POINT('',(50.,0.,-55.));
#9258=CARTESIAN_POINT('',(50.,0.,-175.));
#9259=CARTESIAN_POINT('',(50.,0.,-55.));
#9260=CARTESIAN_POINT('',(50.,55.,-55.));
#9261=CARTESIAN_POINT('',(50.,0.,-55.));
#9262=CARTESIAN_POINT('',(50.,55.,-175.));
#9263=CARTESIAN_POINT('',(50.,55.,-55.));
#9264=CARTESIAN_POINT('',(50.,0.,-175.));
#9265=CARTESIAN_POINT('Origin',(150.,0.,-175.));
#9266=CARTESIAN_POINT('',(150.,0.,-175.));
#9267=CARTESIAN_POINT('',(50.,0.,-175.));
#9268=CARTESIAN_POINT('',(150.,55.,-175.));
#9269=CARTESIAN_POINT('',(50.,55.,-175.));
#9270=CARTESIAN_POINT('',(150.,0.,-175.));
#9271=CARTESIAN_POINT('Origin',(150.,0.,-55.));
#9272=CARTESIAN_POINT('',(150.,0.,-55.));
#9273=CARTESIAN_POINT('',(150.,0.,-175.));
#9274=CARTESIAN_POINT('',(150.,55.,-55.));
#9275=CARTESIAN_POINT('',(150.,55.,-175.));
#9276=CARTESIAN_POINT('',(150.,0.,-55.));
#9277=CARTESIAN_POINT('Origin',(50.,0.,-55.));
#9278=CARTESIAN_POINT('',(150.,0.,-55.));
#9279=CARTESIAN_POINT('',(150.,55.,-55.));
#9280=CARTESIAN_POINT('Origin',(100.,55.,-115.));
#9281=CARTESIAN_POINT('Origin',(100.,0.,-115.));
#9282=CARTESIAN_POINT('',(0.,0.,0.));
#9283=CARTESIAN_POINT('Origin',(90.,0.,-65.));
#9284=CARTESIAN_POINT('',(90.,0.,-65.));
#9285=CARTESIAN_POINT('',(0.,0.,-65.));
#9286=CARTESIAN_POINT('',(90.,0.,-65.));
#9287=CARTESIAN_POINT('',(0.,45.,-65.));
#9288=CARTESIAN_POINT('',(0.,0.,-65.));
#9289=CARTESIAN_POINT('',(90.,45.,-65.));
#9290=CARTESIAN_POINT('',(90.,45.,-65.));
#9291=CARTESIAN_POINT('',(90.,0.,-65.));
#9292=CARTESIAN_POINT('Origin',(90.,0.,0.));
#9293=CARTESIAN_POINT('',(90.,0.,0.));
#9294=CARTESIAN_POINT('',(90.,0.,0.));
#9295=CARTESIAN_POINT('',(90.,45.,0.));
#9296=CARTESIAN_POINT('',(90.,45.,0.));
#9297=CARTESIAN_POINT('',(90.,0.,0.));
#9298=CARTESIAN_POINT('Origin',(0.,0.,0.));
#9299=CARTESIAN_POINT('',(0.,0.,0.));
#9300=CARTESIAN_POINT('',(0.,0.,0.));
#9301=CARTESIAN_POINT('',(0.,45.,0.));
#9302=CARTESIAN_POINT('',(0.,45.,0.));
#9303=CARTESIAN_POINT('',(0.,0.,0.));
#9304=CARTESIAN_POINT('Origin',(0.,0.,-65.));
#9305=CARTESIAN_POINT('',(0.,0.,-65.));
#9306=CARTESIAN_POINT('',(0.,45.,-65.));
#9307=CARTESIAN_POINT('Origin',(45.,45.,-32.5));
#9308=CARTESIAN_POINT('Origin',(45.,0.,-32.5));
#9309=CARTESIAN_POINT('',(0.,0.,0.));
#9310=CARTESIAN_POINT('Origin',(0.,0.,0.));
#9311=CARTESIAN_POINT('',(-45.,40.,5.51091059616309E-15));
#9312=CARTESIAN_POINT('Origin',(0.,40.,0.));
#9313=CARTESIAN_POINT('',(-45.,0.,5.51091059616309E-15));
#9314=CARTESIAN_POINT('',(-45.,0.,5.51091059616309E-15));
#9315=CARTESIAN_POINT('Origin',(0.,0.,0.));
#9316=CARTESIAN_POINT('Origin',(0.,40.,0.));
#9317=CARTESIAN_POINT('Origin',(0.,0.,0.));
#9318=CARTESIAN_POINT('',(0.,0.,0.));
#9319=CARTESIAN_POINT('Origin',(50.,0.,-60.));
#9320=CARTESIAN_POINT('',(50.,0.,-60.));
#9321=CARTESIAN_POINT('',(-2.46519032881566E-31,0.,-60.));
#9322=CARTESIAN_POINT('',(50.,0.,-60.));
#9323=CARTESIAN_POINT('',(-2.46519032881566E-31,35.,-60.));
#9324=CARTESIAN_POINT('',(-2.46519032881566E-31,0.,-60.));
#9325=CARTESIAN_POINT('',(50.,35.,-60.));
#9326=CARTESIAN_POINT('',(50.,35.,-60.));
#9327=CARTESIAN_POINT('',(50.,0.,-60.));
#9328=CARTESIAN_POINT('Origin',(50.,0.,1.23259516440783E-31));
#9329=CARTESIAN_POINT('',(50.,0.,1.23259516440783E-31));
#9330=CARTESIAN_POINT('',(50.,0.,1.23259516440783E-31));
#9331=CARTESIAN_POINT('',(50.,35.,0.));
#9332=CARTESIAN_POINT('',(50.,35.,1.23259516440783E-31));
#9333=CARTESIAN_POINT('',(50.,0.,1.23259516440783E-31));
#9334=CARTESIAN_POINT('Origin',(0.,0.,0.));
#9335=CARTESIAN_POINT('',(0.,0.,0.));
#9336=CARTESIAN_POINT('',(0.,0.,0.));
#9337=CARTESIAN_POINT('',(0.,35.,0.));
#9338=CARTESIAN_POINT('',(0.,35.,0.));
#9339=CARTESIAN_POINT('',(0.,0.,0.));
#9340=CARTESIAN_POINT('Origin',(-2.46519032881566E-31,0.,-60.));
#9341=CARTESIAN_POINT('',(-2.46519032881566E-31,0.,-60.));
#9342=CARTESIAN_POINT('',(-2.46519032881566E-31,35.,-60.));
#9343=CARTESIAN_POINT('Origin',(25.,35.,-30.));
#9344=CARTESIAN_POINT('Origin',(25.,0.,-30.));
#9345=CARTESIAN_POINT('',(0.,0.,0.));
#9346=CARTESIAN_POINT('Origin',(0.,62.,0.));
#9347=CARTESIAN_POINT('',(1.5,64.5,-1.83697019872103E-16));
#9348=CARTESIAN_POINT('Origin',(0.,64.5,0.));
#9349=CARTESIAN_POINT('',(1.5,62.,-1.83697019872103E-16));
#9350=CARTESIAN_POINT('',(1.5,62.,-1.83697019872103E-16));
#9351=CARTESIAN_POINT('Origin',(0.,62.,0.));
#9352=CARTESIAN_POINT('Origin',(0.,64.5,0.));
#9353=CARTESIAN_POINT('Origin',(0.,0.,0.));
#9354=CARTESIAN_POINT('',(-5.,62.,6.12323399573677E-16));
#9355=CARTESIAN_POINT('Origin',(0.,62.,0.));
#9356=CARTESIAN_POINT('',(-5.,0.,6.12323399573677E-16));
#9357=CARTESIAN_POINT('',(-5.,0.,6.12323399573677E-16));
#9358=CARTESIAN_POINT('Origin',(0.,0.,0.));
#9359=CARTESIAN_POINT('Origin',(0.,62.,0.));
#9360=CARTESIAN_POINT('Origin',(0.,0.,0.));
#9361=CARTESIAN_POINT('Origin',(0.,0.,0.));
#9362=CARTESIAN_POINT('',(-1.5,2.5,1.83697019872103E-16));
#9363=CARTESIAN_POINT('Origin',(0.,2.5,0.));
#9364=CARTESIAN_POINT('',(-1.5,-2.5,1.83697019872103E-16));
#9365=CARTESIAN_POINT('',(-1.5,0.,1.83697019872103E-16));
#9366=CARTESIAN_POINT('Origin',(0.,-2.5,0.));
#9367=CARTESIAN_POINT('Origin',(0.,2.5,0.));
#9368=CARTESIAN_POINT('Origin',(0.,-2.5,0.));
#9369=CARTESIAN_POINT('',(0.,0.,0.));
#9370=CARTESIAN_POINT('Origin',(30.,1.25,30.));
#9371=CARTESIAN_POINT('',(30.,2.5,28.66445));
#9372=CARTESIAN_POINT('Origin',(30.,2.5,30.));
#9373=CARTESIAN_POINT('',(30.,0.,28.66445));
#9374=CARTESIAN_POINT('',(30.,1.25,28.66445));
#9375=CARTESIAN_POINT('Origin',(30.,0.,30.));
#9376=CARTESIAN_POINT('Origin',(300.,1.25,30.));
#9377=CARTESIAN_POINT('',(300.,2.5,28.66445));
#9378=CARTESIAN_POINT('Origin',(300.,2.5,30.));
#9379=CARTESIAN_POINT('',(300.,0.,28.66445));
#9380=CARTESIAN_POINT('',(300.,1.25,28.66445));
#9381=CARTESIAN_POINT('Origin',(300.,0.,30.));
#9382=CARTESIAN_POINT('Origin',(300.,1.25,190.));
#9383=CARTESIAN_POINT('',(300.,2.5,188.66445));
#9384=CARTESIAN_POINT('Origin',(300.,2.5,190.));
#9385=CARTESIAN_POINT('',(300.,0.,188.66445));
#9386=CARTESIAN_POINT('',(300.,1.25,188.66445));
#9387=CARTESIAN_POINT('Origin',(300.,0.,190.));
#9388=CARTESIAN_POINT('Origin',(30.,1.25,190.));
#9389=CARTESIAN_POINT('',(30.,2.5,188.66445));
#9390=CARTESIAN_POINT('Origin',(30.,2.5,190.));
#9391=CARTESIAN_POINT('',(30.,0.,188.66445));
#9392=CARTESIAN_POINT('',(30.,1.25,188.66445));
#9393=CARTESIAN_POINT('Origin',(30.,0.,190.));
#9394=CARTESIAN_POINT('Origin',(5.,0.,215.));
#9395=CARTESIAN_POINT('',(5.,2.5,220.));
#9396=CARTESIAN_POINT('',(0.,2.5,215.));
#9397=CARTESIAN_POINT('Origin',(5.,2.5,215.));
#9398=CARTESIAN_POINT('',(0.,0.,215.));
#9399=CARTESIAN_POINT('',(0.,0.,215.));
#9400=CARTESIAN_POINT('',(5.,0.,220.));
#9401=CARTESIAN_POINT('Origin',(5.,0.,215.));
#9402=CARTESIAN_POINT('',(5.,0.,220.));
#9403=CARTESIAN_POINT('Origin',(0.,0.,220.));
#9404=CARTESIAN_POINT('',(325.,0.,220.));
#9405=CARTESIAN_POINT('',(330.,0.,220.));
#9406=CARTESIAN_POINT('',(325.,2.5,220.));
#9407=CARTESIAN_POINT('',(325.,0.,220.));
#9408=CARTESIAN_POINT('',(330.,2.5,220.));
#9409=CARTESIAN_POINT('Origin',(165.,0.,110.));
#9410=CARTESIAN_POINT('',(0.,0.,5.));
#9411=CARTESIAN_POINT('',(0.,0.,220.));
#9412=CARTESIAN_POINT('',(5.,0.,0.));
#9413=CARTESIAN_POINT('Origin',(5.,0.,5.));
#9414=CARTESIAN_POINT('',(325.,0.,0.));
#9415=CARTESIAN_POINT('',(0.,0.,0.));
#9416=CARTESIAN_POINT('',(330.,0.,5.));
#9417=CARTESIAN_POINT('Origin',(325.,0.,5.));
#9418=CARTESIAN_POINT('',(330.,0.,215.));
#9419=CARTESIAN_POINT('',(330.,0.,0.));
#9420=CARTESIAN_POINT('Origin',(325.,0.,215.));
#9421=CARTESIAN_POINT('Origin',(5.,0.,5.));
#9422=CARTESIAN_POINT('',(0.,2.5,5.));
#9423=CARTESIAN_POINT('',(5.,2.5,0.));
#9424=CARTESIAN_POINT('Origin',(5.,2.5,5.));
#9425=CARTESIAN_POINT('',(5.,0.,0.));
#9426=CARTESIAN_POINT('',(0.,0.,5.));
#9427=CARTESIAN_POINT('Origin',(330.,0.,0.));
#9428=CARTESIAN_POINT('',(325.,2.5,0.));
#9429=CARTESIAN_POINT('',(0.,2.5,0.));
#9430=CARTESIAN_POINT('',(325.,0.,0.));
#9431=CARTESIAN_POINT('Origin',(325.,0.,5.));
#9432=CARTESIAN_POINT('',(330.,2.5,5.));
#9433=CARTESIAN_POINT('Origin',(325.,2.5,5.));
#9434=CARTESIAN_POINT('',(330.,0.,5.));
#9435=CARTESIAN_POINT('Origin',(325.,0.,215.));
#9436=CARTESIAN_POINT('',(330.,2.5,215.));
#9437=CARTESIAN_POINT('Origin',(325.,2.5,215.));
#9438=CARTESIAN_POINT('',(330.,0.,215.));
#9439=CARTESIAN_POINT('Origin',(0.,0.,0.));
#9440=CARTESIAN_POINT('',(0.,2.5,220.));
#9441=CARTESIAN_POINT('Origin',(330.,0.,220.));
#9442=CARTESIAN_POINT('',(330.,2.5,0.));
#9443=CARTESIAN_POINT('Origin',(165.,2.5,110.));
#9444=CARTESIAN_POINT('',(0.,0.,0.));
#9445=CARTESIAN_POINT('Origin',(33.3510160882492,0.,-0.0121822314130601));
#9446=CARTESIAN_POINT('',(28.3510160882492,15.,-0.0121822314130595));
#9447=CARTESIAN_POINT('Origin',(33.3510160882492,15.,-0.0121822314130601));
#9448=CARTESIAN_POINT('',(28.3510160882492,10.,-0.0121822314130593));
#9449=CARTESIAN_POINT('',(28.3510160882492,0.,-0.0121822314130595));
#9450=CARTESIAN_POINT('Origin',(33.3510160882492,10.,-0.0121822314130601));
#9451=CARTESIAN_POINT('Origin',(33.3510160882492,15.,-0.0121822314130601));
#9452=CARTESIAN_POINT('Origin',(33.3547712196147,0.,-0.00339446664284537));
#9453=CARTESIAN_POINT('',(30.8510160882492,0.,9.98781776858694));
#9454=CARTESIAN_POINT('Origin',(33.3510160882492,0.,9.98781776858694));
#9455=CARTESIAN_POINT('Origin',(33.3547712196147,0.,-0.00339446664284537));
#9456=CARTESIAN_POINT('',(30.8510160882492,0.,-10.0121822314131));
#9457=CARTESIAN_POINT('Origin',(33.3510160882492,0.,-10.0121822314131));
#9458=CARTESIAN_POINT('Origin',(33.3547712196147,0.,-0.00339446664284621));
#9459=CARTESIAN_POINT('',(46.0971589574871,-20.,-0.00339446664284777));
#9460=CARTESIAN_POINT('Origin',(33.3547712196147,-20.,-0.00339446664284621));
#9461=CARTESIAN_POINT('',(46.0971589574871,0.,-0.00339446664284777));
#9462=CARTESIAN_POINT('',(46.0971589574871,0.,-0.00339446664284464));
#9463=CARTESIAN_POINT('Origin',(33.3547712196147,0.,-0.00339446664284621));
#9464=CARTESIAN_POINT('Origin',(33.3547712196147,-20.,-0.00339446664284537));
#9465=CARTESIAN_POINT('Origin',(-38.6489839117508,0.,-31.0121822314131));
#9466=CARTESIAN_POINT('',(-41.1489839117508,10.,-31.0121822314131));
#9467=CARTESIAN_POINT('Origin',(-38.6489839117508,10.,-31.0121822314131));
#9468=CARTESIAN_POINT('',(-41.1489839117508,0.,-31.0121822314131));
#9469=CARTESIAN_POINT('',(-41.1489839117508,0.,-31.0121822314131));
#9470=CARTESIAN_POINT('Origin',(-38.6489839117508,0.,-31.0121822314131));
#9471=CARTESIAN_POINT('Origin',(-41.5000006183982,0.,-30.0000004470348));
#9472=CARTESIAN_POINT('',(-41.5000006183982,0.,-30.0000004470348));
#9473=CARTESIAN_POINT('',(-39.4068619612546,0.,-24.2516656287986));
#9474=CARTESIAN_POINT('',(-41.5000006183982,0.,-30.0000004470348));
#9475=CARTESIAN_POINT('',(-39.4068619612546,10.,-24.2516656287986));
#9476=CARTESIAN_POINT('',(-39.4068619612546,0.,-24.2516656287986));
#9477=CARTESIAN_POINT('',(-41.5000006183982,10.,-30.0000004470348));
#9478=CARTESIAN_POINT('',(-41.5000006183982,10.,-30.0000004470348));
#9479=CARTESIAN_POINT('',(-41.5000006183982,0.,-30.0000004470348));
#9480=CARTESIAN_POINT('Origin',(-38.7096336369173,0.,-31.0160555623398));
#9481=CARTESIAN_POINT('',(-36.5000005438924,0.,-33.0000004917383));
#9482=CARTESIAN_POINT('Origin',(-38.7096336369173,0.,-31.0160555623398));
#9483=CARTESIAN_POINT('',(-36.5000005438924,10.,-33.0000004917383));
#9484=CARTESIAN_POINT('Origin',(-38.7096336369173,10.,-31.0160555623398));
#9485=CARTESIAN_POINT('',(-36.5000005438924,0.,-33.0000004917383));
#9486=CARTESIAN_POINT('Origin',(-32.8761171355307,0.,-28.9638739915902));
#9487=CARTESIAN_POINT('',(-32.8761171355307,0.,-28.9638739915902));
#9488=CARTESIAN_POINT('',(-32.8761171355307,0.,-28.9638739915902));
#9489=CARTESIAN_POINT('',(-32.8761171355307,10.,-28.9638739915902));
#9490=CARTESIAN_POINT('',(-32.8761171355307,10.,-28.9638739915902));
#9491=CARTESIAN_POINT('',(-32.8761171355307,0.,-28.9638739915902));
#9492=CARTESIAN_POINT('Origin',(-16.9428592603175,0.,5.13478148889135E-15));
#9493=CARTESIAN_POINT('',(-15.0000002399987,10.,-33.0000000294837));
#9494=CARTESIAN_POINT('Origin',(-16.9428592603175,10.,5.13478148889135E-15));
#9495=CARTESIAN_POINT('',(-15.0000002399987,0.,-33.0000000294837));
#9496=CARTESIAN_POINT('',(-15.0000002399987,0.,-33.0000000294837));
#9497=CARTESIAN_POINT('Origin',(-16.9428592603175,0.,5.13478148889135E-15));
#9498=CARTESIAN_POINT('Origin',(-16.9428592603175,0.,5.13478148889135E-15));
#9499=CARTESIAN_POINT('',(-38.7105027774625,0.,24.8785931842871));
#9500=CARTESIAN_POINT('Origin',(-16.9428592603175,0.,5.13478148889135E-15));
#9501=CARTESIAN_POINT('',(-38.7105027774625,10.,24.8785931842871));
#9502=CARTESIAN_POINT('',(-38.7105027774625,0.,24.8785931842871));
#9503=CARTESIAN_POINT('Origin',(-16.9428592603175,10.,5.13478148889135E-15));
#9504=CARTESIAN_POINT('Origin',(-38.6608461933162,0.,31.0038761724406));
#9505=CARTESIAN_POINT('',(-36.644073410061,0.,32.4812480080734));
#9506=CARTESIAN_POINT('',(-40.6657566949914,0.,29.510445932934));
#9507=CARTESIAN_POINT('Origin',(-38.6608461933162,0.,31.0038761724406));
#9508=CARTESIAN_POINT('',(-40.6657566949914,10.,29.510445932934));
#9509=CARTESIAN_POINT('',(-40.6657566949914,0.,29.510445932934));
#9510=CARTESIAN_POINT('',(-36.644073410061,10.,32.4812480080734));
#9511=CARTESIAN_POINT('Origin',(-38.6608461933162,10.,31.0038761724406));
#9512=CARTESIAN_POINT('',(-36.644073410061,0.,32.4812480080734));
#9513=CARTESIAN_POINT('Origin',(-38.6489839117508,0.,30.9878177685869));
#9514=CARTESIAN_POINT('Origin',(-38.6489839117508,0.,30.9878177685869));
#9515=CARTESIAN_POINT('Origin',(-38.6489839117508,10.,30.9878177685869));
#9516=CARTESIAN_POINT('Origin',(-36.7346012970107,0.,33.3367689744498));
#9517=CARTESIAN_POINT('',(-36.7346012970107,0.,33.3367689744498));
#9518=CARTESIAN_POINT('',(-32.0488290700241,0.,29.4038157256332));
#9519=CARTESIAN_POINT('',(-36.7346012970107,0.,33.3367689744498));
#9520=CARTESIAN_POINT('',(-32.0488290700241,10.,29.4038157256332));
#9521=CARTESIAN_POINT('',(-32.0488290700241,0.,29.4038157256332));
#9522=CARTESIAN_POINT('',(-36.7346012970107,10.,33.3367689744498));
#9523=CARTESIAN_POINT('',(-36.7346012970107,10.,33.3367689744498));
#9524=CARTESIAN_POINT('',(-36.7346012970107,0.,33.3367689744498));
#9525=CARTESIAN_POINT('Origin',(-38.6437425061119,0.,31.0621930288309));
#9526=CARTESIAN_POINT('',(-41.2637799434867,0.,29.6643662457742));
#9527=CARTESIAN_POINT('Origin',(-38.6437425061119,0.,31.0621930288309));
#9528=CARTESIAN_POINT('',(-41.2637799434867,10.,29.6643662457742));
#9529=CARTESIAN_POINT('Origin',(-38.6437425061119,10.,31.0621930288309));
#9530=CARTESIAN_POINT('',(-41.2637799434867,0.,29.6643662457742));
#9531=CARTESIAN_POINT('Origin',(-38.7105027774625,0.,24.8785931842871));
#9532=CARTESIAN_POINT('',(-38.7105027774625,0.,24.8785931842871));
#9533=CARTESIAN_POINT('',(-38.7105027774625,10.,24.8785931842871));
#9534=CARTESIAN_POINT('Origin',(-16.9428592603175,0.,5.13478148889135E-15));
#9535=CARTESIAN_POINT('',(-15.0000002399987,0.,33.0000000294837));
#9536=CARTESIAN_POINT('Origin',(-16.9428592603175,0.,5.13478148889135E-15));
#9537=CARTESIAN_POINT('',(-15.0000002399987,10.,33.0000000294837));
#9538=CARTESIAN_POINT('',(-15.0000002399987,0.,33.0000000294837));
#9539=CARTESIAN_POINT('Origin',(-16.9428592603175,10.,5.13478148889135E-15));
#9540=CARTESIAN_POINT('Origin',(33.3510160882492,0.,-10.0121822314131));
#9541=CARTESIAN_POINT('',(30.8510160882492,10.,-10.0121822314131));
#9542=CARTESIAN_POINT('Origin',(33.3510160882492,10.,-10.0121822314131));
#9543=CARTESIAN_POINT('',(30.8510160882492,0.,-10.0121822314131));
#9544=CARTESIAN_POINT('Origin',(33.3510160882492,0.,9.98781776858694));
#9545=CARTESIAN_POINT('',(30.8510160882492,10.,9.98781776858694));
#9546=CARTESIAN_POINT('Origin',(33.3510160882492,10.,9.98781776858694));
#9547=CARTESIAN_POINT('',(30.8510160882492,0.,9.98781776858694));
#9548=CARTESIAN_POINT('Origin',(-16.6489839117508,0.,-0.0121822314130601));
#9549=CARTESIAN_POINT('',(-49.3989839117508,10.,-0.012182231413056));
#9550=CARTESIAN_POINT('Origin',(-16.6489839117508,10.,-0.0121822314130601));
#9551=CARTESIAN_POINT('',(-49.3989839117508,0.,-0.0121822314130561));
#9552=CARTESIAN_POINT('',(-49.3989839117508,0.,-0.0121822314130561));
#9553=CARTESIAN_POINT('Origin',(-16.6489839117508,0.,-0.0121822314130601));
#9554=CARTESIAN_POINT('Origin',(18.3510160882492,0.,24.9878177685869));
#9555=CARTESIAN_POINT('',(15.8510160882492,10.,24.9878177685869));
#9556=CARTESIAN_POINT('Origin',(18.3510160882492,10.,24.9878177685869));
#9557=CARTESIAN_POINT('',(15.8510160882492,0.,24.9878177685869));
#9558=CARTESIAN_POINT('',(15.8510160882492,0.,24.9878177685869));
#9559=CARTESIAN_POINT('Origin',(18.3510160882492,0.,24.9878177685869));
#9560=CARTESIAN_POINT('Origin',(18.3510160882492,0.,-25.0121822314131));
#9561=CARTESIAN_POINT('',(15.8510160882492,10.,-25.0121822314131));
#9562=CARTESIAN_POINT('Origin',(18.3510160882492,10.,-25.0121822314131));
#9563=CARTESIAN_POINT('',(15.8510160882492,0.,-25.0121822314131));
#9564=CARTESIAN_POINT('',(15.8510160882492,0.,-25.0121822314131));
#9565=CARTESIAN_POINT('Origin',(18.3510160882492,0.,-25.0121822314131));
#9566=CARTESIAN_POINT('Origin',(20.0000002980232,0.,28.0000004172325));
#9567=CARTESIAN_POINT('',(40.0000005960464,0.,13.0000001937151));
#9568=CARTESIAN_POINT('',(20.0000002980232,0.,28.0000004172325));
#9569=CARTESIAN_POINT('',(40.0000005960464,0.,13.0000001937151));
#9570=CARTESIAN_POINT('',(40.0000005960464,10.,13.0000001937151));
#9571=CARTESIAN_POINT('',(40.0000005960464,0.,13.0000001937151));
#9572=CARTESIAN_POINT('',(20.0000002980232,10.,28.0000004172325));
#9573=CARTESIAN_POINT('',(40.0000005960464,10.,13.0000001937151));
#9574=CARTESIAN_POINT('',(20.0000002980232,0.,28.0000004172325));
#9575=CARTESIAN_POINT('Origin',(-15.0000002399987,0.,33.0000000294837));
#9576=CARTESIAN_POINT('',(20.0000002980232,0.,28.0000004172325));
#9577=CARTESIAN_POINT('',(20.0000002980232,10.,28.0000004172325));
#9578=CARTESIAN_POINT('Origin',(20.0000002980232,0.,-28.0000004172325));
#9579=CARTESIAN_POINT('',(20.0000002980232,0.,-28.0000004172325));
#9580=CARTESIAN_POINT('',(-15.0000002399987,0.,-33.0000000294837));
#9581=CARTESIAN_POINT('',(20.0000002980232,10.,-28.0000004172325));
#9582=CARTESIAN_POINT('',(-15.0000002399987,10.,-33.0000000294837));
#9583=CARTESIAN_POINT('',(20.0000002980232,0.,-28.0000004172325));
#9584=CARTESIAN_POINT('Origin',(40.0000005960464,0.,-13.0000001937151));
#9585=CARTESIAN_POINT('',(40.0000005960464,0.,-13.0000001937151));
#9586=CARTESIAN_POINT('',(20.0000002980232,0.,-28.0000004172325));
#9587=CARTESIAN_POINT('',(40.0000005960464,10.,-13.0000001937151));
#9588=CARTESIAN_POINT('',(20.0000002980232,10.,-28.0000004172325));
#9589=CARTESIAN_POINT('',(40.0000005960464,0.,-13.0000001937151));
#9590=CARTESIAN_POINT('Origin',(38.6277838348017,0.,1.11022302462516E-15));
#9591=CARTESIAN_POINT('Origin',(38.6277838348017,0.,1.11022302462516E-15));
#9592=CARTESIAN_POINT('Origin',(38.6277838348017,10.,1.11022302462516E-15));
#9593=CARTESIAN_POINT('Origin',(0.850001709590771,10.,4.44089209850063E-15));
#9594=CARTESIAN_POINT('Origin',(0.850001709590771,0.,4.44089209850063E-15));
#9595=CARTESIAN_POINT('Origin',(-16.6489839117508,0.,-0.0121822314130601));
#9596=CARTESIAN_POINT('',(-49.3989839117508,38.31,-0.0121822314130561));
#9597=CARTESIAN_POINT('Origin',(-16.6489839117508,38.31,-0.0121822314130601));
#9598=CARTESIAN_POINT('',(-49.3989839117508,0.,-0.0121822314130561));
#9599=CARTESIAN_POINT('',(-49.3989839117508,0.,-0.0121822314130561));
#9600=CARTESIAN_POINT('Origin',(-16.6489839117508,0.,-0.0121822314130601));
#9601=CARTESIAN_POINT('Origin',(-16.6489839117508,38.31,-0.0121822314130604));
#9602=CARTESIAN_POINT('Origin',(-16.6489839117508,0.,-0.0121822314130604));
#9603=CARTESIAN_POINT('Origin',(18.3510160882492,10.,24.9878177685869));
#9604=CARTESIAN_POINT('',(20.8510160882492,-25.,24.9878177685869));
#9605=CARTESIAN_POINT('Origin',(18.3510160882492,-25.,24.9878177685869));
#9606=CARTESIAN_POINT('',(20.8510160882492,10.,24.9878177685869));
#9607=CARTESIAN_POINT('',(20.8510160882492,10.,24.9878177685869));
#9608=CARTESIAN_POINT('Origin',(18.3510160882492,10.,24.9878177685869));
#9609=CARTESIAN_POINT('Origin',(18.3510160882492,10.,24.9878177685869));
#9610=CARTESIAN_POINT('Origin',(18.3510160882492,-25.,24.9878177685869));
#9611=CARTESIAN_POINT('Origin',(18.3510160882492,10.,-25.0121822314131));
#9612=CARTESIAN_POINT('',(20.8510160882492,-25.,-25.0121822314131));
#9613=CARTESIAN_POINT('Origin',(18.3510160882492,-25.,-25.0121822314131));
#9614=CARTESIAN_POINT('',(20.8510160882492,10.,-25.0121822314131));
#9615=CARTESIAN_POINT('',(20.8510160882492,10.,-25.0121822314131));
#9616=CARTESIAN_POINT('Origin',(18.3510160882492,10.,-25.0121822314131));
#9617=CARTESIAN_POINT('Origin',(18.3510160882492,10.,-25.0121822314131));
#9618=CARTESIAN_POINT('Origin',(18.3510160882492,-25.,-25.0121822314131));
#9619=CARTESIAN_POINT('Origin',(-38.6489839117508,10.,-31.0121822314131));
#9620=CARTESIAN_POINT('',(-36.1489839117508,-25.,-31.0121822314131));
#9621=CARTESIAN_POINT('Origin',(-38.6489839117508,-25.,-31.0121822314131));
#9622=CARTESIAN_POINT('',(-36.1489839117508,10.,-31.0121822314131));
#9623=CARTESIAN_POINT('',(-36.1489839117508,10.,-31.0121822314131));
#9624=CARTESIAN_POINT('Origin',(-38.6489839117508,10.,-31.0121822314131));
#9625=CARTESIAN_POINT('Origin',(-38.6489839117508,10.,-31.0121822314131));
#9626=CARTESIAN_POINT('Origin',(-38.6489839117508,-25.,-31.0121822314131));
#9627=CARTESIAN_POINT('Origin',(-38.6649555576309,0.,30.9946278621088));
#9628=CARTESIAN_POINT('',(-41.1649555576309,10.,30.9946278621088));
#9629=CARTESIAN_POINT('Origin',(-38.6649555576309,10.,30.9946278621088));
#9630=CARTESIAN_POINT('',(-41.1649555576309,-25.,30.9946278621088));
#9631=CARTESIAN_POINT('',(-41.1649555576309,0.,30.9946278621088));
#9632=CARTESIAN_POINT('Origin',(-38.6649555576309,-25.,30.9946278621088));
#9633=CARTESIAN_POINT('Origin',(-38.6649555576309,10.,30.9946278621088));
#9634=CARTESIAN_POINT('Origin',(-38.6649555576309,-25.,30.9946278621088));
#9635=CARTESIAN_POINT('',(0.,0.,0.));
#9636=CARTESIAN_POINT('Origin',(-153.767897951453,41.0093955389265,0.));
#9637=CARTESIAN_POINT('',(-161.632466432976,47.966303084627,45.));
#9638=CARTESIAN_POINT('',(-157.088289494629,50.9705701684569,45.));
#9639=CARTESIAN_POINT('Origin',(-153.767897951453,41.0093955389265,45.));
#9640=CARTESIAN_POINT('',(-157.088289494629,50.9705701684569,0.));
#9641=CARTESIAN_POINT('',(-157.088289494629,50.9705701684569,0.));
#9642=CARTESIAN_POINT('',(-161.632466432976,47.966303084627,0.));
#9643=CARTESIAN_POINT('Origin',(-153.767897951453,41.0093955389265,0.));
#9644=CARTESIAN_POINT('',(-161.632466432976,47.966303084627,0.));
#9645=CARTESIAN_POINT('Origin',(-139.942801823685,28.7798732457124,0.));
#9646=CARTESIAN_POINT('',(-139.686183775023,-0.176901229429534,0.));
#9647=CARTESIAN_POINT('Origin',(-139.942801823685,28.7798732457124,0.));
#9648=CARTESIAN_POINT('',(-139.686183775023,-0.176901229429534,45.));
#9649=CARTESIAN_POINT('',(-139.686183775023,-0.176901229429534,0.));
#9650=CARTESIAN_POINT('Origin',(-139.942801823685,28.7798732457124,45.));
#9651=CARTESIAN_POINT('Origin',(1.59188316143329,49.9109808522634,0.));
#9652=CARTESIAN_POINT('',(-25.,95.,0.));
#9653=CARTESIAN_POINT('',(-159.44683760923,50.1843874635902,0.));
#9654=CARTESIAN_POINT('',(25.,95.,0.));
#9655=CARTESIAN_POINT('Origin',(0.,35.,0.));
#9656=CARTESIAN_POINT('',(157.769291211149,52.2509457022347,0.));
#9657=CARTESIAN_POINT('',(159.270185691785,51.7676877209454,0.));
#9658=CARTESIAN_POINT('',(160.896047630407,50.622429162666,0.));
#9659=CARTESIAN_POINT('Origin',(154.551200093602,42.256252632452,0.));
#9660=CARTESIAN_POINT('',(144.043978084463,-0.176901229429403,0.));
#9661=CARTESIAN_POINT('Origin',(143.811501104508,28.0951215567371,0.));
#9662=CARTESIAN_POINT('',(144.043978084463,-0.176901229429405,0.));
#9663=CARTESIAN_POINT('',(-145.,5.,0.));
#9664=CARTESIAN_POINT('',(-157.999999970198,45.,0.));
#9665=CARTESIAN_POINT('Origin',(-137.062522509769,29.6921801687255,0.));
#9666=CARTESIAN_POINT('',(147.295663591137,5.00000000000002,0.));
#9667=CARTESIAN_POINT('',(-145.,5.,0.));
#9668=CARTESIAN_POINT('',(159.053203913514,44.6565653905083,0.));
#9669=CARTESIAN_POINT('Origin',(140.11252503089,28.7009306910446,0.));
#9670=CARTESIAN_POINT('',(20.,90.,0.));
#9671=CARTESIAN_POINT('',(159.053203913514,44.6565653905083,0.));
#9672=CARTESIAN_POINT('',(-20.,90.,0.));
#9673=CARTESIAN_POINT('Origin',(0.,42.0000182092129,0.));
#9674=CARTESIAN_POINT('',(-157.999999970198,45.,0.));
#9675=CARTESIAN_POINT('Origin',(154.551200093602,42.256252632452,0.));
#9676=CARTESIAN_POINT('',(157.769291211149,52.2509457022347,45.));
#9677=CARTESIAN_POINT('',(160.896047630407,50.622429162666,45.));
#9678=CARTESIAN_POINT('Origin',(154.551200093602,42.256252632452,45.));
#9679=CARTESIAN_POINT('',(160.896047630407,50.622429162666,0.));
#9680=CARTESIAN_POINT('',(157.769291211149,52.2509457022347,0.));
#9681=CARTESIAN_POINT('Origin',(143.811501104508,28.0951215567371,0.));
#9682=CARTESIAN_POINT('',(144.043978084463,-0.176901229429403,45.));
#9683=CARTESIAN_POINT('Origin',(143.811501104508,28.0951215567371,45.));
#9684=CARTESIAN_POINT('',(144.043978084463,-0.176901229429403,0.));
#9685=CARTESIAN_POINT('Origin',(147.295663591137,5.00000000000002,0.));
#9686=CARTESIAN_POINT('',(-145.,5.,45.));
#9687=CARTESIAN_POINT('',(-145.,5.,0.));
#9688=CARTESIAN_POINT('',(147.295663591137,5.00000000000002,45.));
#9689=CARTESIAN_POINT('',(-145.,5.,45.));
#9690=CARTESIAN_POINT('',(147.295663591137,5.00000000000002,0.));
#9691=CARTESIAN_POINT('Origin',(140.11252503089,28.7009306910446,0.));
#9692=CARTESIAN_POINT('',(159.053203913514,44.6565653905083,45.));
#9693=CARTESIAN_POINT('Origin',(140.11252503089,28.7009306910446,45.));
#9694=CARTESIAN_POINT('',(159.053203913514,44.6565653905083,0.));
#9695=CARTESIAN_POINT('Origin',(20.,90.,0.));
#9696=CARTESIAN_POINT('',(20.,90.,45.));
#9697=CARTESIAN_POINT('',(159.053203913514,44.6565653905083,45.));
#9698=CARTESIAN_POINT('',(20.,90.,0.));
#9699=CARTESIAN_POINT('Origin',(0.,42.0000182092129,0.));
#9700=CARTESIAN_POINT('',(-20.,90.,45.));
#9701=CARTESIAN_POINT('Origin',(0.,42.0000182092129,45.));
#9702=CARTESIAN_POINT('',(-20.,90.,0.));
#9703=CARTESIAN_POINT('Origin',(-157.999999970198,45.,0.));
#9704=CARTESIAN_POINT('',(-157.999999970198,45.,45.));
#9705=CARTESIAN_POINT('',(-157.999999970198,45.,45.));
#9706=CARTESIAN_POINT('',(-157.999999970198,45.,0.));
#9707=CARTESIAN_POINT('Origin',(-137.062522509769,29.6921801687255,0.));
#9708=CARTESIAN_POINT('Origin',(-137.062522509769,29.6921801687255,45.));
#9709=CARTESIAN_POINT('Origin',(-139.686183775023,-0.176901229429405,0.));
#9710=CARTESIAN_POINT('',(144.043978084463,-0.176901229429405,45.));
#9711=CARTESIAN_POINT('Origin',(-25.,95.,0.));
#9712=CARTESIAN_POINT('',(-25.,95.,45.));
#9713=CARTESIAN_POINT('',(-159.44683760923,50.1843874635902,45.));
#9714=CARTESIAN_POINT('',(-25.,95.,0.));
#9715=CARTESIAN_POINT('Origin',(0.,35.,0.));
#9716=CARTESIAN_POINT('',(25.,95.,45.));
#9717=CARTESIAN_POINT('Origin',(0.,35.,45.));
#9718=CARTESIAN_POINT('',(25.,95.,0.));
#9719=CARTESIAN_POINT('Origin',(159.270185691785,51.7676877209454,0.));
#9720=CARTESIAN_POINT('',(159.270185691785,51.7676877209454,45.));
#9721=CARTESIAN_POINT('Origin',(1.59188316143329,49.9109808522634,45.));
#9722=CARTESIAN_POINT('',(-0.90304775913097,43.6462872037959,1.15952394153216E-31));
#9723=CARTESIAN_POINT('',(163.911690378177,96.1976751340129,137.268784130996));
#9724=CARTESIAN_POINT('',(163.811058324128,96.1543198386442,82.7788870105334));
#9725=CARTESIAN_POINT('',(163.911690378179,96.1976751340121,222.568784130995));
#9726=CARTESIAN_POINT('',(163.811058324131,96.1543198386434,-2.5211129894649));
#9727=CARTESIAN_POINT('',(19.1926503441141,53.6026597076988,222.585805438779));
#9728=CARTESIAN_POINT('',(108.772719651432,53.5990391289903,222.451590762122));
#9729=CARTESIAN_POINT('',(219.192650344114,53.6026597076988,222.585805438779));
#9730=CARTESIAN_POINT('',(309.140037296737,53.6026597076988,222.684499907427));
#9731=CARTESIAN_POINT('',(19.0138854074345,53.5201196039988,-2.57483060365825));
#9732=CARTESIAN_POINT('',(108.771283760887,53.2906787540692,-2.57483060365843));
#9733=CARTESIAN_POINT('',(218.948917758069,53.5201196039988,-2.5748306036586));
#9734=CARTESIAN_POINT('',(309.16519781138,53.7495604539284,-2.57483060365878));
#9735=CARTESIAN_POINT('',(160.278215623508,84.2243513748555,219.572501944933));
#9736=CARTESIAN_POINT('',(-0.811044690659962,145.850007672655,-0.0225236925671394));
#9737=CARTESIAN_POINT('',(90.6159608506184,147.083710039001,155.459362603602));
#9738=CARTESIAN_POINT('',(197.797529796013,148.399514844664,110.403411194533));
#9739=CARTESIAN_POINT('',(256.688154949933,148.321200576599,102.690867837793));
#9740=CARTESIAN_POINT('',(29.0661211903315,148.352303392358,30.0951618203127));
#9741=CARTESIAN_POINT('',(28.9539914334419,148.287944497457,189.849085328762));
#9742=CARTESIAN_POINT('',(298.967135782784,148.33646628672,190.069675397836));
#9743=CARTESIAN_POINT('',(299.047446901933,148.418609363717,30.1729745485605));
#9744=CARTESIAN_POINT('',(-0.86326625870488,210.481423981949,-0.0204853195574528));
#9745=CARTESIAN_POINT('',(63.9457203985124,237.900081701887,110.646632638377));
#9746=CARTESIAN_POINT('',(162.7224296093,24.4262036030266,222.737092279808));
#9747=CARTESIAN_POINT('',(162.373986028498,24.2258966991879,-48.1698585350592));
#9748=CARTESIAN_POINT('Origin',(0.,0.,0.));
#9749=UNCERTAINTY_MEASURE_WITH_UNIT(LENGTH_MEASURE(0.01),#9777,
'DISTANCE_ACCURACY_VALUE',
'Maximum model space distance between geometric entities at asserted c
onnectivities');
#9750=UNCERTAINTY_MEASURE_WITH_UNIT(LENGTH_MEASURE(0.01),#9777,
'DISTANCE_ACCURACY_VALUE',
'Maximum model space distance between geometric entities at asserted c
onnectivities');
#9751=UNCERTAINTY_MEASURE_WITH_UNIT(LENGTH_MEASURE(0.01),#9777,
'DISTANCE_ACCURACY_VALUE',
'Maximum model space distance between geometric entities at asserted c
onnectivities');
#9752=UNCERTAINTY_MEASURE_WITH_UNIT(LENGTH_MEASURE(0.01),#9777,
'DISTANCE_ACCURACY_VALUE',
'Maximum model space distance between geometric entities at asserted c
onnectivities');
#9753=UNCERTAINTY_MEASURE_WITH_UNIT(LENGTH_MEASURE(0.01),#9777,
'DISTANCE_ACCURACY_VALUE',
'Maximum model space distance between geometric entities at asserted c
onnectivities');
#9754=UNCERTAINTY_MEASURE_WITH_UNIT(LENGTH_MEASURE(0.01),#9777,
'DISTANCE_ACCURACY_VALUE',
'Maximum model space distance between geometric entities at asserted c
onnectivities');
#9755=UNCERTAINTY_MEASURE_WITH_UNIT(LENGTH_MEASURE(0.01),#9777,
'DISTANCE_ACCURACY_VALUE',
'Maximum model space distance between geometric entities at asserted c
onnectivities');
#9756=UNCERTAINTY_MEASURE_WITH_UNIT(LENGTH_MEASURE(0.01),#9777,
'DISTANCE_ACCURACY_VALUE',
'Maximum model space distance between geometric entities at asserted c
onnectivities');
#9757=UNCERTAINTY_MEASURE_WITH_UNIT(LENGTH_MEASURE(0.01),#9777,
'DISTANCE_ACCURACY_VALUE',
'Maximum model space distance between geometric entities at asserted c
onnectivities');
#9758=UNCERTAINTY_MEASURE_WITH_UNIT(LENGTH_MEASURE(0.01),#9777,
'DISTANCE_ACCURACY_VALUE',
'Maximum model space distance between geometric entities at asserted c
onnectivities');
#9759=UNCERTAINTY_MEASURE_WITH_UNIT(LENGTH_MEASURE(0.01),#9777,
'DISTANCE_ACCURACY_VALUE',
'Maximum model space distance between geometric entities at asserted c
onnectivities');
#9760=UNCERTAINTY_MEASURE_WITH_UNIT(LENGTH_MEASURE(0.01),#9777,
'DISTANCE_ACCURACY_VALUE',
'Maximum model space distance between geometric entities at asserted c
onnectivities');
#9761=UNCERTAINTY_MEASURE_WITH_UNIT(LENGTH_MEASURE(0.01),#9777,
'DISTANCE_ACCURACY_VALUE',
'Maximum model space distance between geometric entities at asserted c
onnectivities');
#9762=UNCERTAINTY_MEASURE_WITH_UNIT(LENGTH_MEASURE(0.01),#9777,
'DISTANCE_ACCURACY_VALUE',
'Maximum model space distance between geometric entities at asserted c
onnectivities');
#9763=(
GEOMETRIC_REPRESENTATION_CONTEXT(3)
GLOBAL_UNCERTAINTY_ASSIGNED_CONTEXT((#9749))
GLOBAL_UNIT_ASSIGNED_CONTEXT((#9777,#9779,#9780))
REPRESENTATION_CONTEXT('','3D')
);
#9764=(
GEOMETRIC_REPRESENTATION_CONTEXT(3)
GLOBAL_UNCERTAINTY_ASSIGNED_CONTEXT((#9750))
GLOBAL_UNIT_ASSIGNED_CONTEXT((#9777,#9779,#9780))
REPRESENTATION_CONTEXT('','3D')
);
#9765=(
GEOMETRIC_REPRESENTATION_CONTEXT(3)
GLOBAL_UNCERTAINTY_ASSIGNED_CONTEXT((#9751))
GLOBAL_UNIT_ASSIGNED_CONTEXT((#9777,#9779,#9780))
REPRESENTATION_CONTEXT('','3D')
);
#9766=(
GEOMETRIC_REPRESENTATION_CONTEXT(3)
GLOBAL_UNCERTAINTY_ASSIGNED_CONTEXT((#9752))
GLOBAL_UNIT_ASSIGNED_CONTEXT((#9777,#9779,#9780))
REPRESENTATION_CONTEXT('','3D')
);
#9767=(
GEOMETRIC_REPRESENTATION_CONTEXT(3)
GLOBAL_UNCERTAINTY_ASSIGNED_CONTEXT((#9753))
GLOBAL_UNIT_ASSIGNED_CONTEXT((#9777,#9779,#9780))
REPRESENTATION_CONTEXT('','3D')
);
#9768=(
GEOMETRIC_REPRESENTATION_CONTEXT(3)
GLOBAL_UNCERTAINTY_ASSIGNED_CONTEXT((#9754))
GLOBAL_UNIT_ASSIGNED_CONTEXT((#9777,#9779,#9780))
REPRESENTATION_CONTEXT('','3D')
);
#9769=(
GEOMETRIC_REPRESENTATION_CONTEXT(3)
GLOBAL_UNCERTAINTY_ASSIGNED_CONTEXT((#9755))
GLOBAL_UNIT_ASSIGNED_CONTEXT((#9777,#9779,#9780))
REPRESENTATION_CONTEXT('','3D')
);
#9770=(
GEOMETRIC_REPRESENTATION_CONTEXT(3)
GLOBAL_UNCERTAINTY_ASSIGNED_CONTEXT((#9756))
GLOBAL_UNIT_ASSIGNED_CONTEXT((#9777,#9779,#9780))
REPRESENTATION_CONTEXT('','3D')
);
#9771=(
GEOMETRIC_REPRESENTATION_CONTEXT(3)
GLOBAL_UNCERTAINTY_ASSIGNED_CONTEXT((#9757))
GLOBAL_UNIT_ASSIGNED_CONTEXT((#9777,#9779,#9780))
REPRESENTATION_CONTEXT('','3D')
);
#9772=(
GEOMETRIC_REPRESENTATION_CONTEXT(3)
GLOBAL_UNCERTAINTY_ASSIGNED_CONTEXT((#9758))
GLOBAL_UNIT_ASSIGNED_CONTEXT((#9777,#9779,#9780))
REPRESENTATION_CONTEXT('','3D')
);
#9773=(
GEOMETRIC_REPRESENTATION_CONTEXT(3)
GLOBAL_UNCERTAINTY_ASSIGNED_CONTEXT((#9759))
GLOBAL_UNIT_ASSIGNED_CONTEXT((#9777,#9779,#9780))
REPRESENTATION_CONTEXT('','3D')
);
#9774=(
GEOMETRIC_REPRESENTATION_CONTEXT(3)
GLOBAL_UNCERTAINTY_ASSIGNED_CONTEXT((#9760))
GLOBAL_UNIT_ASSIGNED_CONTEXT((#9777,#9779,#9780))
REPRESENTATION_CONTEXT('','3D')
);
#9775=(
GEOMETRIC_REPRESENTATION_CONTEXT(3)
GLOBAL_UNCERTAINTY_ASSIGNED_CONTEXT((#9761))
GLOBAL_UNIT_ASSIGNED_CONTEXT((#9777,#9779,#9780))
REPRESENTATION_CONTEXT('','3D')
);
#9776=(
GEOMETRIC_REPRESENTATION_CONTEXT(3)
GLOBAL_UNCERTAINTY_ASSIGNED_CONTEXT((#9762))
GLOBAL_UNIT_ASSIGNED_CONTEXT((#9777,#9779,#9780))
REPRESENTATION_CONTEXT('','3D')
);
#9777=(
LENGTH_UNIT()
NAMED_UNIT(*)
SI_UNIT(.MILLI.,.METRE.)
);
#9778=(
LENGTH_UNIT()
NAMED_UNIT(*)
SI_UNIT($,.METRE.)
);
#9779=(
NAMED_UNIT(*)
PLANE_ANGLE_UNIT()
SI_UNIT($,.RADIAN.)
);
#9780=(
NAMED_UNIT(*)
SI_UNIT($,.STERADIAN.)
SOLID_ANGLE_UNIT()
);
#9781=SHAPE_DEFINITION_REPRESENTATION(#9794,#9833);
#9782=SHAPE_DEFINITION_REPRESENTATION(#9795,#9834);
#9783=SHAPE_DEFINITION_REPRESENTATION(#9796,#9835);
#9784=SHAPE_DEFINITION_REPRESENTATION(#9797,#9836);
#9785=SHAPE_DEFINITION_REPRESENTATION(#9798,#9837);
#9786=SHAPE_DEFINITION_REPRESENTATION(#9799,#9838);
#9787=SHAPE_DEFINITION_REPRESENTATION(#9800,#9839);
#9788=SHAPE_DEFINITION_REPRESENTATION(#9801,#9840);
#9789=SHAPE_DEFINITION_REPRESENTATION(#9802,#9841);
#9790=SHAPE_DEFINITION_REPRESENTATION(#9803,#9842);
#9791=SHAPE_DEFINITION_REPRESENTATION(#9804,#9843);
#9792=SHAPE_DEFINITION_REPRESENTATION(#9805,#9844);
#9793=SHAPE_DEFINITION_REPRESENTATION(#9806,#9845);
#9794=PRODUCT_DEFINITION_SHAPE('',$,#9847);
#9795=PRODUCT_DEFINITION_SHAPE('',$,#9848);
#9796=PRODUCT_DEFINITION_SHAPE('',$,#9849);
#9797=PRODUCT_DEFINITION_SHAPE('',$,#9850);
#9798=PRODUCT_DEFINITION_SHAPE('',$,#9851);
#9799=PRODUCT_DEFINITION_SHAPE('',$,#9852);
#9800=PRODUCT_DEFINITION_SHAPE('',$,#9853);
#9801=PRODUCT_DEFINITION_SHAPE('',$,#9854);
#9802=PRODUCT_DEFINITION_SHAPE('',$,#9855);
#9803=PRODUCT_DEFINITION_SHAPE('',$,#9856);
#9804=PRODUCT_DEFINITION_SHAPE('',$,#9857);
#9805=PRODUCT_DEFINITION_SHAPE('',$,#9858);
#9806=PRODUCT_DEFINITION_SHAPE('',$,#9859);
#9807=PRODUCT_DEFINITION_SHAPE($,$,#93);
#9808=PRODUCT_DEFINITION_SHAPE($,$,#94);
#9809=PRODUCT_DEFINITION_SHAPE($,$,#95);
#9810=PRODUCT_DEFINITION_SHAPE($,$,#96);
#9811=PRODUCT_DEFINITION_SHAPE($,$,#97);
#9812=PRODUCT_DEFINITION_SHAPE($,$,#98);
#9813=PRODUCT_DEFINITION_SHAPE($,$,#99);
#9814=PRODUCT_DEFINITION_SHAPE($,$,#100);
#9815=PRODUCT_DEFINITION_SHAPE($,$,#101);
#9816=PRODUCT_DEFINITION_SHAPE($,$,#102);
#9817=PRODUCT_DEFINITION_SHAPE($,$,#103);
#9818=PRODUCT_DEFINITION_SHAPE($,$,#104);
#9819=PRODUCT_DEFINITION_SHAPE($,$,#105);
#9820=PRODUCT_DEFINITION_SHAPE($,$,#106);
#9821=PRODUCT_DEFINITION_SHAPE($,$,#107);
#9822=PRODUCT_DEFINITION_SHAPE($,$,#108);
#9823=PRODUCT_DEFINITION_SHAPE($,$,#109);
#9824=PRODUCT_DEFINITION_SHAPE($,$,#110);
#9825=PRODUCT_DEFINITION_SHAPE($,$,#111);
#9826=PRODUCT_DEFINITION_SHAPE($,$,#112);
#9827=PRODUCT_DEFINITION_SHAPE($,$,#113);
#9828=PRODUCT_DEFINITION_SHAPE($,$,#114);
#9829=PRODUCT_DEFINITION_SHAPE($,$,#115);
#9830=PRODUCT_DEFINITION_SHAPE($,$,#116);
#9831=PRODUCT_DEFINITION_SHAPE($,$,#117);
#9832=PRODUCT_DEFINITION_SHAPE($,$,#118);
#9833=SHAPE_REPRESENTATION('',(#5845,#6403,#6404,#6405,#6406,#6407,#6408,
#6409,#6410,#6411,#6412,#6413,#6414,#6415,#6416,#6417,#6418,#6419,#6420,
#6421,#6422,#6423,#6424,#6425,#6426,#6427,#6428),#9763);
#9834=SHAPE_REPRESENTATION('',(#5846),#9764);
#9835=SHAPE_REPRESENTATION('',(#5919),#9765);
#9836=SHAPE_REPRESENTATION('',(#5955),#9766);
#9837=SHAPE_REPRESENTATION('',(#6186),#9767);
#9838=SHAPE_REPRESENTATION('',(#6209),#9768);
#9839=SHAPE_REPRESENTATION('',(#6216),#9769);
#9840=SHAPE_REPRESENTATION('',(#6223),#9770);
#9841=SHAPE_REPRESENTATION('',(#6229),#9771);
#9842=SHAPE_REPRESENTATION('',(#6236),#9772);
#9843=SHAPE_REPRESENTATION('',(#6251),#9773);
#9844=SHAPE_REPRESENTATION('',(#6282),#9774);
#9845=SHAPE_REPRESENTATION('',(#6370),#9775);
#9846=PRODUCT_DEFINITION_CONTEXT('part definition',#9887,'design');
#9847=PRODUCT_DEFINITION('2026-09-18-14-01-17-879','EduBot_Ensamble',#9860,
#9846);
#9848=PRODUCT_DEFINITION('2026-09-18-08-28-47-038','Base',#9861,#9846);
#9849=PRODUCT_DEFINITION('2026-09-18-13-25-46-046','Motor',#9862,#9846);
#9850=PRODUCT_DEFINITION('2026-09-18-10-49-58-739','Dentada',#9863,#9846);
#9851=PRODUCT_DEFINITION('2026-09-18-11-31-58-562','Rueda',#9864,#9846);
#9852=PRODUCT_DEFINITION('2026-09-18-12-43-58-825','Bloques',#9865,#9846);
#9853=PRODUCT_DEFINITION('2026-09-18-15-14-55-482','Bateria1',#9866,#9846);
#9854=PRODUCT_DEFINITION('2026-09-18-15-58-49-721','Inversor',#9867,#9846);
#9855=PRODUCT_DEFINITION('2026-09-18-15-19-40-198','Raspberry',#9868,#9846);
#9856=PRODUCT_DEFINITION('2026-09-18-16-03-10-789','Columna',#9869,#9846);
#9857=PRODUCT_DEFINITION('2026-09-18-07-12-26-738','Lamina',#9870,#9846);
#9858=PRODUCT_DEFINITION('2026-09-18-11-44-51-947','YLIDAR',#9871,#9846);
#9859=PRODUCT_DEFINITION('2026-09-18-16-56-57-562','oruga',#9872,#9846);
#9860=PRODUCT_DEFINITION_FORMATION('',$,#9889);
#9861=PRODUCT_DEFINITION_FORMATION('',$,#9890);
#9862=PRODUCT_DEFINITION_FORMATION('',$,#9891);
#9863=PRODUCT_DEFINITION_FORMATION('',$,#9892);
#9864=PRODUCT_DEFINITION_FORMATION('',$,#9893);
#9865=PRODUCT_DEFINITION_FORMATION('',$,#9894);
#9866=PRODUCT_DEFINITION_FORMATION('',$,#9895);
#9867=PRODUCT_DEFINITION_FORMATION('',$,#9896);
#9868=PRODUCT_DEFINITION_FORMATION('',$,#9897);
#9869=PRODUCT_DEFINITION_FORMATION('',$,#9898);
#9870=PRODUCT_DEFINITION_FORMATION('',$,#9899);
#9871=PRODUCT_DEFINITION_FORMATION('',$,#9900);
#9872=PRODUCT_DEFINITION_FORMATION('',$,#9901);
#9873=PRODUCT_RELATED_PRODUCT_CATEGORY('EduBot_Ensamble',
'EduBot_Ensamble',(#9889));
#9874=PRODUCT_RELATED_PRODUCT_CATEGORY('Base','Base',(#9890));
#9875=PRODUCT_RELATED_PRODUCT_CATEGORY('Motor','Motor',(#9891));
#9876=PRODUCT_RELATED_PRODUCT_CATEGORY('Dentada','Dentada',(#9892));
#9877=PRODUCT_RELATED_PRODUCT_CATEGORY('Rueda','Rueda',(#9893));
#9878=PRODUCT_RELATED_PRODUCT_CATEGORY('Bloques','Bloques',(#9894));
#9879=PRODUCT_RELATED_PRODUCT_CATEGORY('Bateria1','Bateria1',(#9895));
#9880=PRODUCT_RELATED_PRODUCT_CATEGORY('Inversor','Inversor',(#9896));
#9881=PRODUCT_RELATED_PRODUCT_CATEGORY('Raspberry','Raspberry',(#9897));
#9882=PRODUCT_RELATED_PRODUCT_CATEGORY('Columna','Columna',(#9898));
#9883=PRODUCT_RELATED_PRODUCT_CATEGORY('Lamina','Lamina',(#9899));
#9884=PRODUCT_RELATED_PRODUCT_CATEGORY('YLIDAR','YLIDAR',(#9900));
#9885=PRODUCT_RELATED_PRODUCT_CATEGORY('oruga','oruga',(#9901));
#9886=APPLICATION_PROTOCOL_DEFINITION('international standard',
'automotive_design',2009,#9887);
#9887=APPLICATION_CONTEXT(
'Core Data for Automotive Mechanical Design Process');
#9888=PRODUCT_CONTEXT('part definition',#9887,'mechanical');
#9889=PRODUCT('2026-09-18-14-01-17-879','EduBot_Ensamble',$,(#9888));
#9890=PRODUCT('2026-09-18-08-28-47-038','Base',$,(#9888));
#9891=PRODUCT('2026-09-18-13-25-46-046','Motor',$,(#9888));
#9892=PRODUCT('2026-09-18-10-49-58-739','Dentada',$,(#9888));
#9893=PRODUCT('2026-09-18-11-31-58-562','Rueda',$,(#9888));
#9894=PRODUCT('2026-09-18-12-43-58-825','Bloques',$,(#9888));
#9895=PRODUCT('2026-09-18-15-14-55-482','Bateria1',$,(#9888));
#9896=PRODUCT('2026-09-18-15-58-49-721','Inversor',$,(#9888));
#9897=PRODUCT('2026-09-18-15-19-40-198','Raspberry',$,(#9888));
#9898=PRODUCT('2026-09-18-16-03-10-789','Columna',$,(#9888));
#9899=PRODUCT('2026-09-18-07-12-26-738','Lamina',$,(#9888));
#9900=PRODUCT('2026-09-18-11-44-51-947','YLIDAR',$,(#9888));
#9901=PRODUCT('2026-09-18-16-56-57-562','oruga',$,(#9888));
#9902=PRESENTATION_STYLE_ASSIGNMENT((#9917));
#9903=PRESENTATION_STYLE_ASSIGNMENT((#9918));
#9904=PRESENTATION_STYLE_ASSIGNMENT((#9919));
#9905=PRESENTATION_STYLE_ASSIGNMENT((#9920));
#9906=PRESENTATION_STYLE_ASSIGNMENT((#9921));
#9907=PRESENTATION_STYLE_ASSIGNMENT((#9922));
#9908=PRESENTATION_STYLE_ASSIGNMENT((#9923));
#9909=PRESENTATION_STYLE_ASSIGNMENT((#9924));
#9910=PRESENTATION_STYLE_ASSIGNMENT((#9925));
#9911=PRESENTATION_STYLE_ASSIGNMENT((#9926));
#9912=PRESENTATION_STYLE_ASSIGNMENT((#9927));
#9913=PRESENTATION_STYLE_ASSIGNMENT((#9928));
#9914=PRESENTATION_STYLE_ASSIGNMENT((#9929));
#9915=PRESENTATION_STYLE_ASSIGNMENT((#9930));
#9916=PRESENTATION_STYLE_ASSIGNMENT((NULL_STYLE(.NULL.)));
#9917=SURFACE_STYLE_USAGE(.BOTH.,#9931);
#9918=SURFACE_STYLE_USAGE(.BOTH.,#9932);
#9919=SURFACE_STYLE_USAGE(.BOTH.,#9933);
#9920=SURFACE_STYLE_USAGE(.BOTH.,#9934);
#9921=SURFACE_STYLE_USAGE(.BOTH.,#9935);
#9922=SURFACE_STYLE_USAGE(.BOTH.,#9936);
#9923=SURFACE_STYLE_USAGE(.BOTH.,#9937);
#9924=SURFACE_STYLE_USAGE(.BOTH.,#9938);
#9925=SURFACE_STYLE_USAGE(.BOTH.,#9939);
#9926=SURFACE_STYLE_USAGE(.BOTH.,#9940);
#9927=SURFACE_STYLE_USAGE(.BOTH.,#9941);
#9928=SURFACE_STYLE_USAGE(.BOTH.,#9942);
#9929=SURFACE_STYLE_USAGE(.BOTH.,#9943);
#9930=SURFACE_STYLE_USAGE(.BOTH.,#9944);
#9931=SURFACE_SIDE_STYLE('',(#9945));
#9932=SURFACE_SIDE_STYLE('',(#9946));
#9933=SURFACE_SIDE_STYLE('',(#9947));
#9934=SURFACE_SIDE_STYLE('',(#9948));
#9935=SURFACE_SIDE_STYLE('',(#9949));
#9936=SURFACE_SIDE_STYLE('',(#9950));
#9937=SURFACE_SIDE_STYLE('',(#9951));
#9938=SURFACE_SIDE_STYLE('',(#9952));
#9939=SURFACE_SIDE_STYLE('',(#9953));
#9940=SURFACE_SIDE_STYLE('',(#9954));
#9941=SURFACE_SIDE_STYLE('',(#9955));
#9942=SURFACE_SIDE_STYLE('',(#9956));
#9943=SURFACE_SIDE_STYLE('',(#9957));
#9944=SURFACE_SIDE_STYLE('',(#9958));
#9945=SURFACE_STYLE_FILL_AREA(#9959);
#9946=SURFACE_STYLE_FILL_AREA(#9960);
#9947=SURFACE_STYLE_FILL_AREA(#9961);
#9948=SURFACE_STYLE_FILL_AREA(#9962);
#9949=SURFACE_STYLE_FILL_AREA(#9963);
#9950=SURFACE_STYLE_FILL_AREA(#9964);
#9951=SURFACE_STYLE_FILL_AREA(#9965);
#9952=SURFACE_STYLE_FILL_AREA(#9966);
#9953=SURFACE_STYLE_FILL_AREA(#9967);
#9954=SURFACE_STYLE_FILL_AREA(#9968);
#9955=SURFACE_STYLE_FILL_AREA(#9969);
#9956=SURFACE_STYLE_FILL_AREA(#9970);
#9957=SURFACE_STYLE_FILL_AREA(#9971);
#9958=SURFACE_STYLE_FILL_AREA(#9972);
#9959=FILL_AREA_STYLE('Pintura - Esmaltado brillante (azul)',(#9973));
#9960=FILL_AREA_STYLE('Acero - Satinado',(#9974));
#9961=FILL_AREA_STYLE('Pl\X\E1stico - Mate (azul)',(#9975));
#9962=FILL_AREA_STYLE('Tough 2000 (con impresoras 3D Formlabs SLA)',(#9976));
#9963=FILL_AREA_STYLE('Aluminio - Pulido',(#9977));
#9964=FILL_AREA_STYLE(
'EPX 150 - Horneado al aire (con impresoras 3D de carbono M2 M3 L1)',(#9978));
#9965=FILL_AREA_STYLE(
'PEKK (poli\X\E9ter-\X\E9ter-cetona) reforzado con fibras de carbono -
 HT-23 (con impresora 3D EOS P 810)',(#9979));
#9966=FILL_AREA_STYLE('Pintura - Esmaltado brillante (rojo)',(#9980));
#9967=FILL_AREA_STYLE('Pintura - Esmaltado brillante (negro)',(#9981));
#9968=FILL_AREA_STYLE('Pintura - Esmaltado brillante (gris)',(#9982));
#9969=FILL_AREA_STYLE('EPX 82 (con impresoras 3D de carbono M2 M3 L1)',
(#9983));
#9970=FILL_AREA_STYLE('Pintura - Esmaltado brillante (blanco)',(#9984));
#9971=FILL_AREA_STYLE('Pintura - Esmaltado brillante (gris oscuro)',(#9985));
#9972=FILL_AREA_STYLE('Caucho - Suave',(#9986));
#9973=FILL_AREA_STYLE_COLOUR('Pintura - Esmaltado brillante (azul)',#9987);
#9974=FILL_AREA_STYLE_COLOUR('Acero - Satinado',#9988);
#9975=FILL_AREA_STYLE_COLOUR('Pl\X\E1stico - Mate (azul)',#9989);
#9976=FILL_AREA_STYLE_COLOUR(
'Tough 2000 (con impresoras 3D Formlabs SLA)',#9990);
#9977=FILL_AREA_STYLE_COLOUR('Aluminio - Pulido',#9991);
#9978=FILL_AREA_STYLE_COLOUR(
'EPX 150 - Horneado al aire (con impresoras 3D de carbono M2 M3 L1)',#9992);
#9979=FILL_AREA_STYLE_COLOUR(
'PEKK (poli\X\E9ter-\X\E9ter-cetona) reforzado con fibras de carbono -
 HT-23 (con impresora 3D EOS P 810)',#9993);
#9980=FILL_AREA_STYLE_COLOUR('Pintura - Esmaltado brillante (rojo)',#9994);
#9981=FILL_AREA_STYLE_COLOUR('Pintura - Esmaltado brillante (negro)',#9995);
#9982=FILL_AREA_STYLE_COLOUR('Pintura - Esmaltado brillante (gris)',#9996);
#9983=FILL_AREA_STYLE_COLOUR(
'EPX 82 (con impresoras 3D de carbono M2 M3 L1)',#9997);
#9984=FILL_AREA_STYLE_COLOUR('Pintura - Esmaltado brillante (blanco)',#9998);
#9985=FILL_AREA_STYLE_COLOUR(
'Pintura - Esmaltado brillante (gris oscuro)',#9999);
#9986=FILL_AREA_STYLE_COLOUR('Caucho - Suave',#10000);
#9987=COLOUR_RGB('Pintura - Esmaltado brillante (azul)',0.188235294117647,
0.231372549019608,0.588235294117647);
#9988=COLOUR_RGB('Acero - Satinado',0.627450980392157,0.627450980392157,
0.627450980392157);
#9989=COLOUR_RGB('Pl\X\E1stico - Mate (azul)',0.188235294117647,0.231372549019608,
0.588235294117647);
#9990=COLOUR_RGB('Tough 2000 (con impresoras 3D Formlabs SLA)',0.247058823529412,
0.247058823529412,0.247058823529412);
#9991=COLOUR_RGB('Aluminio - Pulido',0.96078431372549,0.96078431372549,
0.964705882352941);
#9992=COLOUR_RGB(
'EPX 150 - Horneado al aire (con impresoras 3D de carbono M2 M3 L1)',0.247058823529412,
0.247058823529412,0.247058823529412);
#9993=COLOUR_RGB(
'PEKK (poli\X\E9ter-\X\E9ter-cetona) reforzado con fibras de carbono -
 HT-23 (con impresora 3D EOS P 810)',0.352941176470588,0.352941176470588,
0.352941176470588);
#9994=COLOUR_RGB('Pintura - Esmaltado brillante (rojo)',0.768627450980392,
0.207843137254902,0.152941176470588);
#9995=COLOUR_RGB('Pintura - Esmaltado brillante (negro)',0.0980392156862745,
0.0980392156862745,0.0980392156862745);
#9996=COLOUR_RGB('Pintura - Esmaltado brillante (gris)',0.701960784313725,
0.701960784313725,0.701960784313725);
#9997=COLOUR_RGB('EPX 82 (con impresoras 3D de carbono M2 M3 L1)',0.247058823529412,
0.247058823529412,0.247058823529412);
#9998=COLOUR_RGB('Pintura - Esmaltado brillante (blanco)',0.964705882352941,
0.964705882352941,0.952941176470588);
#9999=COLOUR_RGB('Pintura - Esmaltado brillante (gris oscuro)',0.349019607843137,
0.349019607843137,0.349019607843137);
#10000=COLOUR_RGB('Caucho - Suave',0.152941176470588,0.152941176470588,
0.152941176470588);
ENDSEC;
END-ISO-10303-21;
